Time,Lat,Lon,Temp[°C],Press[mbar],DP[°C],Hum[%],HDX[°C],Speed[km/h],Alt[m]
2023-09-06 19:05:00+02:00,41.3743466,2.1217642,25.7,1014,19.2,67,33.4,0,52
2023-09-06 19:05:06+02:00,41.3743469,2.1217637,25.6,1014,19.1,67,33.3,0,51
2023-09-06 19:05:09+02:00,41.3743467,2.1217642,25.6,1014,19.1,67,33.3,0,52
2023-09-06 19:05:15+02:00,41.374339,2.1217859,25.7,1014,19.1,67,33.3,2,51
2023-09-06 19:05:18+02:00,41.3743273,2.1218197,25.7,1014,19.1,67,33.3,1,51
2023-09-06 19:05:24+02:00,41.3742992,2.1218335,25.7,1014,19.1,67,33.3,1,50
2023-09-06 19:05:27+02:00,41.3743007,2.1218479,25.7,1014,19.1,67,33.3,1,51
2023-09-06 19:05:33+02:00,41.3743264,2.121863,25.7,1014,19.1,66,33.3,1,51
2023-09-06 19:05:39+02:00,41.3743325,2.1218614,25.7,1014,19.1,66,33.4,0,52
2023-09-06 19:05:42+02:00,41.3743327,2.1218612,25.7,1014,19.1,66,33.4,0,51
2023-09-06 19:05:48+02:00,41.3743327,2.1218613,25.7,1014,19.1,66,33.3,0,51
2023-09-06 19:05:54+02:00,41.3743348,2.1218606,25.7,1014,19.0,66,33.2,0,51
2023-09-06 19:05:57+02:00,41.3743358,2.121861,25.7,1014,19.0,66,33.2,0,51
2023-09-06 19:06:00+02:00,41.3743372,2.121861,25.6,1014,18.9,66,33.1,0,51
2023-09-06 19:06:03+02:00,41.374338,2.1218601,25.6,1014,19.0,66,33.1,0,51
2023-09-06 19:06:09+02:00,41.3743381,2.1218584,25.7,1014,19.0,66,33.2,0,50
2023-09-06 19:06:12+02:00,41.3743315,2.121862,25.6,1014,19.0,66,33.2,0,51
2023-09-06 19:06:18+02:00,41.3743178,2.121864,25.7,1014,19.1,66,33.3,0,51
2023-09-06 19:06:21+02:00,41.3743183,2.1218632,25.6,1014,19.0,66,33.2,0,51
2023-09-06 19:06:24+02:00,41.3743224,2.1218613,25.6,1014,19.0,66,33.1,0,51
2023-09-06 19:06:27+02:00,41.3743266,2.1218639,25.6,1014,19.0,66,33.1,0,50
2023-09-06 19:06:33+02:00,41.3743313,2.1218743,25.6,1014,18.9,66,33.0,0,51
2023-09-06 19:06:39+02:00,41.3743295,2.121858,25.6,1014,19.0,67,33.1,2,51
2023-09-06 19:06:45+02:00,41.3743336,2.1218461,25.6,1014,19.1,67,33.2,1,50
2023-09-06 19:06:51+02:00,41.374347,2.1218669,25.6,1014,19.2,67,33.2,0,51
2023-09-06 19:06:54+02:00,41.3743451,2.1218686,25.6,1014,19.2,67,33.3,0,51
2023-09-06 19:06:57+02:00,41.3743435,2.1218655,25.6,1014,19.2,67,33.3,0,51
2023-09-06 19:07:03+02:00,41.3743536,2.1218662,25.6,1014,19.2,67,33.3,0,51
2023-09-06 19:07:09+02:00,41.374359,2.1218681,25.6,1014,19.2,67,33.3,0,50
2023-09-06 19:07:12+02:00,41.3743602,2.1218676,25.6,1014,19.2,67,33.3,0,51
2023-09-06 19:07:18+02:00,41.3743584,2.1218671,25.6,1014,19.2,67,33.2,0,50
2023-09-06 19:07:24+02:00,41.3743581,2.1218669,25.6,1014,19.2,67,33.2,0,51
2023-09-06 19:07:30+02:00,41.3743531,2.1218747,25.6,1014,19.2,67,33.3,2,51
2023-09-06 19:07:33+02:00,41.3743583,2.1219043,25.6,1014,19.2,67,33.3,1,51
2023-09-06 19:07:36+02:00,41.3743483,2.1219196,25.6,1014,19.1,67,33.2,1,51
2023-09-06 19:07:42+02:00,41.3743048,2.121962,25.5,1014,19.1,67,33.1,2,50
2023-09-06 19:07:48+02:00,41.3742841,2.1220045,25.6,1014,19.1,67,33.2,2,51
2023-09-06 19:07:54+02:00,41.3742572,2.1220208,25.5,1014,19.1,67,33.1,1,50
2023-09-06 19:08:00+02:00,41.3742382,2.1220552,25.5,1014,19.1,67,33.2,2,51
2023-09-06 19:08:06+02:00,41.3742357,2.1221094,25.5,1014,19.2,68,33.2,2,50
2023-09-06 19:08:12+02:00,41.3742247,2.1221685,25.5,1014,19.2,67,33.2,2,50
2023-09-06 19:08:18+02:00,41.3742084,2.1222054,25.5,1014,19.1,67,33.1,2,50
2023-09-06 19:08:24+02:00,41.3741921,2.1222323,25.5,1014,19.1,67,33.1,2,50
2023-09-06 19:08:30+02:00,41.3741852,2.1222963,25.5,1014,19.0,67,33.0,2,50
2023-09-06 19:08:36+02:00,41.3741848,2.1223506,25.5,1014,19.1,67,33.1,2,50
2023-09-06 19:08:39+02:00,41.3741868,2.1223688,25.5,1014,19.1,67,33.1,2,50
2023-09-06 19:08:42+02:00,41.374198,2.1223933,25.5,1014,19.1,67,33.1,2,49
2023-09-06 19:08:45+02:00,41.3742125,2.1224164,25.5,1014,19.1,67,33.2,2,50
2023-09-06 19:08:51+02:00,41.3742365,2.1224506,25.5,1014,19.1,67,33.1,2,49
2023-09-06 19:08:54+02:00,41.3742507,2.12247,25.5,1014,19.1,67,33.1,2,50
2023-09-06 19:08:57+02:00,41.3742646,2.1224893,25.5,1014,19.1,67,33.1,2,50
2023-09-06 19:09:03+02:00,41.3743016,2.1225273,25.6,1014,19.0,67,33.1,2,49
2023-09-06 19:09:09+02:00,41.3743409,2.1225655,25.7,1014,19.1,66,33.2,2,49
2023-09-06 19:09:12+02:00,41.3743615,2.1225885,25.6,1014,19.0,66,33.2,2,50
2023-09-06 19:09:18+02:00,41.3743944,2.122636,25.6,1014,19.0,66,33.1,2,49
2023-09-06 19:09:21+02:00,41.3744,2.1226607,25.6,1014,19.0,66,33.2,2,50
2023-09-06 19:09:24+02:00,41.3744034,2.1226841,25.7,1014,19.0,66,33.2,2,49
2023-09-06 19:09:30+02:00,41.3744088,2.1227274,25.6,1014,19.0,66,33.2,2,48
2023-09-06 19:09:33+02:00,41.3744145,2.1227457,25.7,1014,19.0,66,33.2,2,49
2023-09-06 19:09:36+02:00,41.3744223,2.1227638,25.6,1014,18.9,66,33.1,2,49
2023-09-06 19:09:42+02:00,41.3744436,2.1228073,25.6,1014,18.9,66,33.1,2,49
2023-09-06 19:09:45+02:00,41.3744549,2.1228276,25.6,1014,18.9,66,33.0,2,49
2023-09-06 19:09:51+02:00,41.3744706,2.1228587,25.6,1014,19.0,66,33.1,2,49
2023-09-06 19:09:57+02:00,41.3744956,2.1228811,25.6,1014,19.0,67,33.2,2,49
2023-09-06 19:10:00+02:00,41.3745067,2.1228996,25.6,1014,19.1,67,33.2,2,49
2023-09-06 19:10:06+02:00,41.3745287,2.1229528,25.7,1014,19.1,66,33.3,2,49
2023-09-06 19:10:12+02:00,41.3745589,2.1229908,25.8,1014,19.1,66,33.4,2,49
2023-09-06 19:10:18+02:00,41.3745995,2.123029,25.9,1014,19.1,66,33.5,2,48
2023-09-06 19:10:24+02:00,41.3746311,2.1230955,25.9,1014,19.1,66,33.5,2,48
2023-09-06 19:10:27+02:00,41.3746473,2.1231255,26.0,1014,19.1,66,33.7,2,49
2023-09-06 19:10:33+02:00,41.3746684,2.1231882,26.0,1014,19.1,65,33.6,2,48
2023-09-06 19:10:36+02:00,41.3746773,2.123225,26.0,1014,19.1,65,33.6,2,48
2023-09-06 19:10:42+02:00,41.3746888,2.1232922,26.0,1014,19.0,65,33.6,2,48
2023-09-06 19:10:45+02:00,41.3746919,2.1233136,26.0,1014,19.1,65,33.7,2,49
2023-09-06 19:10:51+02:00,41.3747167,2.1233153,26.0,1014,19.2,65,33.7,2,47
2023-09-06 19:10:57+02:00,41.3747385,2.1232999,26.0,1014,19.1,65,33.6,2,48
2023-09-06 19:11:03+02:00,41.3747931,2.1232606,26.0,1014,19.1,65,33.6,1,49
2023-09-06 19:11:09+02:00,41.3748359,2.1232303,26.0,1014,19.0,65,33.5,1,49
2023-09-06 19:11:15+02:00,41.3748396,2.1231828,25.9,1014,19.0,65,33.5,1,49
2023-09-06 19:11:18+02:00,41.3748422,2.123157,26.0,1014,19.1,65,33.7,1,49
2023-09-06 19:11:21+02:00,41.3748405,2.123135,26.0,1014,19.1,65,33.6,1,49
2023-09-06 19:11:24+02:00,41.3748364,2.1231229,26.0,1014,19.1,65,33.6,1,48
2023-09-06 19:11:30+02:00,41.3748448,2.1230857,26.0,1014,19.1,65,33.6,1,49
2023-09-06 19:11:33+02:00,41.3748529,2.1230653,26.0,1014,19.1,65,33.6,1,48
2023-09-06 19:11:36+02:00,41.3748639,2.1230426,26.0,1014,19.0,65,33.6,1,49
2023-09-06 19:11:42+02:00,41.3748878,2.1229804,26.1,1014,19.1,65,33.7,1,49
2023-09-06 19:11:45+02:00,41.3749061,2.1229437,26.1,1014,19.1,65,33.8,2,50
2023-09-06 19:11:48+02:00,41.3749253,2.1229114,26.0,1014,19.1,65,33.7,2,49
2023-09-06 19:11:54+02:00,41.3749547,2.1228547,26.0,1014,19.1,65,33.7,2,49
2023-09-06 19:12:00+02:00,41.374988,2.1227972,26.1,1014,19.1,65,33.7,2,50
2023-09-06 19:12:06+02:00,41.3750157,2.1227443,26.1,1014,19.1,65,33.8,2,49
2023-09-06 19:12:12+02:00,41.3750587,2.1226902,26.1,1014,19.1,65,33.8,2,49
2023-09-06 19:12:15+02:00,41.3750825,2.1226739,26.1,1014,19.1,65,33.7,2,50
2023-09-06 19:12:18+02:00,41.3751052,2.1226475,26.1,1014,19.1,65,33.7,2,50
2023-09-06 19:12:24+02:00,41.3751547,2.122585,26.0,1014,19.0,65,33.6,3,49
2023-09-06 19:12:30+02:00,41.3751937,2.1225303,26.1,1014,19.0,65,33.7,3,50
2023-09-06 19:12:33+02:00,41.3752086,2.1224978,26.1,1014,19.1,65,33.8,3,50
2023-09-06 19:12:39+02:00,41.3752212,2.1224337,26.1,1014,19.1,65,33.7,2,50
2023-09-06 19:12:42+02:00,41.3752363,2.1223996,26.0,1014,19.0,65,33.6,2,50
2023-09-06 19:12:48+02:00,41.3752586,2.1223474,26.0,1014,19.0,65,33.6,2,50
2023-09-06 19:12:54+02:00,41.3752714,2.1223187,26.0,1014,18.9,65,33.5,2,50
2023-09-06 19:12:57+02:00,41.3752809,2.122295,26.0,1014,18.9,65,33.5,2,50
2023-09-06 19:13:03+02:00,41.3752921,2.1222537,26.0,1014,19.0,65,33.5,2,51
2023-09-06 19:13:06+02:00,41.3752964,2.1222409,26.0,1014,19.0,65,33.6,2,51
2023-09-06 19:13:12+02:00,41.3753076,2.1221978,26.0,1014,19.0,65,33.5,2,51
2023-09-06 19:13:15+02:00,41.3753046,2.1221768,25.9,1014,18.9,65,33.4,2,51
2023-09-06 19:13:21+02:00,41.3752995,2.1221585,25.9,1014,18.9,65,33.4,2,51
2023-09-06 19:13:27+02:00,41.3753079,2.1221341,25.9,1014,18.9,65,33.4,2,51
2023-09-06 19:13:33+02:00,41.3753426,2.1220903,25.9,1014,18.9,65,33.4,2,51
2023-09-06 19:13:36+02:00,41.3753558,2.1220683,25.9,1014,18.9,65,33.4,2,52
2023-09-06 19:13:42+02:00,41.3753572,2.1220218,25.9,1014,18.9,65,33.4,2,52
2023-09-06 19:13:48+02:00,41.3753771,2.1219614,25.9,1014,18.9,65,33.4,2,52
2023-09-06 19:13:51+02:00,41.3753955,2.1219276,26.0,1013,19.0,65,33.6,2,52
2023-09-06 19:13:54+02:00,41.3754163,2.1218922,25.9,1013,19.0,65,33.5,2,52
2023-09-06 19:14:00+02:00,41.3754288,2.1218676,25.9,1013,19.0,65,33.5,2,53
2023-09-06 19:14:06+02:00,41.3754386,2.1218495,26.0,1013,19.0,65,33.5,2,52
2023-09-06 19:14:09+02:00,41.3754451,2.1218428,25.9,1013,19.0,65,33.5,2,53
2023-09-06 19:14:15+02:00,41.3755019,2.1217792,25.9,1013,19.0,65,33.5,2,53
2023-09-06 19:14:21+02:00,41.3755436,2.1216916,25.9,1013,19.0,65,33.4,2,52
2023-09-06 19:14:27+02:00,41.3755707,2.1216465,25.9,1013,19.0,65,33.5,2,53
2023-09-06 19:14:30+02:00,41.3755897,2.1216272,25.9,1013,19.0,65,33.5,2,53
2023-09-06 19:14:36+02:00,41.3756389,2.1215872,25.9,1013,18.9,65,33.4,3,53
2023-09-06 19:14:42+02:00,41.3756999,2.1215422,25.9,1013,18.9,65,33.4,3,53
2023-09-06 19:14:45+02:00,41.3757259,2.1215201,25.9,1013,19.0,65,33.4,3,53
2023-09-06 19:14:48+02:00,41.3757553,2.1215006,25.9,1013,19.0,65,33.5,3,53
2023-09-06 19:14:51+02:00,41.3757886,2.1214983,25.9,1013,18.9,65,33.4,3,54
2023-09-06 19:14:57+02:00,41.3758408,2.1215022,25.9,1013,18.9,65,33.4,3,54
2023-09-06 19:15:00+02:00,41.3758566,2.1214914,25.9,1013,18.8,65,33.3,2,53
2023-09-06 19:15:06+02:00,41.3758888,2.1214865,25.9,1013,18.7,64,33.3,2,53
2023-09-06 19:15:12+02:00,41.3759408,2.1214838,25.8,1013,18.5,64,33.0,2,53
2023-09-06 19:15:18+02:00,41.3759935,2.121497,25.8,1013,18.6,64,33.0,2,53
2023-09-06 19:15:24+02:00,41.3760137,2.1215184,25.9,1013,18.6,64,33.1,2,53
2023-09-06 19:15:30+02:00,41.3760154,2.1215346,25.8,1013,18.6,64,33.0,2,53
2023-09-06 19:15:33+02:00,41.3760064,2.1215368,25.9,1013,18.7,64,33.2,0,53
2023-09-06 19:15:39+02:00,41.3759969,2.1215451,25.8,1013,18.7,64,33.1,0,53
2023-09-06 19:15:45+02:00,41.3759987,2.1215482,25.8,1013,18.7,64,33.1,0,53
2023-09-06 19:15:51+02:00,41.375999,2.1215481,25.8,1013,18.7,64,33.1,0,53
2023-09-06 19:15:57+02:00,41.3759989,2.1215481,25.8,1013,18.7,64,33.2,0,53
2023-09-06 19:16:00+02:00,41.3759988,2.121548,25.8,1013,18.8,65,33.2,0,54
2023-09-06 19:16:03+02:00,41.3759988,2.1215479,25.8,1013,18.8,65,33.3,0,53
2023-09-06 19:16:09+02:00,41.375999,2.1215432,25.8,1013,18.9,65,33.3,0,53
2023-09-06 19:16:15+02:00,41.3759831,2.1215177,25.8,1013,18.9,65,33.3,0,53
2023-09-06 19:16:21+02:00,41.3759893,2.1215195,25.8,1013,18.9,65,33.3,0,54
2023-09-06 19:16:27+02:00,41.3759918,2.1215091,25.8,1013,19.0,65,33.4,0,54
2023-09-06 19:16:30+02:00,41.3759934,2.1214976,25.8,1013,18.9,65,33.3,0,53
2023-09-06 19:16:36+02:00,41.3760009,2.1214956,25.8,1013,18.9,65,33.4,0,54
2023-09-06 19:16:39+02:00,41.3760033,2.1214994,25.8,1013,18.8,65,33.2,0,54
2023-09-06 19:16:42+02:00,41.3760079,2.1215057,25.8,1013,18.9,65,33.3,0,53
2023-09-06 19:16:45+02:00,41.3760108,2.1215125,25.8,1013,18.9,65,33.3,0,54
2023-09-06 19:16:48+02:00,41.3760013,2.1215181,25.8,1013,18.8,65,33.2,0,53
2023-09-06 19:16:51+02:00,41.3759967,2.1215343,25.8,1013,18.7,65,33.1,0,54
2023-09-06 19:16:57+02:00,41.376005,2.1215694,25.8,1013,18.7,64,33.1,1,54
2023-09-06 19:17:03+02:00,41.3760428,2.1215649,25.8,1013,18.6,64,33.1,2,54
2023-09-06 19:17:09+02:00,41.3760528,2.1215644,25.8,1013,18.7,64,33.1,0,54
2023-09-06 19:17:15+02:00,41.376058,2.121572,25.8,1013,18.8,65,33.2,1,54
2023-09-06 19:17:18+02:00,41.3760539,2.1215837,25.8,1013,18.8,65,33.2,1,53
2023-09-06 19:17:24+02:00,41.376055,2.1215842,25.8,1013,18.8,65,33.1,0,53
2023-09-06 19:17:27+02:00,41.3760535,2.1215833,25.7,1013,18.8,65,33.1,0,54
2023-09-06 19:17:33+02:00,41.3761039,2.1215708,25.8,1013,18.8,65,33.2,2,54
2023-09-06 19:17:36+02:00,41.3761132,2.1215382,25.8,1013,18.8,65,33.2,4,54
2023-09-06 19:17:42+02:00,41.3761101,2.1214805,25.8,1013,18.8,65,33.2,2,54
2023-09-06 19:17:48+02:00,41.3761392,2.1214716,25.7,1013,18.8,65,33.0,5,54
2023-09-06 19:17:54+02:00,41.3761689,2.1214688,25.7,1013,18.8,65,33.1,2,53
2023-09-06 19:17:57+02:00,41.3761948,2.1214815,25.8,1013,18.8,65,33.2,3,54
2023-09-06 19:18:00+02:00,41.3762273,2.1214595,25.7,1013,18.7,65,33.1,3,54
2023-09-06 19:18:03+02:00,41.3762508,2.1214439,25.8,1013,18.7,64,33.0,3,54
2023-09-06 19:18:09+02:00,41.3762805,2.121423,25.7,1013,18.6,64,33.0,2,53
2023-09-06 19:18:12+02:00,41.3762789,2.1214128,25.7,1013,18.7,65,33.0,1,54
2023-09-06 19:18:15+02:00,41.3762919,2.1214076,25.7,1013,18.7,65,33.0,2,54
2023-09-06 19:18:18+02:00,41.3763222,2.1214067,25.8,1013,18.7,65,33.1,2,54
2023-09-06 19:18:24+02:00,41.3763806,2.1214032,25.7,1013,18.7,65,33.0,2,54
2023-09-06 19:18:27+02:00,41.3763995,2.121399,25.7,1013,18.7,65,33.0,2,55
2023-09-06 19:18:33+02:00,41.3764504,2.1213964,25.7,1013,18.7,65,33.0,2,55
2023-09-06 19:18:36+02:00,41.3764732,2.1214021,25.7,1013,18.7,65,33.0,2,55
2023-09-06 19:18:42+02:00,41.3765142,2.1213743,25.7,1013,18.7,65,33.0,2,55
2023-09-06 19:18:45+02:00,41.3765309,2.1213668,25.7,1013,18.8,65,33.1,2,54
2023-09-06 19:18:51+02:00,41.3765935,2.1214036,25.7,1013,18.7,65,33.1,2,55
2023-09-06 19:18:54+02:00,41.3766174,2.1214462,25.7,1013,18.7,65,33.0,2,55
2023-09-06 19:18:57+02:00,41.3766447,2.1214786,25.7,1013,18.7,65,33.0,2,55
2023-09-06 19:19:00+02:00,41.3766788,2.1215033,25.7,1013,18.7,65,33.0,3,55
2023-09-06 19:19:06+02:00,41.3767288,2.1215372,25.8,1013,18.9,65,33.3,3,55
2023-09-06 19:19:09+02:00,41.3767526,2.1215791,25.7,1013,18.8,65,33.1,3,55
2023-09-06 19:19:15+02:00,41.3767838,2.1216379,25.8,1013,18.9,65,33.2,2,54
2023-09-06 19:19:18+02:00,41.3768131,2.1216443,25.8,1013,18.8,65,33.2,3,55
2023-09-06 19:19:24+02:00,41.3768778,2.1216022,25.8,1013,18.9,65,33.2,2,54
2023-09-06 19:19:27+02:00,41.3768989,2.1215801,25.8,1013,19.0,66,33.3,2,55
2023-09-06 19:19:30+02:00,41.3769158,2.1215773,25.8,1013,19.2,67,33.5,2,54
2023-09-06 19:19:33+02:00,41.3769282,2.1215656,25.8,1013,19.1,66,33.4,2,55
2023-09-06 19:19:39+02:00,41.3769513,2.1215105,25.8,1013,18.8,65,33.2,2,55
2023-09-06 19:19:45+02:00,41.3769686,2.1214758,25.8,1013,18.8,65,33.2,2,55
2023-09-06 19:19:48+02:00,41.3769725,2.1214534,25.8,1013,18.8,65,33.2,1,55
2023-09-06 19:19:51+02:00,41.3769681,2.12142,25.8,1013,18.9,65,33.3,1,55
2023-09-06 19:19:57+02:00,41.3769422,2.1213523,25.8,1013,18.8,65,33.2,0,55
2023-09-06 19:20:03+02:00,41.3769214,2.1212976,25.7,1013,18.8,65,33.1,1,54
2023-09-06 19:20:06+02:00,41.37691,2.1212564,25.8,1013,18.8,65,33.2,1,55
2023-09-06 19:20:12+02:00,41.3768728,2.1211766,25.8,1013,18.8,65,33.2,2,55
2023-09-06 19:20:18+02:00,41.376819,2.1210865,25.8,1013,18.8,65,33.2,2,55
2023-09-06 19:20:24+02:00,41.3767891,2.1209883,25.8,1013,18.9,65,33.2,3,56
2023-09-06 19:20:30+02:00,41.3767912,2.1209164,25.8,1013,18.8,65,33.1,2,55
2023-09-06 19:20:36+02:00,41.3767916,2.1208604,25.8,1013,18.8,65,33.1,2,56
2023-09-06 19:20:42+02:00,41.3767848,2.1207895,25.8,1013,18.8,65,33.2,2,55
2023-09-06 19:20:45+02:00,41.3767732,2.1207581,25.8,1013,18.8,65,33.2,2,56
2023-09-06 19:20:48+02:00,41.3767542,2.1207292,25.8,1013,18.8,65,33.2,2,56
2023-09-06 19:20:54+02:00,41.3767111,2.1206805,25.9,1013,18.8,65,33.3,2,56
2023-09-06 19:20:57+02:00,41.376696,2.1206642,25.9,1013,18.9,65,33.3,2,55
2023-09-06 19:21:00+02:00,41.3766867,2.1206487,25.9,1013,18.8,65,33.3,2,56
2023-09-06 19:21:06+02:00,41.3766773,2.120613,25.9,1013,18.8,65,33.3,2,57
2023-09-06 19:21:09+02:00,41.3766648,2.1205831,25.9,1013,18.9,65,33.4,2,56
2023-09-06 19:21:15+02:00,41.3766371,2.1205126,25.9,1013,18.9,65,33.4,2,56
2023-09-06 19:21:21+02:00,41.3765953,2.1204266,25.9,1013,18.9,65,33.4,3,56
2023-09-06 19:21:24+02:00,41.3765714,2.120384,25.9,1013,18.9,65,33.4,3,56
2023-09-06 19:21:30+02:00,41.3765246,2.1202863,25.9,1013,18.9,65,33.4,3,56
2023-09-06 19:21:36+02:00,41.3764847,2.1202089,25.9,1013,18.9,65,33.4,3,56
2023-09-06 19:21:39+02:00,41.3764686,2.1201833,25.9,1013,18.9,65,33.5,3,56
2023-09-06 19:21:42+02:00,41.3764594,2.1201665,26.0,1013,19.0,65,33.6,3,57
2023-09-06 19:21:45+02:00,41.3764603,2.1201469,26.0,1013,19.0,65,33.6,2,56
2023-09-06 19:21:51+02:00,41.3764781,2.1201047,26.0,1013,19.0,65,33.6,2,57
2023-09-06 19:21:57+02:00,41.3765098,2.1200531,26.0,1013,19.1,65,33.6,2,57
2023-09-06 19:22:00+02:00,41.3765267,2.120033,26.0,1013,19.1,65,33.6,2,56
2023-09-06 19:22:03+02:00,41.3765389,2.1200233,26.0,1013,19.1,65,33.7,1,57
2023-09-06 19:22:09+02:00,41.3765657,2.1199991,26.0,1013,19.1,65,33.7,1,57
2023-09-06 19:22:15+02:00,41.3766163,2.1199614,26.0,1013,19.1,65,33.6,2,57
2023-09-06 19:22:18+02:00,41.3766556,2.1199336,26.0,1013,19.0,65,33.5,2,56
2023-09-06 19:22:21+02:00,41.3767091,2.1199039,26.0,1013,19.1,65,33.6,3,57
2023-09-06 19:22:24+02:00,41.376728,2.1198485,26.0,1013,19.0,65,33.6,3,57
2023-09-06 19:22:27+02:00,41.3767512,2.1197952,25.9,1013,19.0,65,33.5,3,57
2023-09-06 19:22:30+02:00,41.3767961,2.1197539,26.0,1013,18.8,64,33.4,4,56
2023-09-06 19:22:33+02:00,41.3768506,2.119753,26.0,1013,18.9,65,33.4,4,57
2023-09-06 19:22:36+02:00,41.3769042,2.1197346,25.9,1013,18.9,65,33.4,4,57
2023-09-06 19:22:42+02:00,41.3769439,2.1197292,26.0,1013,19.1,65,33.7,3,58
2023-09-06 19:22:48+02:00,41.3769363,2.1197004,26.0,1013,19.1,66,33.7,1,57
2023-09-06 19:22:54+02:00,41.3769423,2.119678,26.0,1013,19.0,65,33.5,1,58
2023-09-06 19:23:00+02:00,41.3769416,2.1196536,25.9,1013,19.0,65,33.5,1,58
2023-09-06 19:23:03+02:00,41.3769429,2.1196284,26.0,1013,19.0,65,33.6,1,58
2023-09-06 19:23:09+02:00,41.3769309,2.1195748,26.0,1013,19.0,65,33.5,1,59
2023-09-06 19:23:12+02:00,41.3769099,2.1195501,26.0,1013,19.0,65,33.5,1,58
2023-09-06 19:23:15+02:00,41.3768926,2.1195191,26.0,1013,19.0,65,33.6,1,58
2023-09-06 19:23:21+02:00,41.3768534,2.1194454,26.0,1013,19.0,65,33.5,2,59
2023-09-06 19:23:27+02:00,41.3768005,2.119366,26.0,1013,19.0,65,33.6,2,59
2023-09-06 19:23:30+02:00,41.3767622,2.1193168,26.0,1013,19.0,65,33.6,2,59
2023-09-06 19:23:33+02:00,41.3767244,2.1192497,26.0,1013,19.0,65,33.5,3,59
2023-09-06 19:23:36+02:00,41.3766875,2.1192137,26.0,1013,19.0,65,33.7,2,59
2023-09-06 19:23:39+02:00,41.3766598,2.1191646,26.0,1013,19.0,65,33.6,2,59
2023-09-06 19:23:45+02:00,41.376623,2.1190804,26.0,1013,19.0,65,33.6,2,59
2023-09-06 19:23:48+02:00,41.3766026,2.1190493,26.0,1013,19.0,65,33.6,2,59
2023-09-06 19:23:57+02:00,41.3765349,2.1189703,26.0,1013,19.0,65,33.6,2,60
2023-09-06 19:24:00+02:00,41.3765108,2.1189535,26.0,1013,19.0,65,33.6,2,60
2023-09-06 19:24:06+02:00,41.3764836,2.1189252,26.0,1013,18.9,65,33.5,2,60
2023-09-06 19:24:09+02:00,41.3764697,2.1189008,26.0,1013,18.9,65,33.5,3,60
2023-09-06 19:24:15+02:00,41.3764405,2.1188746,26.0,1013,19.0,65,33.5,2,60
2023-09-06 19:24:18+02:00,41.3764339,2.1188689,26.0,1013,19.0,65,33.6,2,60
2023-09-06 19:24:21+02:00,41.3764344,2.118866,26.0,1013,19.1,65,33.6,2,60
2023-09-06 19:24:27+02:00,41.376425,2.1188246,26.0,1013,19.1,65,33.7,2,60
2023-09-06 19:24:33+02:00,41.3763959,2.118756,26.1,1012,19.0,65,33.6,2,61
2023-09-06 19:24:36+02:00,41.3763753,2.1187179,26.1,1013,19.1,65,33.8,2,60
2023-09-06 19:24:39+02:00,41.3763467,2.1186733,26.1,1013,19.1,65,33.7,3,60
2023-09-06 19:24:42+02:00,41.3763162,2.1186329,26.1,1012,19.1,65,33.8,3,61
2023-09-06 19:24:48+02:00,41.3762672,2.1185577,26.2,1012,19.1,65,33.8,3,61
2023-09-06 19:24:51+02:00,41.3762453,2.1185293,26.2,1012,19.1,65,33.9,3,61
2023-09-06 19:24:54+02:00,41.3762151,2.1185213,26.1,1012,19.1,65,33.8,3,61
2023-09-06 19:25:00+02:00,41.376137,2.1185676,26.1,1012,19.1,65,33.8,2,61
2023-09-06 19:25:03+02:00,41.3761095,2.1185944,26.1,1012,19.2,65,33.8,2,61
2023-09-06 19:25:09+02:00,41.3760492,2.1186031,26.1,1012,19.2,65,33.9,3,61
2023-09-06 19:25:15+02:00,41.3759798,2.1185903,26.1,1012,19.2,65,33.9,3,61
2023-09-06 19:25:21+02:00,41.3759539,2.1185823,26.1,1012,19.1,65,33.9,3,61
2023-09-06 19:25:24+02:00,41.3759563,2.1185783,26.1,1012,19.1,65,33.8,3,61
2023-09-06 19:25:30+02:00,41.3759607,2.1185747,26.1,1012,19.1,65,33.7,2,61
2023-09-06 19:25:36+02:00,41.3759639,2.1185739,26.0,1012,19.1,65,33.7,1,61
2023-09-06 19:25:42+02:00,41.3759639,2.1185736,26.0,1012,19.1,65,33.7,1,61
2023-09-06 19:25:45+02:00,41.375965,2.1185739,26.0,1012,19.2,65,33.7,1,62
2023-09-06 19:25:51+02:00,41.3759777,2.1185777,26.0,1012,19.1,65,33.7,0,61
2023-09-06 19:25:54+02:00,41.3759787,2.118578,26.0,1012,19.1,65,33.7,0,61
2023-09-06 19:26:00+02:00,41.3759786,2.1185781,26.0,1012,19.1,65,33.7,0,61
2023-09-06 19:26:06+02:00,41.3759787,2.1185783,26.0,1012,19.0,65,33.6,0,61
2023-09-06 19:26:12+02:00,41.3759789,2.118579,26.0,1012,19.0,65,33.5,0,61
2023-09-06 19:26:18+02:00,41.375979,2.1185793,25.9,1012,19.0,65,33.5,0,61
2023-09-06 19:26:24+02:00,41.3759791,2.1185794,26.0,1012,19.0,65,33.6,0,61
2023-09-06 19:26:27+02:00,41.3759792,2.1185795,26.0,1012,19.1,65,33.6,0,61
2023-09-06 19:26:33+02:00,41.3759792,2.1185795,26.0,1012,19.1,65,33.6,0,61
2023-09-06 19:26:36+02:00,41.3759794,2.1185793,26.0,1012,19.1,65,33.6,0,61
2023-09-06 19:26:42+02:00,41.3759672,2.1185653,25.9,1012,19.0,65,33.5,1,61
2023-09-06 19:26:45+02:00,41.3759599,2.1185535,25.9,1012,19.1,65,33.6,1,61
2023-09-06 19:26:51+02:00,41.3759398,2.1185279,26.0,1012,18.9,65,33.5,2,61
2023-09-06 19:26:57+02:00,41.3759159,2.1184892,26.0,1012,18.9,65,33.5,2,61
2023-09-06 19:27:00+02:00,41.375911,2.1184669,26.1,1012,19.0,65,33.6,1,61
2023-09-06 19:27:06+02:00,41.3759097,2.1184307,26.0,1012,19.0,65,33.6,2,61
2023-09-06 19:27:12+02:00,41.3759007,2.1183718,26.0,1012,18.9,65,33.5,3,61
2023-09-06 19:27:15+02:00,41.3759099,2.118325,26.0,1012,19.0,65,33.6,3,61
2023-09-06 19:27:18+02:00,41.3759151,2.118291,25.9,1012,18.9,65,33.4,2,62
2023-09-06 19:27:24+02:00,41.3759121,2.1182155,25.9,1012,18.8,64,33.4,3,62
2023-09-06 19:27:30+02:00,41.3758774,2.1181648,26.0,1012,18.9,64,33.5,2,62
2023-09-06 19:27:33+02:00,41.375862,2.1181401,26.0,1012,18.9,65,33.5,2,62
2023-09-06 19:27:36+02:00,41.3758406,2.1181103,26.0,1012,19.0,65,33.5,2,62
2023-09-06 19:27:42+02:00,41.3758098,2.118084,26.0,1012,18.9,65,33.5,1,62
2023-09-06 19:27:45+02:00,41.375811,2.118079,26.1,1012,19.0,65,33.6,1,62
2023-09-06 19:27:51+02:00,41.3758137,2.1180789,26.0,1012,19.0,65,33.6,1,62
2023-09-06 19:27:54+02:00,41.3758149,2.1180798,26.0,1012,18.9,65,33.5,1,62
2023-09-06 19:28:00+02:00,41.3758147,2.1180825,25.9,1012,18.9,65,33.4,0,62
2023-09-06 19:28:03+02:00,41.3758178,2.118082,25.9,1012,18.9,65,33.4,0,62
2023-09-06 19:28:09+02:00,41.3758226,2.1180784,25.9,1012,18.9,65,33.5,0,62
2023-09-06 19:28:12+02:00,41.3758241,2.1180779,26.0,1012,19.0,65,33.5,0,62
2023-09-06 19:28:15+02:00,41.375825,2.1180786,26.0,1012,19.0,65,33.5,0,62
2023-09-06 19:28:18+02:00,41.3758253,2.1180795,26.0,1012,19.0,65,33.5,0,62
2023-09-06 19:28:24+02:00,41.3758256,2.1180862,25.9,1012,19.0,65,33.5,0,62
2023-09-06 19:28:27+02:00,41.3758253,2.1180877,26.0,1012,19.1,65,33.6,0,62
2023-09-06 19:28:33+02:00,41.3758246,2.1180891,26.0,1012,19.0,65,33.6,0,62
2023-09-06 19:28:36+02:00,41.3758244,2.1180894,26.0,1012,19.0,65,33.5,0,62
2023-09-06 19:28:42+02:00,41.3758244,2.1180896,25.9,1012,18.9,65,33.5,0,62
2023-09-06 19:28:48+02:00,41.3758057,2.1180858,26.0,1012,19.0,65,33.6,3,62
2023-09-06 19:28:51+02:00,41.3757759,2.1180719,25.9,1012,18.9,65,33.4,2,62
2023-09-06 19:28:57+02:00,41.3757128,2.1180309,26.0,1012,19.0,65,33.5,4,62
2023-09-06 19:29:00+02:00,41.3756912,2.1180059,26.0,1012,19.1,65,33.7,3,62
2023-09-06 19:29:03+02:00,41.3756815,2.1179828,26.0,1012,19.1,65,33.6,2,62
2023-09-06 19:29:09+02:00,41.3756769,2.1179445,26.0,1012,18.9,65,33.5,2,62
2023-09-06 19:29:12+02:00,41.3756784,2.1179234,26.0,1012,18.9,64,33.5,1,62
2023-09-06 19:29:18+02:00,41.375679,2.1178725,26.0,1012,18.8,64,33.5,3,63
2023-09-06 19:29:21+02:00,41.3756689,2.1178366,26.0,1012,18.8,64,33.5,3,62
2023-09-06 19:29:27+02:00,41.3756565,2.117764,26.0,1012,18.8,64,33.5,3,63
2023-09-06 19:29:33+02:00,41.3756167,2.1177177,26.0,1012,18.8,64,33.4,3,63
2023-09-06 19:29:39+02:00,41.3755754,2.1176739,26.0,1012,18.7,64,33.4,3,64
2023-09-06 19:29:42+02:00,41.3755569,2.1176563,26.0,1012,18.7,64,33.3,3,63
2023-09-06 19:29:45+02:00,41.375541,2.1176408,26.0,1012,18.7,63,33.4,2,63
2023-09-06 19:29:48+02:00,41.3755324,2.1176275,26.0,1012,18.6,63,33.3,2,64
2023-09-06 19:29:54+02:00,41.3755325,2.1175964,26.0,1012,18.7,64,33.3,1,64
2023-09-06 19:29:57+02:00,41.3755385,2.1175768,26.0,1012,18.6,64,33.3,1,63
2023-09-06 19:30:00+02:00,41.37555,2.1175426,26.0,1012,18.6,63,33.3,1,63
2023-09-06 19:30:03+02:00,41.3755482,2.1175158,26.0,1012,18.6,63,33.2,2,64
2023-09-06 19:30:09+02:00,41.3755372,2.1175016,26.0,1012,18.7,64,33.3,1,64
2023-09-06 19:30:15+02:00,41.3755213,2.1174857,26.0,1012,18.7,64,33.3,1,64
2023-09-06 19:30:18+02:00,41.375507,2.1174622,26.0,1012,18.7,64,33.3,1,64
2023-09-06 19:30:21+02:00,41.3754914,2.1174443,26.0,1012,18.7,64,33.3,1,63
2023-09-06 19:30:27+02:00,41.3754646,2.1173973,26.0,1012,18.7,64,33.3,2,64
2023-09-06 19:30:33+02:00,41.3754407,2.1173336,25.9,1012,18.7,64,33.3,2,63
2023-09-06 19:30:36+02:00,41.3754331,2.1173273,25.9,1012,18.7,64,33.2,2,64
2023-09-06 19:30:39+02:00,41.3754277,2.1173232,25.9,1012,18.7,64,33.2,2,64
2023-09-06 19:30:45+02:00,41.3754201,2.1173242,25.9,1012,18.7,64,33.2,1,64
2023-09-06 19:30:51+02:00,41.3754023,2.1173244,26.0,1012,18.7,64,33.3,1,64
2023-09-06 19:30:57+02:00,41.3753953,2.117335,25.9,1012,18.7,64,33.3,0,64
2023-09-06 19:31:00+02:00,41.3753964,2.1173397,25.9,1012,18.6,64,33.1,0,64
2023-09-06 19:31:06+02:00,41.3753998,2.1173381,25.9,1012,18.7,64,33.2,0,64
2023-09-06 19:31:09+02:00,41.3754001,2.1173378,25.9,1012,18.8,64,33.3,0,63
2023-09-06 19:31:12+02:00,41.3754005,2.1173371,25.9,1012,18.8,64,33.3,0,64
2023-09-06 19:31:15+02:00,41.3754004,2.1173372,25.9,1012,18.7,64,33.2,0,64
2023-09-06 19:31:18+02:00,41.3754003,2.117337,25.9,1012,18.7,64,33.2,0,64
2023-09-06 19:31:24+02:00,41.3754003,2.1173366,25.9,1012,18.8,64,33.3,0,63
2023-09-06 19:31:27+02:00,41.3754003,2.1173362,25.9,1012,18.7,64,33.2,0,64
2023-09-06 19:31:33+02:00,41.3754001,2.1173361,25.8,1012,18.7,64,33.1,0,64
2023-09-06 19:31:36+02:00,41.3754,2.117336,25.9,1012,18.7,64,33.2,0,63
2023-09-06 19:31:39+02:00,41.3754002,2.1173344,25.9,1012,18.7,64,33.2,0,64
2023-09-06 19:31:45+02:00,41.3753965,2.1173071,25.9,1012,18.7,64,33.2,1,64
2023-09-06 19:31:51+02:00,41.3753732,2.1172641,25.9,1012,18.8,64,33.3,1,64
2023-09-06 19:32:00+02:00,41.3753542,2.1172498,25.9,1012,18.7,64,33.2,0,64
2023-09-06 19:32:03+02:00,41.3753531,2.1172488,25.8,1012,18.7,64,33.1,0,64
2023-09-06 19:32:09+02:00,41.3753527,2.1172476,25.8,1012,18.7,64,33.1,0,64
2023-09-06 19:32:12+02:00,41.3753526,2.1172501,25.8,1012,18.7,64,33.1,0,63
2023-09-06 19:32:18+02:00,41.3753696,2.1172648,25.8,1012,18.7,64,33.2,0,64
2023-09-06 19:32:21+02:00,41.375379,2.1172636,25.8,1012,18.7,64,33.1,1,64
2023-09-06 19:32:24+02:00,41.3753848,2.1172623,25.8,1012,18.6,64,33.0,0,64
2023-09-06 19:32:27+02:00,41.3753852,2.117261,25.8,1012,18.6,64,33.0,0,64
2023-09-06 19:32:33+02:00,41.375387,2.1172638,25.8,1012,18.6,64,33.0,0,63
2023-09-06 19:32:39+02:00,41.375378,2.1172616,25.8,1012,18.5,64,33.0,0,64
2023-09-06 19:32:45+02:00,41.3753806,2.1172702,25.8,1012,18.5,64,33.0,0,64
2023-09-06 19:32:51+02:00,41.37538,2.1172736,25.8,1012,18.5,64,32.9,0,64
2023-09-06 19:32:57+02:00,41.3753692,2.1172637,25.7,1012,18.5,64,32.9,2,64
2023-09-06 19:33:03+02:00,41.3753631,2.1172235,25.7,1012,18.5,64,32.9,1,64
2023-09-06 19:33:06+02:00,41.3753671,2.117222,25.7,1012,18.5,64,32.8,0,64
2023-09-06 19:33:12+02:00,41.3753782,2.117217,25.8,1012,18.5,64,32.9,1,64
2023-09-06 19:33:18+02:00,41.3753443,2.1171379,25.7,1012,18.5,64,32.8,2,64
2023-09-06 19:33:24+02:00,41.3753114,2.1170972,25.7,1012,18.5,64,32.8,1,64
2023-09-06 19:33:27+02:00,41.3753015,2.1170816,25.7,1012,18.5,64,32.8,1,64
2023-09-06 19:33:33+02:00,41.3752793,2.1170284,25.7,1012,18.5,64,32.8,2,64
2023-09-06 19:33:36+02:00,41.3752598,2.1170093,25.7,1012,18.5,64,32.9,2,64
2023-09-06 19:33:42+02:00,41.3752451,2.1169509,25.7,1012,18.5,64,32.8,2,64
2023-09-06 19:33:48+02:00,41.3752149,2.1168952,25.7,1012,18.5,64,32.8,2,63
2023-09-06 19:33:51+02:00,41.3751777,2.1168953,25.7,1012,18.5,64,32.8,2,64
2023-09-06 19:33:54+02:00,41.3751551,2.1168979,25.7,1012,18.6,64,33.0,2,63
2023-09-06 19:34:00+02:00,41.3751375,2.1169052,25.7,1012,18.6,64,32.9,2,64
2023-09-06 19:34:03+02:00,41.375137,2.1169081,25.7,1012,18.6,64,32.9,1,64
2023-09-06 19:34:06+02:00,41.3751486,2.1169108,25.7,1012,18.6,64,32.9,1,63
2023-09-06 19:34:09+02:00,41.3751692,2.1169069,25.7,1012,18.5,64,32.8,1,63
2023-09-06 19:34:12+02:00,41.3751933,2.116889,25.7,1012,18.5,64,32.8,1,63
2023-09-06 19:34:18+02:00,41.3752443,2.116838,25.7,1012,18.6,64,32.9,1,63
2023-09-06 19:34:24+02:00,41.3752416,2.1167517,25.7,1012,18.5,64,32.8,2,64
2023-09-06 19:34:30+02:00,41.3752511,2.1166661,25.6,1012,18.5,64,32.8,2,64
2023-09-06 19:34:33+02:00,41.3752569,2.1166204,25.6,1012,18.5,64,32.7,3,63
2023-09-06 19:34:36+02:00,41.3752709,2.116561,25.7,1012,18.6,64,32.9,3,63
2023-09-06 19:34:39+02:00,41.3752964,2.1164972,25.7,1012,18.6,65,32.9,4,63
2023-09-06 19:34:42+02:00,41.3753123,2.116439,25.6,1012,18.6,65,32.8,4,63
2023-09-06 19:34:45+02:00,41.3753113,2.1163832,25.7,1012,18.7,65,32.9,4,63
2023-09-06 19:34:51+02:00,41.3753179,2.1162736,25.6,1012,18.6,65,32.9,4,63
2023-09-06 19:34:54+02:00,41.3753129,2.1162398,25.6,1012,18.6,65,32.9,4,63
2023-09-06 19:34:57+02:00,41.375288,2.1162159,25.7,1012,18.7,65,32.9,4,63
2023-09-06 19:35:03+02:00,41.3751957,2.1162113,25.6,1012,18.6,64,32.8,2,63
2023-09-06 19:35:06+02:00,41.3751393,2.1162077,25.7,1012,18.6,64,32.9,2,62
2023-09-06 19:35:09+02:00,41.3750923,2.1161969,25.6,1012,18.6,64,32.8,3,63
2023-09-06 19:35:15+02:00,41.3750554,2.1161506,25.7,1012,18.5,64,32.8,2,63
2023-09-06 19:35:21+02:00,41.3750375,2.116107,25.7,1012,18.6,64,32.9,2,62
2023-09-06 19:35:27+02:00,41.3750239,2.1160895,25.7,1012,18.5,64,32.8,2,63
2023-09-06 19:35:33+02:00,41.3750265,2.1161173,25.6,1012,18.5,65,32.7,1,62
2023-09-06 19:35:36+02:00,41.3750263,2.116119,25.7,1012,18.6,64,32.9,1,62
2023-09-06 19:35:42+02:00,41.3750284,2.1161169,25.7,1012,18.5,64,32.9,1,63
2023-09-06 19:35:45+02:00,41.3750299,2.1161129,25.7,1012,18.5,64,32.9,1,62
2023-09-06 19:35:51+02:00,41.3750294,2.1161006,25.7,1012,18.5,64,32.8,1,62
2023-09-06 19:35:57+02:00,41.3750249,2.1160961,25.7,1012,18.5,64,32.8,0,63
2023-09-06 19:36:03+02:00,41.3750244,2.1161016,25.7,1012,18.5,64,32.8,0,63
2023-09-06 19:36:09+02:00,41.3750245,2.1161077,25.7,1012,18.6,64,32.9,0,62
2023-09-06 19:36:15+02:00,41.3750245,2.1161077,25.7,1012,18.6,64,32.8,0,63
2023-09-06 19:36:21+02:00,41.3750244,2.116107,25.7,1012,18.6,64,32.9,0,62
2023-09-06 19:36:27+02:00,41.3750141,2.1160894,25.8,1012,18.6,64,33.0,3,62
2023-09-06 19:36:33+02:00,41.3749802,2.1160245,25.7,1012,18.6,64,32.9,2,62
2023-09-06 19:36:39+02:00,41.3749521,2.1159703,25.7,1012,18.6,64,33.0,2,62
2023-09-06 19:36:45+02:00,41.3749435,2.11593,25.7,1012,18.6,64,32.9,2,62
2023-09-06 19:36:48+02:00,41.3749323,2.1158996,25.8,1012,18.6,64,33.0,2,62
2023-09-06 19:36:51+02:00,41.3749199,2.1158671,25.7,1012,18.6,64,32.9,2,62
2023-09-06 19:36:57+02:00,41.374908,2.1157864,25.7,1012,18.6,64,32.9,2,62
2023-09-06 19:37:00+02:00,41.3748979,2.1157499,25.7,1012,18.6,64,32.9,3,62
2023-09-06 19:37:03+02:00,41.3748771,2.1157347,25.7,1012,18.6,64,33.0,2,61
2023-09-06 19:37:09+02:00,41.3748364,2.1156995,25.7,1012,18.6,64,32.9,3,62
2023-09-06 19:37:15+02:00,41.3748248,2.1156474,25.7,1012,18.6,64,32.9,2,62
2023-09-06 19:37:21+02:00,41.3748563,2.1155783,25.7,1012,18.6,64,32.9,2,63
2023-09-06 19:37:27+02:00,41.3749166,2.1155268,25.8,1012,18.7,64,33.1,2,62
2023-09-06 19:37:30+02:00,41.3749349,2.1155107,25.7,1012,18.6,64,32.9,2,63
2023-09-06 19:37:33+02:00,41.3749533,2.1154951,25.7,1012,18.6,64,33.0,2,62
2023-09-06 19:37:39+02:00,41.3749882,2.1154481,25.7,1012,18.6,64,32.9,2,63
2023-09-06 19:37:45+02:00,41.3750235,2.1154073,25.8,1012,18.7,64,33.1,2,62
2023-09-06 19:37:48+02:00,41.3750424,2.1153866,25.8,1012,18.6,64,33.0,2,63
2023-09-06 19:37:51+02:00,41.3750598,2.1153787,25.8,1012,18.7,64,33.1,2,63
2023-09-06 19:37:57+02:00,41.3750839,2.1153341,25.8,1012,18.6,64,33.0,2,63
2023-09-06 19:38:00+02:00,41.3751096,2.1153281,25.9,1012,18.7,64,33.2,2,63
2023-09-06 19:38:06+02:00,41.3751474,2.115319,25.8,1012,18.6,64,33.1,2,63
2023-09-06 19:38:09+02:00,41.3751674,2.1153126,25.9,1012,18.7,64,33.1,2,63
2023-09-06 19:38:15+02:00,41.3751997,2.1153041,25.9,1012,18.6,64,33.1,2,63
2023-09-06 19:38:18+02:00,41.3752119,2.1152985,25.9,1012,18.6,64,33.1,1,64
2023-09-06 19:38:21+02:00,41.3752253,2.1152851,25.9,1012,18.6,64,33.1,1,63
2023-09-06 19:38:27+02:00,41.3752628,2.1152431,25.8,1012,18.7,64,33.1,2,63
2023-09-06 19:38:30+02:00,41.3752788,2.1152192,25.9,1012,18.7,64,33.3,2,64
2023-09-06 19:38:36+02:00,41.3752967,2.1152022,25.9,1012,18.7,64,33.2,2,64
2023-09-06 19:38:42+02:00,41.3753422,2.1151732,25.8,1012,18.7,64,33.2,2,64
2023-09-06 19:38:48+02:00,41.375376,2.1151563,25.8,1012,18.7,64,33.2,2,64
2023-09-06 19:38:54+02:00,41.3753874,2.1151536,25.8,1012,18.7,64,33.2,1,64
2023-09-06 19:38:57+02:00,41.3753942,2.1151501,25.8,1012,18.7,65,33.1,1,64
2023-09-06 19:39:00+02:00,41.3753985,2.1151482,25.9,1012,18.9,65,33.3,1,64
2023-09-06 19:39:06+02:00,41.3753955,2.1151434,25.8,1012,18.9,65,33.3,0,64
2023-09-06 19:39:12+02:00,41.3754039,2.1151611,25.8,1012,18.8,65,33.2,0,64
2023-09-06 19:39:15+02:00,41.3754031,2.1151673,25.8,1012,18.8,65,33.2,0,64
2023-09-06 19:39:21+02:00,41.3753867,2.1151635,25.8,1012,18.8,65,33.1,1,63
2023-09-06 19:39:24+02:00,41.3753753,2.1151546,25.8,1012,18.8,65,33.2,1,64
2023-09-06 19:39:27+02:00,41.375373,2.1151541,25.8,1012,18.8,65,33.2,0,64
2023-09-06 19:39:30+02:00,41.3753633,2.1151523,25.8,1012,18.9,65,33.2,0,64
2023-09-06 19:39:36+02:00,41.3753468,2.1151335,25.8,1012,18.9,65,33.2,0,64
2023-09-06 19:39:39+02:00,41.3753467,2.115132,25.8,1012,18.9,65,33.2,0,63
2023-09-06 19:39:42+02:00,41.3753502,2.1151352,25.8,1012,18.9,65,33.2,0,64
2023-09-06 19:39:48+02:00,41.3753509,2.1151379,25.8,1012,18.8,65,33.1,0,63
2023-09-06 19:39:51+02:00,41.3753506,2.1151382,25.7,1012,18.8,65,33.1,0,64
2023-09-06 19:39:54+02:00,41.3753492,2.1151367,25.7,1012,18.9,65,33.2,0,63
2023-09-06 19:39:57+02:00,41.3753489,2.1151363,25.7,1012,18.9,65,33.2,0,64
2023-09-06 19:40:03+02:00,41.3753502,2.1151738,25.8,1012,18.9,65,33.2,2,63
2023-09-06 19:40:09+02:00,41.3753488,2.1152218,25.7,1012,18.9,66,33.2,1,63
2023-09-06 19:40:15+02:00,41.3753054,2.1152511,25.7,1012,18.9,66,33.2,3,63
2023-09-06 19:40:18+02:00,41.3752756,2.1152597,25.7,1012,19.0,66,33.2,3,63
2023-09-06 19:40:21+02:00,41.3752988,2.1153183,25.7,1012,18.9,66,33.2,2,64
2023-09-06 19:40:24+02:00,41.3753333,2.1153448,25.7,1012,19.0,66,33.3,4,63
2023-09-06 19:40:30+02:00,41.3753339,2.1153422,25.7,1012,19.0,66,33.3,1,62
2023-09-06 19:40:36+02:00,41.3752925,2.1153679,25.7,1012,18.9,66,33.2,2,63
2023-09-06 19:40:39+02:00,41.3752569,2.1153952,25.7,1012,18.9,66,33.2,2,62
2023-09-06 19:40:45+02:00,41.37519,2.1154553,25.8,1012,19.0,66,33.4,3,63
2023-09-06 19:40:48+02:00,41.3751491,2.1154711,25.8,1012,19.0,66,33.3,3,63
2023-09-06 19:40:54+02:00,41.3750854,2.1154917,25.8,1012,19.0,66,33.4,3,62
2023-09-06 19:41:00+02:00,41.3750583,2.1155379,25.9,1012,19.0,66,33.4,3,62
2023-09-06 19:41:03+02:00,41.3750283,2.1155442,25.9,1012,19.1,66,33.5,3,62
2023-09-06 19:41:06+02:00,41.3750047,2.1155368,25.9,1012,19.0,65,33.5,3,63
2023-09-06 19:41:12+02:00,41.3749685,2.11551,25.9,1012,19.0,65,33.4,2,62
2023-09-06 19:41:15+02:00,41.374949,2.1155134,25.9,1012,19.0,65,33.5,2,62
2023-09-06 19:41:18+02:00,41.3749275,2.1155166,25.9,1012,19.1,65,33.5,2,62
2023-09-06 19:41:24+02:00,41.3748872,2.1155512,25.9,1012,19.1,66,33.6,2,62
2023-09-06 19:41:30+02:00,41.3748681,2.1156131,25.9,1012,19.0,65,33.4,2,62
2023-09-06 19:41:33+02:00,41.3748577,2.1156418,25.9,1012,19.0,66,33.4,2,61
2023-09-06 19:41:36+02:00,41.3748486,2.1156702,25.9,1012,19.1,66,33.5,2,62
2023-09-06 19:41:39+02:00,41.3748524,2.1156953,25.9,1012,19.1,66,33.5,1,62
2023-09-06 19:41:45+02:00,41.3748508,2.1157441,25.9,1012,19.1,66,33.5,1,62
2023-09-06 19:41:48+02:00,41.3748432,2.1157727,25.8,1012,19.0,66,33.4,1,62
2023-09-06 19:41:54+02:00,41.3748371,2.1158242,25.8,1012,19.0,66,33.4,1,61
2023-09-06 19:41:57+02:00,41.374837,2.1158411,25.8,1012,19.0,66,33.3,1,61
2023-09-06 19:42:03+02:00,41.374844,2.1158692,25.9,1012,19.1,66,33.5,1,62
2023-09-06 19:42:06+02:00,41.3748548,2.1158752,25.8,1012,19.1,66,33.4,1,62
2023-09-06 19:42:09+02:00,41.3748778,2.1158681,25.8,1012,19.1,66,33.4,1,61
2023-09-06 19:42:12+02:00,41.3748905,2.1158704,25.8,1012,19.1,66,33.5,1,62
2023-09-06 19:42:18+02:00,41.3749021,2.1158705,25.9,1012,19.1,66,33.5,1,61
2023-09-06 19:42:24+02:00,41.3749071,2.1158677,25.8,1012,19.1,66,33.5,0,62
2023-09-06 19:42:27+02:00,41.3749091,2.1158688,25.9,1012,19.1,66,33.5,0,62
2023-09-06 19:42:33+02:00,41.3749127,2.1158657,25.8,1012,19.1,66,33.5,0,61
2023-09-06 19:42:36+02:00,41.3749129,2.1158637,25.8,1012,19.2,66,33.5,0,61
2023-09-06 19:42:42+02:00,41.3748944,2.1158892,25.8,1012,19.1,66,33.5,1,61
2023-09-06 19:42:45+02:00,41.3748731,2.1159172,25.8,1012,19.1,66,33.4,1,61
2023-09-06 19:42:51+02:00,41.374871,2.1159776,25.8,1012,19.1,66,33.5,1,61
2023-09-06 19:42:57+02:00,41.3748705,2.1160166,25.8,1012,19.1,66,33.5,1,61
2023-09-06 19:43:03+02:00,41.3748571,2.1160389,25.8,1012,19.1,66,33.4,1,61
2023-09-06 19:43:06+02:00,41.3748531,2.1160405,25.9,1012,19.2,66,33.5,1,61
2023-09-06 19:43:12+02:00,41.3748496,2.1160731,25.8,1012,19.2,66,33.5,1,61
2023-09-06 19:43:15+02:00,41.3748454,2.1160892,25.8,1012,19.2,66,33.5,1,61
2023-09-06 19:43:21+02:00,41.3748326,2.1161122,25.8,1012,19.2,66,33.6,1,61
2023-09-06 19:43:24+02:00,41.3748276,2.1161193,25.8,1012,19.1,66,33.5,1,61
2023-09-06 19:43:27+02:00,41.3748152,2.1161183,25.8,1012,19.1,66,33.5,0,61
2023-09-06 19:43:30+02:00,41.3747947,2.1160994,25.8,1012,19.1,66,33.4,0,61
2023-09-06 19:43:33+02:00,41.3747589,2.116045,25.9,1012,19.2,66,33.6,1,61
2023-09-06 19:43:36+02:00,41.3747185,2.1159753,25.9,1013,19.2,66,33.6,2,60
2023-09-06 19:43:42+02:00,41.3746741,2.1159164,25.9,1013,19.2,66,33.6,1,60
2023-09-06 19:43:45+02:00,41.3746551,2.1159024,25.9,1013,19.2,66,33.6,1,60
2023-09-06 19:43:51+02:00,41.3745827,2.1159247,25.9,1013,19.1,66,33.5,2,60
2023-09-06 19:43:54+02:00,41.3745428,2.1159347,25.9,1013,19.1,66,33.6,2,60
2023-09-06 19:43:57+02:00,41.3745035,2.115939,25.9,1013,19.1,66,33.6,2,60
2023-09-06 19:44:00+02:00,41.3744594,2.1159357,25.8,1013,19.1,66,33.5,2,60
2023-09-06 19:44:06+02:00,41.3743815,2.1159483,25.9,1013,19.1,66,33.5,3,60
2023-09-06 19:44:09+02:00,41.3743444,2.1159507,25.9,1013,19.1,66,33.5,3,60
2023-09-06 19:44:12+02:00,41.3743159,2.1159732,25.9,1012,19.1,66,33.5,3,61
2023-09-06 19:44:15+02:00,41.3742949,2.1160269,25.9,1013,19.1,66,33.5,3,60
2023-09-06 19:44:18+02:00,41.3742847,2.1160855,25.9,1013,19.1,66,33.6,2,60
2023-09-06 19:44:21+02:00,41.3742873,2.1161536,25.9,1013,19.1,66,33.6,2,60
2023-09-06 19:44:27+02:00,41.3742999,2.1162535,25.9,1013,19.2,66,33.6,2,59
2023-09-06 19:44:30+02:00,41.3743182,2.1163181,26.0,1013,19.2,66,33.7,2,60
2023-09-06 19:44:36+02:00,41.3742847,2.1163802,25.9,1013,19.2,66,33.7,2,60
2023-09-06 19:44:39+02:00,41.374274,2.1164071,25.9,1013,19.2,66,33.7,2,60
2023-09-06 19:44:45+02:00,41.3742421,2.1164333,25.9,1013,19.2,66,33.6,2,59
2023-09-06 19:44:48+02:00,41.3742314,2.116441,25.9,1013,19.3,66,33.7,2,59
2023-09-06 19:44:51+02:00,41.3742228,2.1164407,25.9,1013,19.3,66,33.7,2,60
2023-09-06 19:44:57+02:00,41.3742173,2.1164636,25.9,1013,19.2,66,33.6,1,60
2023-09-06 19:45:00+02:00,41.3742045,2.1164854,25.9,1013,19.2,66,33.7,1,60
2023-09-06 19:45:03+02:00,41.3742039,2.1165297,25.9,1013,19.2,66,33.7,2,60
2023-09-06 19:45:09+02:00,41.3742044,2.116621,25.9,1013,19.3,66,33.7,2,59
2023-09-06 19:45:15+02:00,41.3742131,2.1166717,25.9,1013,19.3,66,33.7,2,59
2023-09-06 19:45:18+02:00,41.3742195,2.1166752,25.8,1013,19.2,66,33.6,2,60
2023-09-06 19:45:21+02:00,41.3742168,2.1166775,25.9,1013,19.2,66,33.5,2,59
2023-09-06 19:45:27+02:00,41.3742175,2.1166784,25.8,1013,19.1,66,33.4,1,60
2023-09-06 19:45:30+02:00,41.3742176,2.1166797,25.9,1013,19.2,66,33.6,1,60
2023-09-06 19:45:36+02:00,41.374217,2.1166793,25.8,1013,19.1,66,33.4,1,60
2023-09-06 19:45:42+02:00,41.374217,2.1166783,25.8,1013,19.1,66,33.4,0,59
2023-09-06 19:45:48+02:00,41.3742173,2.1166736,25.8,1013,19.2,66,33.5,0,59
2023-09-06 19:45:51+02:00,41.3742174,2.116673,25.8,1013,19.2,67,33.5,0,60
2023-09-06 19:45:57+02:00,41.3742175,2.1166726,25.8,1013,19.2,67,33.5,0,59
2023-09-06 19:46:00+02:00,41.3742176,2.1166727,25.7,1013,19.1,67,33.4,0,60
2023-09-06 19:46:03+02:00,41.3742175,2.1166729,25.8,1013,19.2,67,33.5,0,59
2023-09-06 19:46:09+02:00,41.3742175,2.116673,25.7,1013,19.2,67,33.4,0,60
2023-09-06 19:46:12+02:00,41.3742176,2.116673,25.7,1013,19.2,67,33.4,0,59
2023-09-06 19:46:15+02:00,41.3742177,2.1166731,25.7,1013,19.1,67,33.3,0,60
2023-09-06 19:46:21+02:00,41.3742178,2.1166732,25.7,1013,19.1,67,33.3,0,60
2023-09-06 19:46:24+02:00,41.3742178,2.1166733,25.6,1013,19.1,67,33.3,0,59
2023-09-06 19:46:30+02:00,41.3742179,2.1166734,25.6,1013,19.1,67,33.2,0,60
2023-09-06 19:46:33+02:00,41.3742179,2.1166734,25.6,1013,19.2,67,33.3,0,60
2023-09-06 19:46:39+02:00,41.3742185,2.1167018,25.6,1013,19.1,67,33.2,1,59
2023-09-06 19:46:45+02:00,41.3742296,2.1167515,25.6,1013,19.1,67,33.2,3,60
2023-09-06 19:46:51+02:00,41.3742433,2.1168177,25.6,1013,19.0,66,33.1,2,59
2023-09-06 19:46:57+02:00,41.3742674,2.1168712,25.5,1013,18.9,66,32.9,3,59
2023-09-06 19:47:03+02:00,41.3742838,2.1169466,25.5,1013,19.0,67,33.0,2,60
2023-09-06 19:47:06+02:00,41.3742789,2.1169628,25.5,1013,19.0,67,33.0,2,60
2023-09-06 19:47:12+02:00,41.3742916,2.1170031,25.5,1013,18.9,66,32.9,2,59
2023-09-06 19:47:15+02:00,41.3743028,2.1170274,25.5,1013,18.8,66,32.8,2,60
2023-09-06 19:47:21+02:00,41.3743107,2.1171021,25.5,1012,18.9,66,33.0,3,60
2023-09-06 19:47:24+02:00,41.3743183,2.1171446,25.4,1013,18.8,66,32.8,3,60
2023-09-06 19:47:27+02:00,41.3743288,2.1171835,25.5,1013,18.9,66,32.9,3,60
2023-09-06 19:47:33+02:00,41.3743601,2.1172567,25.5,1013,18.9,66,32.9,3,60
2023-09-06 19:47:36+02:00,41.3743717,2.1172891,25.5,1012,18.9,66,32.9,3,61
2023-09-06 19:47:42+02:00,41.3743663,2.1173502,25.4,1012,18.8,66,32.7,3,61
2023-09-06 19:47:45+02:00,41.3743653,2.1173828,25.4,1013,18.8,66,32.7,3,60
2023-09-06 19:47:51+02:00,41.3743539,2.1174251,25.5,1012,18.9,67,32.9,2,60
2023-09-06 19:47:57+02:00,41.3743479,2.117445,25.4,1013,18.9,67,32.8,2,60
2023-09-06 19:48:00+02:00,41.3743443,2.1174563,25.4,1013,18.9,67,32.9,2,60
2023-09-06 19:48:06+02:00,41.3743396,2.1174568,25.4,1012,18.9,67,32.8,2,60
2023-09-06 19:48:09+02:00,41.3743381,2.1174518,25.4,1012,18.9,67,32.8,1,61
2023-09-06 19:48:12+02:00,41.3743344,2.1174549,25.4,1012,18.9,67,32.8,1,61
2023-09-06 19:48:18+02:00,41.3742807,2.1174547,25.4,1013,18.8,66,32.8,0,60
2023-09-06 19:48:24+02:00,41.3742149,2.1174842,25.4,1012,18.7,66,32.7,1,60
2023-09-06 19:48:27+02:00,41.3741846,2.1174924,25.4,1012,18.7,66,32.7,2,61
2023-09-06 19:48:33+02:00,41.3741294,2.1175166,25.5,1013,18.7,66,32.7,2,60
2023-09-06 19:48:36+02:00,41.3741068,2.117534,25.4,1013,18.6,66,32.6,2,60
2023-09-06 19:48:42+02:00,41.3740458,2.1175562,25.5,1013,18.7,66,32.7,2,59
2023-09-06 19:48:48+02:00,41.373998,2.11762,25.5,1013,18.7,66,32.7,2,60
2023-09-06 19:48:54+02:00,41.3739932,2.1176903,25.5,1013,18.7,66,32.8,1,60
2023-09-06 19:49:00+02:00,41.3739936,2.1177347,25.5,1013,18.7,66,32.7,1,60
2023-09-06 19:49:06+02:00,41.3740029,2.1177546,25.5,1013,18.8,66,32.8,1,60
2023-09-06 19:49:12+02:00,41.3740371,2.1178239,25.5,1013,18.8,66,32.8,2,60
2023-09-06 19:49:18+02:00,41.3740561,2.1179081,25.5,1013,18.8,66,32.9,2,60
2023-09-06 19:49:21+02:00,41.3740643,2.1179373,25.4,1013,18.8,66,32.8,2,59
2023-09-06 19:49:27+02:00,41.3740741,2.1179584,25.5,1013,18.8,66,32.8,1,59
2023-09-06 19:49:33+02:00,41.3740977,2.1179999,25.5,1013,18.9,66,32.9,1,59
2023-09-06 19:49:39+02:00,41.3741419,2.1180554,25.5,1013,18.7,66,32.8,2,59
2023-09-06 19:49:45+02:00,41.3741773,2.118122,25.6,1013,18.8,66,32.9,2,60
2023-09-06 19:49:48+02:00,41.3741984,2.1181468,25.5,1013,18.8,66,32.9,3,59
2023-09-06 19:49:54+02:00,41.3742285,2.1181916,25.5,1013,18.8,66,32.9,3,59
2023-09-06 19:50:00+02:00,41.3742462,2.1182558,25.5,1013,18.8,66,32.9,3,59
2023-09-06 19:50:03+02:00,41.374268,2.1182837,25.5,1013,18.8,66,32.9,3,58
2023-09-06 19:50:06+02:00,41.3742878,2.1183112,25.6,1013,18.8,66,33.0,3,59
2023-09-06 19:50:12+02:00,41.3743237,2.11838,25.6,1013,18.8,66,32.9,3,59
2023-09-06 19:50:15+02:00,41.3743346,2.1184108,25.6,1013,18.8,66,32.9,3,59
2023-09-06 19:50:18+02:00,41.374349,2.1184392,25.5,1013,18.8,66,32.9,3,59
2023-09-06 19:50:21+02:00,41.3743616,2.1184692,25.5,1013,18.8,66,32.9,3,58
2023-09-06 19:50:27+02:00,41.3744052,2.1185052,25.6,1013,18.8,66,32.9,3,58
2023-09-06 19:50:33+02:00,41.3744278,2.1185647,25.6,1013,18.8,66,32.9,3,58
2023-09-06 19:50:36+02:00,41.3744321,2.1186091,25.6,1013,18.9,66,33.0,3,59
2023-09-06 19:50:42+02:00,41.3744373,2.1187015,25.6,1013,18.9,66,33.0,3,58
2023-09-06 19:50:48+02:00,41.3744773,2.118765,25.6,1013,18.9,66,33.0,3,58
2023-09-06 19:50:51+02:00,41.3745041,2.1187858,25.6,1013,18.9,66,33.0,3,58
2023-09-06 19:50:54+02:00,41.3745191,2.1188172,25.6,1013,18.9,66,33.1,3,59
2023-09-06 19:50:57+02:00,41.3745292,2.1188533,25.6,1013,18.9,66,33.1,3,59
2023-09-06 19:51:03+02:00,41.374555,2.1189008,25.5,1013,18.7,65,32.8,3,59
2023-09-06 19:51:06+02:00,41.3745628,2.1189217,25.6,1013,18.7,65,32.8,3,59
2023-09-06 19:51:12+02:00,41.3745666,2.1189753,25.6,1013,18.7,65,32.9,3,58
2023-09-06 19:51:15+02:00,41.3745735,2.1189948,25.6,1013,18.8,65,33.0,2,58
2023-09-06 19:51:18+02:00,41.3745883,2.119006,25.6,1013,18.8,65,32.9,2,58
2023-09-06 19:51:21+02:00,41.3746028,2.119028,25.6,1013,18.8,65,33.0,2,58
2023-09-06 19:51:27+02:00,41.3746905,2.1191107,25.6,1013,18.8,65,33.0,3,59
2023-09-06 19:51:30+02:00,41.374749,2.1191573,25.6,1013,18.7,65,32.9,4,58
2023-09-06 19:51:33+02:00,41.3747797,2.1192045,25.6,1013,18.7,65,32.9,3,58
2023-09-06 19:51:36+02:00,41.3747655,2.1192444,25.6,1013,18.7,65,32.9,3,58
2023-09-06 19:51:42+02:00,41.374745,2.1193168,25.6,1013,18.7,65,32.9,3,58
2023-09-06 19:51:48+02:00,41.3746921,2.1193545,25.6,1013,17.9,62,32.3,2,58
2023-09-06 19:51:51+02:00,41.3746617,2.1193622,25.6,1013,18.2,63,32.5,2,58
2023-09-06 19:51:57+02:00,41.3746358,2.1193589,25.6,1013,18.6,65,32.7,1,58
2023-09-06 19:52:00+02:00,41.3746135,2.1193714,25.5,1013,18.5,65,32.7,2,58
2023-09-06 19:52:03+02:00,41.3745859,2.119384,25.5,1013,18.5,65,32.7,2,58
2023-09-06 19:52:06+02:00,41.3745434,2.1194006,25.5,1013,18.6,65,32.7,2,58
2023-09-06 19:52:12+02:00,41.3744839,2.1194331,25.6,1013,18.7,65,32.8,2,58
2023-09-06 19:52:18+02:00,41.3744539,2.1194531,25.5,1013,18.7,65,32.8,2,58
2023-09-06 19:52:21+02:00,41.3744397,2.1194549,25.5,1013,18.7,65,32.8,2,58
2023-09-06 19:52:27+02:00,41.3744249,2.1194497,25.5,1013,18.7,65,32.8,1,58
2023-09-06 19:52:30+02:00,41.3744164,2.1194487,25.5,1013,18.6,65,32.7,1,58
2023-09-06 19:52:33+02:00,41.3744123,2.1194571,25.5,1013,18.6,65,32.7,1,58
2023-09-06 19:52:39+02:00,41.3744058,2.1194622,25.5,1013,18.6,65,32.7,1,58
2023-09-06 19:52:42+02:00,41.3744003,2.1194617,25.5,1013,18.6,65,32.7,1,58
2023-09-06 19:52:45+02:00,41.3744029,2.1194585,25.5,1013,18.6,65,32.7,0,58
2023-09-06 19:52:51+02:00,41.3744047,2.1194291,25.5,1013,18.6,65,32.7,0,58
2023-09-06 19:52:57+02:00,41.3744119,2.1193979,25.5,1013,18.6,65,32.7,1,58
2023-09-06 19:53:00+02:00,41.3744093,2.1193968,25.5,1013,18.6,65,32.8,0,58
2023-09-06 19:53:06+02:00,41.3744045,2.1194082,25.5,1013,18.6,65,32.7,0,58
2023-09-06 19:53:12+02:00,41.3744052,2.1194045,25.5,1013,18.6,65,32.7,0,58
2023-09-06 19:53:15+02:00,41.3744055,2.119405,25.5,1013,18.6,65,32.7,0,58
2023-09-06 19:53:18+02:00,41.3744059,2.119408,25.5,1013,18.6,65,32.7,0,58
2023-09-06 19:53:24+02:00,41.3744127,2.1194168,25.5,1013,18.7,66,32.7,0,58
2023-09-06 19:53:27+02:00,41.3744248,2.1194185,25.5,1013,18.7,66,32.7,1,58
2023-09-06 19:53:33+02:00,41.3744365,2.119421,25.4,1013,18.6,66,32.6,0,57
2023-09-06 19:53:39+02:00,41.3744378,2.1194149,25.5,1013,18.7,66,32.8,0,58
2023-09-06 19:53:42+02:00,41.3744383,2.1194158,25.5,1013,18.7,66,32.8,0,58
2023-09-06 19:53:45+02:00,41.3744327,2.1194307,25.5,1013,18.8,66,32.8,1,58
2023-09-06 19:53:51+02:00,41.374425,2.1194838,25.5,1013,18.8,66,32.8,2,58
2023-09-06 19:53:54+02:00,41.3744158,2.1195148,25.4,1013,18.8,66,32.7,4,57
2023-09-06 19:54:00+02:00,41.3744072,2.1195665,25.4,1013,18.8,66,32.7,1,58
2023-09-06 19:54:03+02:00,41.3744153,2.1195607,25.4,1013,18.8,66,32.7,1,58
2023-09-06 19:54:06+02:00,41.3744289,2.1195576,25.4,1013,18.8,66,32.7,2,58
2023-09-06 19:54:12+02:00,41.3744692,2.1195861,25.4,1013,18.8,66,32.7,2,57
2023-09-06 19:54:15+02:00,41.3744772,2.1195999,25.4,1013,18.8,66,32.7,2,58
2023-09-06 19:54:21+02:00,41.3744929,2.1196296,25.4,1013,18.8,66,32.8,1,58
2023-09-06 19:54:24+02:00,41.3745012,2.1196452,25.4,1013,18.8,66,32.7,2,58
2023-09-06 19:54:30+02:00,41.3745064,2.1196647,25.4,1013,18.8,66,32.8,1,56
2023-09-06 19:54:33+02:00,41.3745059,2.1196657,25.4,1013,18.8,67,32.7,1,57
2023-09-06 19:54:39+02:00,41.3745065,2.119668,25.4,1013,18.8,67,32.8,1,57
2023-09-06 19:54:45+02:00,41.3745482,2.1196791,25.4,1013,18.9,67,32.8,1,57
2023-09-06 19:54:51+02:00,41.3745767,2.1197029,25.4,1013,18.9,67,32.8,1,57
2023-09-06 19:54:54+02:00,41.3745736,2.1197108,25.4,1013,18.8,67,32.7,1,57
2023-09-06 19:54:57+02:00,41.3745619,2.1197107,25.4,1013,18.8,67,32.7,0,57
2023-09-06 19:55:03+02:00,41.3745559,2.1197158,25.4,1013,18.8,67,32.7,0,56
2023-09-06 19:55:06+02:00,41.3745587,2.1197126,25.3,1013,18.8,67,32.6,0,56
2023-09-06 19:55:12+02:00,41.3745601,2.1197088,25.3,1013,18.8,67,32.7,0,57
2023-09-06 19:55:15+02:00,41.3745619,2.119708,25.4,1013,18.9,67,32.7,0,57
2023-09-06 19:55:18+02:00,41.3745626,2.1197075,25.3,1013,18.8,67,32.6,0,57
2023-09-06 19:55:24+02:00,41.3745628,2.1197073,25.3,1013,18.8,67,32.6,0,57
2023-09-06 19:55:30+02:00,41.3745629,2.1197073,25.3,1013,18.8,67,32.6,0,57
2023-09-06 19:55:36+02:00,41.374563,2.1197074,25.3,1013,18.9,67,32.7,0,57
2023-09-06 19:55:39+02:00,41.3745629,2.1197071,25.3,1013,18.8,67,32.6,0,57
2023-09-06 19:55:45+02:00,41.3745633,2.1197064,25.3,1013,18.8,67,32.6,0,57
2023-09-06 19:55:48+02:00,41.3745636,2.1197059,25.3,1013,18.8,67,32.6,0,57
2023-09-06 19:55:54+02:00,41.3745636,2.1197061,25.2,1013,18.8,67,32.6,0,58
2023-09-06 19:56:00+02:00,41.3745637,2.1197063,25.2,1013,18.9,67,32.6,0,57
2023-09-06 19:56:03+02:00,41.3745637,2.1197063,25.2,1013,18.8,67,32.5,0,57
2023-09-06 19:56:09+02:00,41.3745637,2.1197062,25.2,1013,18.9,67,32.6,0,57
2023-09-06 19:56:12+02:00,41.3745638,2.1197059,25.1,1013,18.8,67,32.4,0,57
2023-09-06 19:56:18+02:00,41.3745636,2.119706,25.2,1013,18.9,68,32.6,0,57
2023-09-06 19:56:21+02:00,41.3745634,2.119706,25.1,1013,18.8,68,32.4,0,57
2023-09-06 19:56:27+02:00,41.3745633,2.1197059,25.1,1013,18.8,68,32.5,0,57
2023-09-06 19:56:30+02:00,41.3745633,2.1197059,25.1,1013,18.9,68,32.5,0,57
2023-09-06 19:56:33+02:00,41.3745633,2.1197059,25.1,1013,18.9,68,32.5,0,57
2023-09-06 19:56:39+02:00,41.3745634,2.119706,25.1,1013,18.8,68,32.5,0,57
2023-09-06 19:56:42+02:00,41.3745633,2.119706,25.1,1013,18.8,68,32.5,0,57
2023-09-06 19:56:48+02:00,41.3745632,2.1197061,25.2,1013,18.9,68,32.6,0,57
2023-09-06 19:56:51+02:00,41.3745632,2.1197061,25.1,1013,18.9,68,32.5,0,57
2023-09-06 19:56:54+02:00,41.3745633,2.119706,25.1,1013,18.9,68,32.5,0,56
2023-09-06 19:56:57+02:00,41.3745634,2.1197059,25.1,1013,18.9,68,32.4,0,57
2023-09-06 19:57:03+02:00,41.3745635,2.1197055,25.2,1013,18.9,68,32.6,0,57
2023-09-06 19:57:06+02:00,41.3745636,2.1197054,25.1,1013,18.8,68,32.4,0,56
2023-09-06 19:57:09+02:00,41.3745636,2.1197055,25.1,1013,18.9,68,32.5,0,57
2023-09-06 19:57:15+02:00,41.3745635,2.1197055,25.1,1013,18.8,68,32.4,0,57
2023-09-06 19:57:18+02:00,41.3745634,2.1197055,25.1,1013,18.9,68,32.5,0,57
2023-09-06 19:57:24+02:00,41.3745603,2.1197065,25.1,1013,18.8,68,32.4,0,57
2023-09-06 19:57:27+02:00,41.3745588,2.1197069,25.1,1013,18.8,68,32.4,0,58
2023-09-06 19:57:33+02:00,41.3745582,2.119707,25.1,1013,18.8,68,32.4,0,57
2023-09-06 19:57:36+02:00,41.3745581,2.1197071,25.1,1013,18.9,68,32.5,0,57
2023-09-06 19:57:42+02:00,41.3745581,2.1197071,25.0,1013,18.8,68,32.3,0,57
2023-09-06 19:57:45+02:00,41.3745579,2.1197069,25.1,1013,18.8,68,32.4,0,57
2023-09-06 19:57:48+02:00,41.374558,2.1197068,25.0,1013,18.8,68,32.3,0,56
2023-09-06 19:57:51+02:00,41.3745579,2.1197069,25.0,1013,18.8,68,32.3,0,57
2023-09-06 19:57:57+02:00,41.3745578,2.1197175,25.0,1013,18.7,68,32.2,2,57
2023-09-06 19:58:03+02:00,41.374504,2.1197971,25.0,1013,18.7,68,32.2,3,57
2023-09-06 19:58:09+02:00,41.3744632,2.1198736,25.0,1013,18.8,68,32.3,2,56
2023-09-06 19:58:12+02:00,41.3744781,2.11991,25.0,1013,18.8,68,32.4,2,56
2023-09-06 19:58:15+02:00,41.374483,2.119935,25.0,1013,18.7,68,32.3,2,56
2023-09-06 19:58:21+02:00,41.3745335,2.1199637,25.0,1013,18.7,67,32.3,2,57
2023-09-06 19:58:24+02:00,41.3745479,2.1199819,25.0,1013,18.7,68,32.3,1,56
2023-09-06 19:58:27+02:00,41.3745564,2.1200021,25.0,1013,18.7,67,32.2,3,56
2023-09-06 19:58:33+02:00,41.3745845,2.1200674,25.0,1013,18.7,67,32.2,3,56
2023-09-06 19:58:36+02:00,41.3746004,2.1200977,25.0,1013,18.7,67,32.2,3,56
2023-09-06 19:58:39+02:00,41.3746004,2.1201285,25.0,1013,18.7,67,32.2,3,56
2023-09-06 19:58:45+02:00,41.3746115,2.1201758,25.0,1013,18.7,68,32.2,2,55
2023-09-06 19:58:48+02:00,41.3746306,2.1202061,25.0,1013,18.7,67,32.2,3,56
2023-09-06 19:58:51+02:00,41.3746488,2.1202341,25.1,1013,18.7,67,32.3,2,55
2023-09-06 19:58:54+02:00,41.3746599,2.1202618,25.0,1013,18.6,67,32.2,2,55
2023-09-06 19:59:00+02:00,41.37471,2.1203172,25.0,1013,18.7,68,32.3,3,55
2023-09-06 19:59:09+02:00,41.3747776,2.1203944,25.0,1013,18.7,68,32.2,2,55
2023-09-06 19:59:12+02:00,41.374824,2.120417,25.0,1013,18.8,68,32.3,3,55
2023-09-06 19:59:15+02:00,41.3748791,2.1204214,25.1,1013,18.8,68,32.4,3,54
2023-09-06 19:59:18+02:00,41.3748927,2.120425,25.1,1013,18.8,68,32.4,3,55
2023-09-06 19:59:21+02:00,41.3748854,2.1204345,25.1,1013,18.8,67,32.3,2,55
2023-09-06 19:59:27+02:00,41.3748561,2.1204953,25.1,1013,18.7,67,32.3,2,54
2023-09-06 19:59:33+02:00,41.3748234,2.1205307,25.1,1013,18.7,67,32.2,2,54
2023-09-06 19:59:36+02:00,41.3748143,2.1205369,25.1,1013,18.7,67,32.2,1,54
2023-09-06 19:59:42+02:00,41.3748023,2.1205421,25.1,1013,18.7,67,32.3,1,54
2023-09-06 19:59:48+02:00,41.3747995,2.120543,25.1,1013,18.7,67,32.3,1,54
2023-09-06 19:59:51+02:00,41.3748024,2.1205488,25.0,1013,18.6,67,32.2,1,54
2023-09-06 19:59:54+02:00,41.3748115,2.1205709,25.1,1013,18.7,67,32.3,1,54
2023-09-06 20:00:00+02:00,41.3748313,2.120635,25.0,1013,18.7,67,32.2,2,54
2023-09-06 20:00:06+02:00,41.374871,2.1207055,25.0,1013,18.6,67,32.2,2,54
2023-09-06 20:00:12+02:00,41.3748978,2.1207665,25.0,1013,18.6,67,32.2,2,54
2023-09-06 20:00:18+02:00,41.374937,2.1208391,25.0,1013,18.6,67,32.2,3,53
2023-09-06 20:00:21+02:00,41.3749571,2.1208718,25.0,1013,18.6,67,32.2,3,54
2023-09-06 20:00:27+02:00,41.3749912,2.1209359,25.0,1013,18.6,67,32.2,3,53
2023-09-06 20:00:33+02:00,41.3749953,2.1209662,25.1,1013,18.8,68,32.3,2,52
2023-09-06 20:00:36+02:00,41.3749846,2.1210014,25.1,1013,18.8,68,32.4,2,52
2023-09-06 20:00:42+02:00,41.374983,2.1210559,25.1,1013,18.8,68,32.4,2,53
2023-09-06 20:00:48+02:00,41.3749899,2.121086,25.1,1013,18.9,68,32.5,1,53
2023-09-06 20:00:51+02:00,41.3749735,2.1211038,25.1,1013,18.9,68,32.5,1,52
2023-09-06 20:00:54+02:00,41.3749308,2.1211052,25.2,1013,18.9,68,32.5,0,53
2023-09-06 20:00:57+02:00,41.3749023,2.1211017,25.2,1013,18.9,68,32.5,0,53
2023-09-06 20:01:03+02:00,41.374869,2.1211341,25.2,1013,18.9,68,32.6,1,52
2023-09-06 20:01:09+02:00,41.3748238,2.121146,25.2,1014,18.9,68,32.7,1,52
2023-09-06 20:01:12+02:00,41.3747972,2.1211544,25.2,1013,18.9,68,32.7,2,52
2023-09-06 20:01:18+02:00,41.3747404,2.1212325,25.3,1014,18.9,67,32.7,2,51
2023-09-06 20:01:24+02:00,41.3746925,2.1213019,25.4,1014,19.0,67,32.8,2,51
2023-09-06 20:01:30+02:00,41.3746631,2.1213625,25.3,1013,18.9,67,32.8,3,52
2023-09-06 20:01:36+02:00,41.3746546,2.1213785,25.4,1013,18.9,67,32.8,2,52
2023-09-06 20:01:39+02:00,41.3746456,2.1213855,25.4,1014,18.9,67,32.8,2,52
2023-09-06 20:01:42+02:00,41.3746406,2.1213921,25.4,1014,18.8,67,32.7,2,51
2023-09-06 20:01:48+02:00,41.3746304,2.1213953,25.4,1014,18.8,66,32.7,1,52
2023-09-06 20:01:51+02:00,41.3746171,2.121416,25.4,1014,18.8,66,32.8,1,51
2023-09-06 20:01:57+02:00,41.3745935,2.1214844,25.4,1013,18.8,66,32.7,2,52
2023-09-06 20:02:00+02:00,41.3745732,2.1215128,25.5,1014,18.8,66,32.8,2,51
2023-09-06 20:02:06+02:00,41.3745305,2.1215739,25.5,1014,18.8,66,32.8,2,51
2023-09-06 20:02:09+02:00,41.3745193,2.1216011,25.4,1014,18.7,66,32.7,2,50
2023-09-06 20:02:15+02:00,41.3745189,2.1216346,25.5,1014,18.5,65,32.6,2,50
2023-09-06 20:02:18+02:00,41.3745157,2.1216355,25.4,1014,18.5,65,32.5,2,51
2023-09-06 20:02:24+02:00,41.3744889,2.1216146,25.5,1014,18.7,66,32.7,1,51
2023-09-06 20:02:30+02:00,41.3744416,2.1216267,25.4,1014,18.7,66,32.7,2,51
2023-09-06 20:02:36+02:00,41.3743893,2.1216567,25.5,1014,18.7,66,32.8,3,51
2023-09-06 20:02:39+02:00,41.3743734,2.1216855,25.4,1014,18.7,66,32.7,2,51
2023-09-06 20:02:42+02:00,41.3743635,2.121715,25.4,1014,18.7,66,32.7,3,51
2023-09-06 20:02:48+02:00,41.3743378,2.1217984,25.4,1014,18.7,66,32.6,3,50
2023-09-06 20:02:54+02:00,41.3743146,2.1218723,25.4,1014,18.7,66,32.6,3,50
2023-09-06 20:03:00+02:00,41.3742909,2.1219235,25.4,1014,18.6,66,32.6,2,50
2023-09-06 20:03:09+02:00,41.3742973,2.1219503,25.3,1014,18.6,66,32.5,1,50
2023-09-06 20:03:12+02:00,41.3742964,2.1219496,25.4,1014,18.6,66,32.6,0,50
2023-09-06 20:03:15+02:00,41.3742902,2.1219479,25.4,1014,18.6,66,32.6,0,50
2023-09-06 20:03:18+02:00,41.3742836,2.1219512,25.3,1014,18.6,66,32.4,0,50
2023-09-06 20:03:21+02:00,41.3742788,2.1219559,25.3,1014,18.7,66,32.5,0,50
2023-09-06 20:03:27+02:00,41.3742663,2.1219913,25.3,1014,18.6,66,32.5,1,50
2023-09-06 20:03:30+02:00,41.3742675,2.1219929,25.3,1014,18.7,66,32.6,0,50
2023-09-06 20:03:36+02:00,41.3742718,2.1219956,25.2,1014,18.6,66,32.4,0,50
2023-09-06 20:03:42+02:00,41.3742829,2.1219639,25.2,1014,18.6,66,32.4,2,50
2023-09-06 20:03:48+02:00,41.3742967,2.1219607,25.3,1014,18.7,66,32.5,0,50
