Time,Lat,Lon,Temp[°C],Hum[%],Alt[m],Press[mbar],DP[°C],HDX[°C],Gradient[°C/100m],Speed[km/h],Radiation[],BT[dBm],CO2[ppm],mass PM1.0[μg/m3],mass PM2.5[μg/m3],mass PM4[μg/m3],mass PM10[μg/m3],number PM0.5[#/cm3],number PM1.0[#/cm3],number PM2.5[#/cm3],number PM4[#/cm3],number PM10[#/cm3],Typical Part Size[μm],EAQ[],FAQ[],O3[ppb]
2023-09-29 12:34:38+02:00,41.48013,2.1894072,27.3,63,19,1019,19.8,35.7,-,3,-,-,-,-,-,-,-,-,-,-,-,-,-,-,-,-
2023-09-29 12:34:41+02:00,41.4801369,2.1893984,27.3,63,19,1019,19.8,35.8,-,1,-,-,-,-,-,-,-,-,-,-,-,-,-,-,-,-
2023-09-29 12:34:44+02:00,41.4801602,2.1894425,27.3,63,19,1019,19.9,35.8,-,1,-,-,-,-,-,-,-,-,-,-,-,-,-,-,-,-
2023-09-29 12:34:47+02:00,41.4801568,2.1894489,27.3,63,19,1019,19.9,35.8,-,1,-,-,-,-,-,-,-,-,-,-,-,-,-,-,-,-
2023-09-29 12:34:50+02:00,41.4801009,2.1893753,27.3,63,19,1019,19.9,35.8,-,1,-,-,-,-,-,-,-,-,-,-,-,-,-,-,-,-
2023-09-29 12:34:56+02:00,41.4800875,2.1893741,27.3,63,19,1019,19.8,35.7,-,0,-,-,-,-,-,-,-,-,-,-,-,-,-,-,-,-
2023-09-29 12:34:59+02:00,41.4800684,2.1893374,27.3,63,19,1019,19.9,35.8,-,2,-,-,-,-,-,-,-,-,-,-,-,-,-,-,-,-
2023-09-29 12:35:05+02:00,41.4800804,2.1893418,27.3,63,20,1019,19.8,35.8,-,0,-,-,-,-,-,-,-,-,-,-,-,-,-,-,-,-
2023-09-29 12:35:08+02:00,41.4800833,2.1893434,27.3,63,19,1019,19.8,35.7,-,0,-,-,-,-,-,-,-,-,-,-,-,-,-,-,-,-
2023-09-29 12:35:14+02:00,41.4801818,2.1895092,27.3,63,19,1019,19.8,35.7,-,4,-,-,-,-,-,-,-,-,-,-,-,-,-,-,-,-
2023-09-29 12:35:17+02:00,41.4801774,2.1895024,27.3,63,20,1019,19.8,35.7,-,0,-,-,-,-,-,-,-,-,-,-,-,-,-,-,-,-
2023-09-29 12:35:20+02:00,41.480119,2.1894668,27.3,63,20,1019,19.8,35.7,-,5,-,-,-,-,-,-,-,-,-,-,-,-,-,-,-,-
2023-09-29 12:35:23+02:00,41.4801689,2.1894449,27.3,63,19,1019,19.7,35.7,-,4,-,-,-,-,-,-,-,-,-,-,-,-,-,-,-,-
2023-09-29 12:35:26+02:00,41.4801774,2.1894442,27.3,63,19,1019,19.8,35.8,-,2,-,-,-,-,-,-,-,-,-,-,-,-,-,-,-,-
2023-09-29 12:35:29+02:00,41.4801441,2.1893892,27.3,63,19,1019,19.7,35.6,-,4,-,-,-,-,-,-,-,-,-,-,-,-,-,-,-,-
2023-09-29 12:35:32+02:00,41.480142,2.189386,27.3,63,19,1019,19.8,35.7,-,1,-,-,-,-,-,-,-,-,-,-,-,-,-,-,-,-
2023-09-29 12:35:35+02:00,41.480122,2.1893794,27.3,63,19,1019,19.8,35.7,-,1,-,-,-,-,-,-,-,-,-,-,-,-,-,-,-,-
2023-09-29 12:35:38+02:00,41.4801508,2.189437,27.3,63,20,1019,19.8,35.8,-,4,-,-,-,-,-,-,-,-,-,-,-,-,-,-,-,-
2023-09-29 12:35:41+02:00,41.4801553,2.189445,27.3,63,19,1019,19.9,35.7,-,2,-,-,-,-,-,-,-,-,-,-,-,-,-,-,-,-
2023-09-29 12:35:47+02:00,41.4801302,2.1894032,27.4,64,20,1019,20.1,36.0,-,1,-,-,-,-,-,-,-,-,-,-,-,-,-,-,-,-
2023-09-29 12:35:50+02:00,41.4801278,2.1893922,27.3,64,20,1019,20.0,35.9,-,0,-,-,-,-,-,-,-,-,-,-,-,-,-,-,-,-
2023-09-29 12:35:53+02:00,41.4801211,2.1894591,27.4,64,19,1019,20.1,36.1,-,5,-,-,-,-,-,-,-,-,-,-,-,-,-,-,-,-
2023-09-29 12:35:56+02:00,41.480114,2.1894671,27.3,64,19,1019,20.1,36.0,-,1,-,-,-,-,-,-,-,-,-,-,-,-,-,-,-,-
2023-09-29 12:35:59+02:00,41.4801588,2.1894531,27.3,64,19,1019,20.1,36.0,-,4,-,-,-,-,-,-,-,-,-,-,-,-,-,-,-,-
2023-09-29 12:36:05+02:00,41.4801823,2.189498,27.3,64,19,1019,20.0,36.0,-,3,-,-,-,-,-,-,-,-,-,-,-,-,-,-,-,-
2023-09-29 12:36:08+02:00,41.4801366,2.1894269,27.3,64,19,1019,20.0,35.9,-,5,-,-,-,-,-,-,-,-,-,-,-,-,-,-,-,-
2023-09-29 12:36:11+02:00,41.4801309,2.1894177,27.3,64,19,1019,19.9,35.9,-,2,-,-,-,-,-,-,-,-,-,-,-,-,-,-,-,-
2023-09-29 12:36:14+02:00,41.4801971,2.1895106,27.3,63,20,1019,19.9,35.8,-,7,-,-,-,-,-,-,-,-,-,-,-,-,-,-,-,-
2023-09-29 12:36:17+02:00,41.4802078,2.1895216,27.3,64,19,1019,19.9,35.8,-,3,-,-,-,-,-,-,-,-,-,-,-,-,-,-,-,-
2023-09-29 12:36:20+02:00,41.4801154,2.1893918,27.3,64,20,1019,20.0,35.9,-,8,-,-,-,-,-,-,-,-,-,-,-,-,-,-,-,-
2023-09-29 12:36:23+02:00,41.4801117,2.1894597,27.4,64,19,1019,20.0,36.1,-,3,-,-,-,-,-,-,-,-,-,-,-,-,-,-,-,-
2023-09-29 12:36:26+02:00,41.4801134,2.1894658,27.3,64,19,1019,19.9,35.8,-,1,-,-,-,-,-,-,-,-,-,-,-,-,-,-,-,-
2023-09-29 12:36:32+02:00,41.480137,2.1894148,27.3,63,20,1019,19.9,35.8,-,1,-,-,-,-,-,-,-,-,-,-,-,-,-,-,-,-
2023-09-29 12:36:35+02:00,41.4800853,2.1893572,27.3,64,20,1019,19.9,35.8,-,5,-,-,-,-,-,-,-,-,-,-,-,-,-,-,-,-
2023-09-29 12:36:38+02:00,41.4801123,2.1894597,27.3,64,19,1019,19.9,35.9,-,6,-,-,-,-,-,-,-,-,-,-,-,-,-,-,-,-
2023-09-29 12:36:44+02:00,41.4801278,2.1894111,27.3,64,19,1019,19.9,35.9,-,4,-,-,-,-,-,-,-,-,-,-,-,-,-,-,-,-
2023-09-29 12:36:47+02:00,41.4801289,2.1894009,27.3,64,19,1019,19.9,35.8,-,2,-,-,-,-,-,-,-,-,-,-,-,-,-,-,-,-
2023-09-29 12:36:53+02:00,41.4801574,2.1894643,27.3,64,19,1019,19.9,35.9,-,3,-,-,-,-,-,-,-,-,-,-,-,-,-,-,-,-
2023-09-29 12:36:56+02:00,41.4801615,2.1894671,27.3,64,19,1019,20.0,35.9,-,1,-,-,-,-,-,-,-,-,-,-,-,-,-,-,-,-
2023-09-29 12:37:02+02:00,41.4801499,2.1894515,27.3,64,19,1019,20.0,35.9,-,0,-,-,-,-,-,-,-,-,-,-,-,-,-,-,-,-
2023-09-29 12:37:08+02:00,41.4801451,2.189419,27.3,64,19,1019,19.9,35.9,-,0,-,-,-,-,-,-,-,-,-,-,-,-,-,-,-,-
2023-09-29 12:37:11+02:00,41.4801457,2.1894212,27.3,64,19,1019,20.0,35.9,-,0,-,-,-,-,-,-,-,-,-,-,-,-,-,-,-,-
2023-09-29 12:37:17+02:00,41.4801389,2.189413,27.3,64,20,1019,20.0,36.0,-,0,-,-,-,-,-,-,-,-,-,-,-,-,-,-,-,-
2023-09-29 12:37:20+02:00,41.4801844,2.189479,27.4,64,19,1019,20.1,36.0,-,5,-,-,-,-,-,-,-,-,-,-,-,-,-,-,-,-
2023-09-29 12:37:23+02:00,41.480215,2.1895276,27.3,64,19,1019,20.0,36.0,-,5,-,-,-,-,-,-,-,-,-,-,-,-,-,-,-,-
2023-09-29 12:37:26+02:00,41.4802216,2.1895346,27.3,64,19,1019,20.0,35.9,-,1,-,-,-,-,-,-,-,-,-,-,-,-,-,-,-,-
2023-09-29 12:37:32+02:00,41.480202,2.1894873,27.3,63,19,1019,19.9,35.8,-,4,-,-,-,-,-,-,-,-,-,-,-,-,-,-,-,-
2023-09-29 12:37:38+02:00,41.4802618,2.1894165,26.9,63,20,1019,19.5,35.1,-,4,-,-,-,-,-,-,-,-,-,-,-,-,-,-,-,-
2023-09-29 12:37:44+02:00,41.4803132,2.1893623,27.0,63,19,1019,19.5,35.1,-,1,-,-,-,-,-,-,-,-,-,-,-,-,-,-,-,-
2023-09-29 12:37:50+02:00,41.4803532,2.1892987,26.8,63,20,1019,19.3,34.8,-,6,-,-,-,-,-,-,-,-,-,-,-,-,-,-,-,-
2023-09-29 12:37:53+02:00,41.4803856,2.1892338,26.9,63,20,1019,19.4,34.9,-,5,-,-,-,-,-,-,-,-,-,-,-,-,-,-,-,-
2023-09-29 12:37:56+02:00,41.4804075,2.1891825,26.8,63,20,1019,19.3,34.7,-,6,-,-,-,-,-,-,-,-,-,-,-,-,-,-,-,-
2023-09-29 12:38:02+02:00,41.4804579,2.1891212,26.8,63,19,1019,19.2,34.6,-,4,-,-,-,-,-,-,-,-,-,-,-,-,-,-,-,-
2023-09-29 12:38:05+02:00,41.4804927,2.1890982,26.8,63,20,1019,19.2,34.6,-,4,-,-,-,-,-,-,-,-,-,-,-,-,-,-,-,-
2023-09-29 12:38:11+02:00,41.4805325,2.1890243,26.7,62,19,1019,19.0,34.4,-,4,-,-,-,-,-,-,-,-,-,-,-,-,-,-,-,-
2023-09-29 12:38:17+02:00,41.4805912,2.1889921,26.7,62,20,1019,18.8,34.2,-,4,-,-,-,-,-,-,-,-,-,-,-,-,-,-,-,-
2023-09-29 12:38:20+02:00,41.4806278,2.1889839,26.7,62,20,1019,18.8,34.2,-,4,-,-,-,-,-,-,-,-,-,-,-,-,-,-,-,-
2023-09-29 12:38:26+02:00,41.480692,2.188959,26.8,62,20,1019,18.9,34.4,-,4,-,-,-,-,-,-,-,-,-,-,-,-,-,-,-,-
2023-09-29 12:38:29+02:00,41.4807128,2.1889195,26.8,61,20,1019,18.8,34.3,-,4,-,-,-,-,-,-,-,-,-,-,-,-,-,-,-,-
2023-09-29 12:38:32+02:00,41.4807294,2.1888429,27.0,61,20,1019,19.0,34.6,-,5,-,-,-,-,-,-,-,-,-,-,-,-,-,-,-,-
2023-09-29 12:38:38+02:00,41.4807736,2.1887759,27.1,61,21,1019,18.9,34.7,-,3,-,-,-,-,-,-,-,-,-,-,-,-,-,-,-,-
2023-09-29 12:38:44+02:00,41.4808115,2.1887177,27.0,61,20,1019,19.0,34.7,-,3,-,-,-,-,-,-,-,-,-,-,-,-,-,-,-,-
2023-09-29 12:38:47+02:00,41.4808328,2.1886853,27.2,60,20,1019,19.0,35.0,-,4,-,-,-,-,-,-,-,-,-,-,-,-,-,-,-,-
2023-09-29 12:38:53+02:00,41.4808934,2.1886553,27.2,59,20,1019,18.6,34.6,-,2,-,-,-,-,-,-,-,-,-,-,-,-,-,-,-,-
2023-09-29 12:38:56+02:00,41.4809347,2.1886824,27.2,59,20,1019,18.6,34.5,-,4,-,-,-,-,-,-,-,-,-,-,-,-,-,-,-,-
2023-09-29 12:38:59+02:00,41.4809824,2.1887063,27.2,59,20,1019,18.6,34.6,-,4,-,-,-,-,-,-,-,-,-,-,-,-,-,-,-,-
2023-09-29 12:39:02+02:00,41.4810219,2.1886914,27.2,59,20,1019,18.6,34.6,-,5,-,-,-,-,-,-,-,-,-,-,-,-,-,-,-,-
2023-09-29 12:39:05+02:00,41.4810518,2.1886343,27.3,59,20,1019,18.7,34.8,-,5,-,-,-,-,-,-,-,-,-,-,-,-,-,-,-,-
2023-09-29 12:39:11+02:00,41.4811218,2.1885692,27.4,58,21,1019,18.7,34.9,-,5,-,-,-,-,-,-,-,-,-,-,-,-,-,-,-,-
2023-09-29 12:39:14+02:00,41.4811692,2.1885598,27.5,58,21,1019,18.7,35.0,-,5,-,-,-,-,-,-,-,-,-,-,-,-,-,-,-,-
2023-09-29 12:39:17+02:00,41.4812105,2.1885585,27.5,58,20,1019,18.6,35.0,-,3,-,-,-,-,-,-,-,-,-,-,-,-,-,-,-,-
2023-09-29 12:39:20+02:00,41.4812308,2.1885311,27.5,58,20,1019,18.6,34.9,-,3,-,-,-,-,-,-,-,-,-,-,-,-,-,-,-,-
2023-09-29 12:39:23+02:00,41.4812563,2.1884798,27.5,58,21,1019,18.7,35.1,-,5,-,-,-,-,-,-,-,-,-,-,-,-,-,-,-,-
2023-09-29 12:39:26+02:00,41.481286,2.1884319,27.6,58,20,1019,18.7,35.1,-,4,-,-,-,-,-,-,-,-,-,-,-,-,-,-,-,-
2023-09-29 12:39:29+02:00,41.4813165,2.1884101,27.6,58,21,1019,18.6,35.1,-,4,-,-,-,-,-,-,-,-,-,-,-,-,-,-,-,-
2023-09-29 12:39:32+02:00,41.4813519,2.1884173,27.7,58,21,1019,18.8,35.3,-,6,-,-,-,-,-,-,-,-,-,-,-,-,-,-,-,-
2023-09-29 12:39:35+02:00,41.4813839,2.1884692,27.8,58,21,1019,18.8,35.5,-,5,-,-,-,-,-,-,-,-,-,-,-,-,-,-,-,-
2023-09-29 12:39:38+02:00,41.481413,2.1885057,28.0,58,21,1019,19.0,35.8,-,3,-,-,-,-,-,-,-,-,-,-,-,-,-,-,-,-
2023-09-29 12:39:44+02:00,41.4814975,2.1885031,28.2,57,21,1019,19.1,36.1,-,5,-,-,-,-,-,-,-,-,-,-,-,-,-,-,-,-
2023-09-29 12:39:47+02:00,41.4815316,2.1885343,28.2,57,21,1019,19.0,36.1,-,4,-,-,-,-,-,-,-,-,-,-,-,-,-,-,-,-
2023-09-29 12:39:50+02:00,41.4815669,2.1885544,28.3,57,21,1019,19.2,36.3,-,5,-,-,-,-,-,-,-,-,-,-,-,-,-,-,-,-
2023-09-29 12:39:56+02:00,41.4816166,2.1886413,28.5,57,21,1019,19.3,36.7,-,5,-,-,-,-,-,-,-,-,-,-,-,-,-,-,-,-
2023-09-29 12:40:02+02:00,41.4816517,2.1886527,28.5,57,22,1019,19.4,36.8,-,3,-,-,-,-,-,-,-,-,-,-,-,-,-,-,-,-
2023-09-29 12:40:08+02:00,41.4817153,2.1885339,28.4,57,21,1019,19.4,36.7,-,3,-,-,-,-,-,-,-,-,-,-,-,-,-,-,-,-
2023-09-29 12:40:11+02:00,41.4817245,2.1884587,28.4,58,21,1019,19.3,36.6,-,4,-,-,-,-,-,-,-,-,-,-,-,-,-,-,-,-
2023-09-29 12:40:14+02:00,41.4817417,2.18843,28.2,57,21,1019,19.2,36.2,-,4,-,-,-,-,-,-,-,-,-,-,-,-,-,-,-,-
2023-09-29 12:40:17+02:00,41.4817851,2.1884412,28.2,58,22,1019,19.1,36.1,-,2,-,-,-,-,-,-,-,-,-,-,-,-,-,-,-,-
2023-09-29 12:40:23+02:00,41.4818553,2.1884756,28.1,57,21,1019,19.0,36.0,-,4,-,-,-,-,-,-,-,-,-,-,-,-,-,-,-,-
2023-09-29 12:40:26+02:00,41.4818845,2.1884883,28.0,57,22,1019,18.9,35.8,-,3,-,-,-,-,-,-,-,-,-,-,-,-,-,-,-,-
2023-09-29 12:40:32+02:00,41.4819314,2.1885063,28.0,57,21,1019,18.9,35.8,-,3,-,-,-,-,-,-,-,-,-,-,-,-,-,-,-,-
2023-09-29 12:40:35+02:00,41.4819457,2.188525,28.0,57,21,1019,18.8,35.7,-,2,-,-,-,-,-,-,-,-,-,-,-,-,-,-,-,-
2023-09-29 12:40:41+02:00,41.4819682,2.1885741,27.9,57,22,1019,18.7,35.5,-,3,-,-,-,-,-,-,-,-,-,-,-,-,-,-,-,-
2023-09-29 12:40:44+02:00,41.4819969,2.1885918,28.0,57,22,1019,18.7,35.6,-,1,-,-,-,-,-,-,-,-,-,-,-,-,-,-,-,-
2023-09-29 12:40:50+02:00,41.4820348,2.1885501,28.1,57,22,1019,19.0,36.0,-,3,-,-,-,-,-,-,-,-,-,-,-,-,-,-,-,-
2023-09-29 12:40:56+02:00,41.4820744,2.1884884,28.2,57,22,1019,19.0,36.1,-,2,-,-,-,-,-,-,-,-,-,-,-,-,-,-,-,-
2023-09-29 12:40:59+02:00,41.4820891,2.1884673,28.2,57,22,1019,18.9,36.0,-,3,-,-,-,-,-,-,-,-,-,-,-,-,-,-,-,-
2023-09-29 12:41:05+02:00,41.4821049,2.1884104,28.3,57,21,1019,19.0,36.2,-,1,-,-,-,-,-,-,-,-,-,-,-,-,-,-,-,-
2023-09-29 12:41:11+02:00,41.4820938,2.1883969,28.3,57,22,1019,19.1,36.3,-,0,-,-,-,-,-,-,-,-,-,-,-,-,-,-,-,-
2023-09-29 12:41:17+02:00,41.4820891,2.1883984,28.4,57,21,1019,19.3,36.5,-,0,-,-,-,-,-,-,-,-,-,-,-,-,-,-,-,-
2023-09-29 12:41:23+02:00,41.482085,2.1884037,28.4,57,22,1019,19.2,36.5,-,0,-,-,-,-,-,-,-,-,-,-,-,-,-,-,-,-
2023-09-29 12:41:29+02:00,41.482084,2.1884044,28.4,56,22,1019,19.0,36.3,-,0,-,-,-,-,-,-,-,-,-,-,-,-,-,-,-,-
2023-09-29 12:41:35+02:00,41.4820854,2.1884104,28.5,56,22,1019,18.9,36.3,-,0,-,-,-,-,-,-,-,-,-,-,-,-,-,-,-,-
2023-09-29 12:41:41+02:00,41.4820873,2.1884092,28.5,55,22,1019,18.9,36.3,-,0,-,-,-,-,-,-,-,-,-,-,-,-,-,-,-,-
2023-09-29 12:41:44+02:00,41.4820827,2.1884101,28.6,56,22,1019,18.9,36.4,-,0,-,-,-,-,-,-,-,-,-,-,-,-,-,-,-,-
2023-09-29 12:41:47+02:00,41.4820753,2.1884104,28.6,55,22,1019,18.9,36.4,-,0,-,-,-,-,-,-,-,-,-,-,-,-,-,-,-,-
2023-09-29 12:41:53+02:00,41.4820691,2.1884045,28.6,55,21,1019,18.8,36.4,-,0,-,-,-,-,-,-,-,-,-,-,-,-,-,-,-,-
2023-09-29 12:41:56+02:00,41.4820667,2.1884011,28.6,55,22,1019,18.7,36.3,-,0,-,-,-,-,-,-,-,-,-,-,-,-,-,-,-,-
2023-09-29 12:42:02+02:00,41.4820746,2.1883865,28.7,55,22,1019,19.0,36.6,-,1,-,-,-,-,-,-,-,-,-,-,-,-,-,-,-,-
2023-09-29 12:42:05+02:00,41.4820737,2.1883861,28.6,55,22,1019,18.9,36.5,-,0,-,-,-,-,-,-,-,-,-,-,-,-,-,-,-,-
2023-09-29 12:42:08+02:00,41.4820728,2.1883862,28.7,55,22,1019,19.0,36.7,-,0,-,-,-,-,-,-,-,-,-,-,-,-,-,-,-,-
2023-09-29 12:42:11+02:00,41.4820739,2.1883945,28.8,55,22,1019,19.1,36.8,-,0,-,-,-,-,-,-,-,-,-,-,-,-,-,-,-,-
2023-09-29 12:42:17+02:00,41.4820716,2.1884079,28.9,55,22,1019,19.1,36.9,-,0,-,-,-,-,-,-,-,-,-,-,-,-,-,-,-,-
2023-09-29 12:42:20+02:00,41.4820733,2.1884049,29.0,55,22,1019,19.1,37.0,-,0,-,-,-,-,-,-,-,-,-,-,-,-,-,-,-,-
2023-09-29 12:42:23+02:00,41.4820736,2.1884076,29.1,55,21,1019,19.2,37.3,-,0,-,-,-,-,-,-,-,-,-,-,-,-,-,-,-,-
2023-09-29 12:42:29+02:00,41.4820843,2.1884087,29.3,55,21,1019,19.4,37.7,-,0,-,-,-,-,-,-,-,-,-,-,-,-,-,-,-,-
2023-09-29 12:42:32+02:00,41.4820943,2.1884133,29.4,55,21,1019,19.5,37.8,-,0,-,-,-,-,-,-,-,-,-,-,-,-,-,-,-,-
2023-09-29 12:42:38+02:00,41.4821041,2.1884321,29.5,54,22,1019,19.4,37.9,-,0,-,-,-,-,-,-,-,-,-,-,-,-,-,-,-,-
2023-09-29 12:42:41+02:00,41.4821018,2.1884361,29.6,54,22,1019,19.4,38.0,-,0,-,-,-,-,-,-,-,-,-,-,-,-,-,-,-,-
2023-09-29 12:42:44+02:00,41.4820928,2.1884468,29.6,54,22,1019,19.5,38.2,-,1,-,-,-,-,-,-,-,-,-,-,-,-,-,-,-,-
2023-09-29 12:42:47+02:00,41.4820875,2.1884523,29.6,54,21,1019,19.5,38.2,-,0,-,-,-,-,-,-,-,-,-,-,-,-,-,-,-,-
2023-09-29 12:42:53+02:00,41.482068,2.1884632,29.7,54,22,1019,19.6,38.3,-,1,-,-,-,-,-,-,-,-,-,-,-,-,-,-,-,-
2023-09-29 12:42:56+02:00,41.4820604,2.18847,29.7,54,22,1019,19.7,38.4,-,1,-,-,-,-,-,-,-,-,-,-,-,-,-,-,-,-
2023-09-29 12:43:02+02:00,41.482083,2.1884669,29.7,54,22,1019,19.7,38.4,-,1,-,-,-,-,-,-,-,-,-,-,-,-,-,-,-,-
2023-09-29 12:43:08+02:00,41.4820958,2.1884666,29.7,54,22,1019,19.7,38.4,-,0,-,-,-,-,-,-,-,-,-,-,-,-,-,-,-,-
2023-09-29 12:43:14+02:00,41.4820946,2.1884653,29.7,55,22,1019,19.7,38.4,-,0,-,-,-,-,-,-,-,-,-,-,-,-,-,-,-,-
2023-09-29 12:43:20+02:00,41.4820829,2.1884681,29.8,55,22,1019,19.8,38.6,-,1,-,-,-,-,-,-,-,-,-,-,-,-,-,-,-,-
2023-09-29 12:43:23+02:00,41.482085,2.1884869,29.7,55,22,1019,19.8,38.5,-,4,-,-,-,-,-,-,-,-,-,-,-,-,-,-,-,-
2023-09-29 12:43:29+02:00,41.4821197,2.1885436,29.4,55,22,1019,19.5,38.0,-,2,-,-,-,-,-,-,-,-,-,-,-,-,-,-,-,-
2023-09-29 12:43:32+02:00,41.4821239,2.1885613,29.4,54,22,1019,19.3,37.7,-,3,-,-,-,-,-,-,-,-,-,-,-,-,-,-,-,-
2023-09-29 12:43:38+02:00,41.4821541,2.1886466,29.2,54,22,1019,19.2,37.4,-,4,-,-,-,-,-,-,-,-,-,-,-,-,-,-,-,-
2023-09-29 12:43:44+02:00,41.4821993,2.188705,29.1,55,22,1019,19.2,37.3,-,4,-,-,-,-,-,-,-,-,-,-,-,-,-,-,-,-
2023-09-29 12:43:50+02:00,41.4821841,2.1888043,29.1,54,21,1019,19.0,37.0,-,4,-,-,-,-,-,-,-,-,-,-,-,-,-,-,-,-
2023-09-29 12:43:53+02:00,41.4821576,2.1888375,29.0,54,22,1019,18.8,36.9,-,3,-,-,-,-,-,-,-,-,-,-,-,-,-,-,-,-
2023-09-29 12:43:56+02:00,41.4821377,2.1888686,29.0,54,21,1019,18.8,36.9,-,2,-,-,-,-,-,-,-,-,-,-,-,-,-,-,-,-
2023-09-29 12:44:02+02:00,41.482125,2.1888819,29.1,54,22,1019,19.1,37.3,-,2,-,-,-,-,-,-,-,-,-,-,-,-,-,-,-,-
2023-09-29 12:44:08+02:00,41.4821579,2.1888362,29.2,54,21,1019,19.1,37.3,-,1,-,-,-,-,-,-,-,-,-,-,-,-,-,-,-,-
2023-09-29 12:44:11+02:00,41.4821573,2.1888774,29.2,54,21,1019,19.2,37.4,-,4,-,-,-,-,-,-,-,-,-,-,-,-,-,-,-,-
2023-09-29 12:44:14+02:00,41.4821736,2.1889414,29.2,54,21,1019,19.2,37.5,-,4,-,-,-,-,-,-,-,-,-,-,-,-,-,-,-,-
2023-09-29 12:44:17+02:00,41.4822,2.1889942,29.3,54,22,1019,19.3,37.6,-,2,-,-,-,-,-,-,-,-,-,-,-,-,-,-,-,-
2023-09-29 12:44:23+02:00,41.482211,2.1890836,29.4,55,22,1019,19.4,37.7,-,3,-,-,-,-,-,-,-,-,-,-,-,-,-,-,-,-
2023-09-29 12:44:26+02:00,41.4822107,2.1891533,29.4,55,22,1019,19.4,37.8,-,4,-,-,-,-,-,-,-,-,-,-,-,-,-,-,-,-
2023-09-29 12:44:29+02:00,41.482239,2.1891934,29.4,55,21,1019,19.5,37.9,-,3,-,-,-,-,-,-,-,-,-,-,-,-,-,-,-,-
2023-09-29 12:44:32+02:00,41.4822735,2.1892134,29.4,55,22,1019,19.5,37.9,-,2,-,-,-,-,-,-,-,-,-,-,-,-,-,-,-,-
2023-09-29 12:44:35+02:00,41.4823035,2.1892368,29.3,55,22,1019,19.4,37.7,-,3,-,-,-,-,-,-,-,-,-,-,-,-,-,-,-,-
2023-09-29 12:44:41+02:00,41.4823701,2.1893078,29.4,55,22,1019,19.6,38.0,-,4,-,-,-,-,-,-,-,-,-,-,-,-,-,-,-,-
2023-09-29 12:44:44+02:00,41.4824042,2.1893312,29.4,55,21,1019,19.6,37.9,-,4,-,-,-,-,-,-,-,-,-,-,-,-,-,-,-,-
2023-09-29 12:44:50+02:00,41.4824531,2.1894015,29.5,55,21,1019,19.7,38.1,-,2,-,-,-,-,-,-,-,-,-,-,-,-,-,-,-,-
2023-09-29 12:44:56+02:00,41.4824768,2.1894915,29.4,55,22,1019,19.7,38.0,-,3,-,-,-,-,-,-,-,-,-,-,-,-,-,-,-,-
2023-09-29 12:45:02+02:00,41.4825198,2.1895611,29.4,56,21,1019,19.7,38.1,-,4,-,-,-,-,-,-,-,-,-,-,-,-,-,-,-,-
2023-09-29 12:45:05+02:00,41.4825391,2.1895988,29.3,56,22,1019,19.7,38.0,-,4,-,-,-,-,-,-,-,-,-,-,-,-,-,-,-,-
2023-09-29 12:45:08+02:00,41.4825572,2.1896356,29.3,56,22,1019,19.8,38.0,-,4,-,-,-,-,-,-,-,-,-,-,-,-,-,-,-,-
2023-09-29 12:45:14+02:00,41.4826035,2.1897076,29.3,56,22,1019,19.8,38.0,-,3,-,-,-,-,-,-,-,-,-,-,-,-,-,-,-,-
2023-09-29 12:45:20+02:00,41.4826373,2.1897908,29.3,56,22,1019,19.8,38.0,-,4,-,-,-,-,-,-,-,-,-,-,-,-,-,-,-,-
2023-09-29 12:45:26+02:00,41.4826661,2.1898933,29.2,56,22,1019,19.8,37.9,-,5,-,-,-,-,-,-,-,-,-,-,-,-,-,-,-,-
2023-09-29 12:45:32+02:00,41.4827125,2.1899595,29.2,56,21,1019,19.8,37.9,-,4,-,-,-,-,-,-,-,-,-,-,-,-,-,-,-,-
2023-09-29 12:45:38+02:00,41.4827733,2.1900303,29.2,56,22,1019,19.8,37.9,-,5,-,-,-,-,-,-,-,-,-,-,-,-,-,-,-,-
2023-09-29 12:45:41+02:00,41.4828112,2.1900672,29.2,56,21,1019,19.7,37.9,-,5,-,-,-,-,-,-,-,-,-,-,-,-,-,-,-,-
2023-09-29 12:45:44+02:00,41.4828447,2.1901093,29.2,56,22,1019,19.8,37.9,-,4,-,-,-,-,-,-,-,-,-,-,-,-,-,-,-,-
2023-09-29 12:45:47+02:00,41.4828727,2.1901567,29.2,57,21,1019,19.8,37.9,-,5,-,-,-,-,-,-,-,-,-,-,-,-,-,-,-,-
2023-09-29 12:45:50+02:00,41.4828801,2.1902104,29.2,57,22,1019,19.9,38.0,-,4,-,-,-,-,-,-,-,-,-,-,-,-,-,-,-,-
2023-09-29 12:45:53+02:00,41.4828587,2.1902611,29.1,57,22,1019,19.9,37.9,-,4,-,-,-,-,-,-,-,-,-,-,-,-,-,-,-,-
2023-09-29 12:45:56+02:00,41.4828235,2.1903067,29.1,57,21,1019,19.9,37.9,-,4,-,-,-,-,-,-,-,-,-,-,-,-,-,-,-,-
2023-09-29 12:45:59+02:00,41.4827805,2.1903435,29.0,58,22,1019,19.9,37.9,-,3,-,-,-,-,-,-,-,-,-,-,-,-,-,-,-,-
2023-09-29 12:46:02+02:00,41.4827447,2.190395,28.9,58,22,1019,19.8,37.6,-,5,-,-,-,-,-,-,-,-,-,-,-,-,-,-,-,-
2023-09-29 12:46:05+02:00,41.482731,2.1904537,28.8,58,22,1019,19.9,37.5,-,4,-,-,-,-,-,-,-,-,-,-,-,-,-,-,-,-
2023-09-29 12:46:08+02:00,41.4827261,2.1905027,28.6,58,21,1019,19.8,37.2,-,3,-,-,-,-,-,-,-,-,-,-,-,-,-,-,-,-
2023-09-29 12:46:11+02:00,41.4827566,2.190518,28.6,58,21,1019,19.8,37.2,-,4,-,-,-,-,-,-,-,-,-,-,-,-,-,-,-,-
2023-09-29 12:46:17+02:00,41.4828233,2.1905276,28.6,59,22,1019,20.0,37.4,-,3,-,-,-,-,-,-,-,-,-,-,-,-,-,-,-,-
2023-09-29 12:46:23+02:00,41.4828802,2.1905215,28.6,60,22,1019,20.2,37.6,-,4,-,-,-,-,-,-,-,-,-,-,-,-,-,-,-,-
2023-09-29 12:46:26+02:00,41.4829125,2.1905244,28.5,60,23,1019,20.1,37.4,-,4,-,-,-,-,-,-,-,-,-,-,-,-,-,-,-,-
2023-09-29 12:46:32+02:00,41.4830029,2.1905323,28.4,59,22,1019,19.8,37.0,-,6,-,-,-,-,-,-,-,-,-,-,-,-,-,-,-,-
2023-09-29 12:46:35+02:00,41.4830522,2.1905369,28.4,59,22,1019,19.7,36.9,-,5,-,-,-,-,-,-,-,-,-,-,-,-,-,-,-,-
2023-09-29 12:46:38+02:00,41.4830952,2.1905317,28.4,59,22,1019,19.8,37.0,-,5,-,-,-,-,-,-,-,-,-,-,-,-,-,-,-,-
2023-09-29 12:46:41+02:00,41.483141,2.1905272,28.3,59,22,1019,19.8,36.9,-,5,-,-,-,-,-,-,-,-,-,-,-,-,-,-,-,-
2023-09-29 12:46:47+02:00,41.4832161,2.1905055,28.4,59,21,1019,19.8,37.0,-,5,-,-,-,-,-,-,-,-,-,-,-,-,-,-,-,-
2023-09-29 12:46:50+02:00,41.4832541,2.1905024,28.5,59,21,1019,19.8,37.1,-,4,-,-,-,-,-,-,-,-,-,-,-,-,-,-,-,-
2023-09-29 12:46:56+02:00,41.4832902,2.1905655,28.6,60,21,1019,20.2,37.5,-,4,-,-,-,-,-,-,-,-,-,-,-,-,-,-,-,-
2023-09-29 12:46:59+02:00,41.4833121,2.1906038,28.6,60,22,1019,20.2,37.7,-,3,-,-,-,-,-,-,-,-,-,-,-,-,-,-,-,-
2023-09-29 12:47:05+02:00,41.4833428,2.1906462,28.8,60,21,1019,20.4,38.0,-,1,-,-,-,-,-,-,-,-,-,-,-,-,-,-,-,-
2023-09-29 12:47:11+02:00,41.4833865,2.1906528,28.7,60,22,1019,20.2,37.7,-,2,-,-,-,-,-,-,-,-,-,-,-,-,-,-,-,-
2023-09-29 12:47:17+02:00,41.4834549,2.1905924,28.7,60,22,1019,20.2,37.7,-,5,-,-,-,-,-,-,-,-,-,-,-,-,-,-,-,-
2023-09-29 12:47:20+02:00,41.4835165,2.1905843,28.7,60,21,1019,20.3,37.8,-,3,-,-,-,-,-,-,-,-,-,-,-,-,-,-,-,-
2023-09-29 12:47:23+02:00,41.4835706,2.1906034,28.7,60,22,1019,20.4,37.9,-,3,-,-,-,-,-,-,-,-,-,-,-,-,-,-,-,-
2023-09-29 12:47:26+02:00,41.4836164,2.1906301,28.8,60,21,1019,20.5,38.2,-,3,-,-,-,-,-,-,-,-,-,-,-,-,-,-,-,-
2023-09-29 12:47:32+02:00,41.4836945,2.1906525,28.9,60,22,1019,20.5,38.1,-,4,-,-,-,-,-,-,-,-,-,-,-,-,-,-,-,-
2023-09-29 12:47:35+02:00,41.483753,2.190652,28.9,60,22,1019,20.4,38.1,-,5,-,-,-,-,-,-,-,-,-,-,-,-,-,-,-,-
2023-09-29 12:47:41+02:00,41.4838169,2.1906499,28.9,60,22,1019,20.4,38.0,-,4,-,-,-,-,-,-,-,-,-,-,-,-,-,-,-,-
2023-09-29 12:47:47+02:00,41.4839031,2.1906672,28.9,60,22,1019,20.4,38.1,-,5,-,-,-,-,-,-,-,-,-,-,-,-,-,-,-,-
2023-09-29 12:47:50+02:00,41.4839367,2.1906893,28.9,60,22,1019,20.5,38.2,-,2,-,-,-,-,-,-,-,-,-,-,-,-,-,-,-,-
2023-09-29 12:47:53+02:00,41.4839485,2.1907253,28.9,60,21,1019,20.5,38.2,-,2,-,-,-,-,-,-,-,-,-,-,-,-,-,-,-,-
2023-09-29 12:47:59+02:00,41.4840015,2.1907416,28.9,60,22,1019,20.5,38.2,-,4,-,-,-,-,-,-,-,-,-,-,-,-,-,-,-,-
2023-09-29 12:48:02+02:00,41.4840338,2.1907436,28.9,59,22,1019,20.2,37.9,-,3,-,-,-,-,-,-,-,-,-,-,-,-,-,-,-,-
2023-09-29 12:48:08+02:00,41.4840882,2.1907602,28.9,59,21,1019,20.1,37.8,-,1,-,-,-,-,-,-,-,-,-,-,-,-,-,-,-,-
2023-09-29 12:48:14+02:00,41.4841494,2.1907685,28.9,59,22,1019,20.2,38.0,-,4,-,-,-,-,-,-,-,-,-,-,-,-,-,-,-,-
2023-09-29 12:48:17+02:00,41.4842,2.1907774,28.9,59,21,1019,20.2,37.9,-,4,-,-,-,-,-,-,-,-,-,-,-,-,-,-,-,-
2023-09-29 12:48:20+02:00,41.4842457,2.1907793,28.8,59,22,1019,20.2,37.9,-,3,-,-,-,-,-,-,-,-,-,-,-,-,-,-,-,-
2023-09-29 12:48:26+02:00,41.4843044,2.1907881,28.9,59,22,1019,20.3,38.0,-,1,-,-,-,-,-,-,-,-,-,-,-,-,-,-,-,-
2023-09-29 12:48:32+02:00,41.4843918,2.1908196,28.9,59,22,1019,20.3,38.0,-,5,-,-,-,-,-,-,-,-,-,-,-,-,-,-,-,-
2023-09-29 12:48:35+02:00,41.4844488,2.1908201,28.9,59,22,1019,20.3,38.0,-,5,-,-,-,-,-,-,-,-,-,-,-,-,-,-,-,-
2023-09-29 12:48:38+02:00,41.4845056,2.1908276,28.9,59,21,1019,20.2,37.9,-,5,-,-,-,-,-,-,-,-,-,-,-,-,-,-,-,-
2023-09-29 12:48:44+02:00,41.4845571,2.1908484,28.9,59,22,1019,20.3,38.0,-,2,-,-,-,-,-,-,-,-,-,-,-,-,-,-,-,-
2023-09-29 12:48:50+02:00,41.4845664,2.1908587,29.0,60,22,1019,20.6,38.4,-,2,-,-,-,-,-,-,-,-,-,-,-,-,-,-,-,-
2023-09-29 12:48:53+02:00,41.4845692,2.190876,29.0,61,22,1019,20.8,38.6,-,2,-,-,-,-,-,-,-,-,-,-,-,-,-,-,-,-
2023-09-29 12:48:59+02:00,41.4846332,2.1909205,29.1,61,22,1019,20.8,38.7,-,5,-,-,-,-,-,-,-,-,-,-,-,-,-,-,-,-
2023-09-29 12:49:02+02:00,41.4847154,2.1909358,29.1,60,22,1019,20.7,38.6,-,3,-,-,-,-,-,-,-,-,-,-,-,-,-,-,-,-
2023-09-29 12:49:05+02:00,41.484791,2.1909192,29.1,60,22,1019,20.7,38.6,-,2,-,-,-,-,-,-,-,-,-,-,-,-,-,-,-,-
2023-09-29 12:49:08+02:00,41.4848498,2.1908794,29.1,60,22,1019,20.7,38.6,-,2,-,-,-,-,-,-,-,-,-,-,-,-,-,-,-,-
2023-09-29 12:49:11+02:00,41.4848999,2.1908728,29.2,60,22,1019,20.7,38.7,-,3,-,-,-,-,-,-,-,-,-,-,-,-,-,-,-,-
2023-09-29 12:49:14+02:00,41.4849503,2.1908974,29.2,60,22,1019,20.6,38.6,-,3,-,-,-,-,-,-,-,-,-,-,-,-,-,-,-,-
2023-09-29 12:49:20+02:00,41.4849974,2.1909229,29.2,60,22,1019,20.8,38.9,-,2,-,-,-,-,-,-,-,-,-,-,-,-,-,-,-,-
2023-09-29 12:49:26+02:00,41.4849993,2.1909428,29.2,60,22,1019,20.8,38.8,-,1,-,-,-,-,-,-,-,-,-,-,-,-,-,-,-,-
2023-09-29 12:49:32+02:00,41.4850011,2.1909535,29.2,59,22,1019,20.6,38.7,-,0,-,-,-,-,-,-,-,-,-,-,-,-,-,-,-,-
2023-09-29 12:49:35+02:00,41.4849985,2.190959,29.3,59,22,1019,20.7,38.8,-,0,-,-,-,-,-,-,-,-,-,-,-,-,-,-,-,-
2023-09-29 12:49:41+02:00,41.4849957,2.1909681,29.2,60,22,1019,20.7,38.7,-,0,-,-,-,-,-,-,-,-,-,-,-,-,-,-,-,-
2023-09-29 12:49:44+02:00,41.4849882,2.1909776,29.3,60,22,1019,20.9,39.0,-,0,-,-,-,-,-,-,-,-,-,-,-,-,-,-,-,-
2023-09-29 12:49:47+02:00,41.4849847,2.1909888,29.3,60,22,1019,20.8,38.9,-,0,-,-,-,-,-,-,-,-,-,-,-,-,-,-,-,-
2023-09-29 12:49:53+02:00,41.4849798,2.1910001,29.3,60,22,1019,20.9,39.1,-,0,-,-,-,-,-,-,-,-,-,-,-,-,-,-,-,-
2023-09-29 12:49:56+02:00,41.4849792,2.1910036,29.3,60,22,1019,20.9,39.0,-,0,-,-,-,-,-,-,-,-,-,-,-,-,-,-,-,-
2023-09-29 12:50:02+02:00,41.484989,2.1909995,29.3,60,22,1019,20.9,39.0,-,0,-,-,-,-,-,-,-,-,-,-,-,-,-,-,-,-
2023-09-29 12:50:08+02:00,41.4849852,2.1910024,29.3,60,22,1019,20.9,39.0,-,0,-,-,-,-,-,-,-,-,-,-,-,-,-,-,-,-
2023-09-29 12:50:11+02:00,41.4849854,2.1910024,29.3,60,22,1019,20.9,39.0,-,0,-,-,-,-,-,-,-,-,-,-,-,-,-,-,-,-
2023-09-29 12:50:14+02:00,41.484986,2.1910009,29.3,60,22,1019,20.8,38.9,-,0,-,-,-,-,-,-,-,-,-,-,-,-,-,-,-,-
2023-09-29 12:50:20+02:00,41.484987,2.1909999,29.2,60,22,1019,20.7,38.7,-,0,-,-,-,-,-,-,-,-,-,-,-,-,-,-,-,-
2023-09-29 12:50:26+02:00,41.4849943,2.1909994,29.2,60,22,1019,20.7,38.8,-,0,-,-,-,-,-,-,-,-,-,-,-,-,-,-,-,-
2023-09-29 12:50:29+02:00,41.4849703,2.1909942,29.2,60,22,1019,20.7,38.8,-,2,-,-,-,-,-,-,-,-,-,-,-,-,-,-,-,-
2023-09-29 12:50:35+02:00,41.4849474,2.1910072,29.2,60,22,1019,20.6,38.6,-,1,-,-,-,-,-,-,-,-,-,-,-,-,-,-,-,-
2023-09-29 12:50:38+02:00,41.4849559,2.191016,29.3,59,22,1019,20.7,38.8,-,1,-,-,-,-,-,-,-,-,-,-,-,-,-,-,-,-
2023-09-29 12:50:44+02:00,41.4849648,2.1909887,29.1,59,22,1019,20.6,38.6,-,0,-,-,-,-,-,-,-,-,-,-,-,-,-,-,-,-
2023-09-29 12:50:50+02:00,41.4849622,2.1909926,29.0,60,21,1019,20.7,38.5,-,0,-,-,-,-,-,-,-,-,-,-,-,-,-,-,-,-
2023-09-29 12:50:56+02:00,41.4849719,2.1909966,29.0,61,22,1019,20.7,38.5,-,1,-,-,-,-,-,-,-,-,-,-,-,-,-,-,-,-
2023-09-29 12:51:02+02:00,41.4849783,2.1909952,29.0,60,22,1019,20.7,38.4,-,0,-,-,-,-,-,-,-,-,-,-,-,-,-,-,-,-
2023-09-29 12:51:08+02:00,41.4849726,2.1909969,29.0,60,22,1019,20.6,38.4,-,0,-,-,-,-,-,-,-,-,-,-,-,-,-,-,-,-
2023-09-29 12:51:14+02:00,41.4849724,2.1909956,28.9,60,21,1019,20.5,38.2,-,0,-,-,-,-,-,-,-,-,-,-,-,-,-,-,-,-
2023-09-29 12:51:17+02:00,41.4849692,2.1909967,28.9,60,22,1019,20.6,38.3,-,0,-,-,-,-,-,-,-,-,-,-,-,-,-,-,-,-
2023-09-29 12:51:20+02:00,41.484966,2.1909981,29.0,60,22,1019,20.6,38.4,-,0,-,-,-,-,-,-,-,-,-,-,-,-,-,-,-,-
2023-09-29 12:51:23+02:00,41.4849647,2.1909991,28.9,61,22,1019,20.7,38.4,-,0,-,-,-,-,-,-,-,-,-,-,-,-,-,-,-,-
2023-09-29 12:51:29+02:00,41.4849641,2.1909996,28.9,60,23,1019,20.5,38.2,-,0,-,-,-,-,-,-,-,-,-,-,-,-,-,-,-,-
2023-09-29 12:51:35+02:00,41.4849629,2.1910003,28.8,60,22,1019,20.5,38.1,-,0,-,-,-,-,-,-,-,-,-,-,-,-,-,-,-,-
2023-09-29 12:51:38+02:00,41.4849629,2.1910004,28.8,61,22,1019,20.6,38.1,-,0,-,-,-,-,-,-,-,-,-,-,-,-,-,-,-,-
2023-09-29 12:51:41+02:00,41.4849628,2.1910004,28.8,61,21,1019,20.5,38.1,-,0,-,-,-,-,-,-,-,-,-,-,-,-,-,-,-,-
2023-09-29 12:51:47+02:00,41.4849626,2.1910009,28.6,61,22,1019,20.5,37.9,-,0,-,-,-,-,-,-,-,-,-,-,-,-,-,-,-,-
2023-09-29 12:51:53+02:00,41.4849626,2.1910008,28.5,61,22,1019,20.4,37.7,-,0,-,-,-,-,-,-,-,-,-,-,-,-,-,-,-,-
2023-09-29 12:51:59+02:00,41.4849625,2.1910009,28.5,61,22,1019,20.2,37.5,-,0,-,-,-,-,-,-,-,-,-,-,-,-,-,-,-,-
2023-09-29 12:52:05+02:00,41.4849626,2.1910009,28.4,61,22,1019,20.2,37.4,-,0,-,-,-,-,-,-,-,-,-,-,-,-,-,-,-,-
2023-09-29 12:52:08+02:00,41.4849626,2.191001,28.3,61,22,1019,20.2,37.3,-,0,-,-,-,-,-,-,-,-,-,-,-,-,-,-,-,-
2023-09-29 12:52:11+02:00,41.4849678,2.1910006,28.3,61,23,1019,20.2,37.3,-,0,-,-,-,-,-,-,-,-,-,-,-,-,-,-,-,-
2023-09-29 12:52:17+02:00,41.4849728,2.1910032,28.3,61,22,1019,20.2,37.2,-,0,-,-,-,-,-,-,-,-,-,-,-,-,-,-,-,-
2023-09-29 12:52:20+02:00,41.4849705,2.1910039,28.3,61,22,1019,20.2,37.3,-,0,-,-,-,-,-,-,-,-,-,-,-,-,-,-,-,-
2023-09-29 12:52:26+02:00,41.4849699,2.1910036,28.2,61,22,1019,20.2,37.1,-,0,-,-,-,-,-,-,-,-,-,-,-,-,-,-,-,-
2023-09-29 12:52:29+02:00,41.484972,2.191005,28.2,61,23,1019,20.2,37.2,-,0,-,-,-,-,-,-,-,-,-,-,-,-,-,-,-,-
2023-09-29 12:52:35+02:00,41.4849732,2.1910021,28.3,61,22,1019,20.2,37.2,-,0,-,-,-,-,-,-,-,-,-,-,-,-,-,-,-,-
2023-09-29 12:52:38+02:00,41.4849728,2.1910014,28.2,62,22,1019,20.3,37.3,-,0,-,-,-,-,-,-,-,-,-,-,-,-,-,-,-,-
2023-09-29 12:52:44+02:00,41.4849737,2.1910016,28.3,61,21,1019,20.2,37.1,-,0,-,-,-,-,-,-,-,-,-,-,-,-,-,-,-,-
2023-09-29 12:52:50+02:00,41.4849733,2.191001,28.3,61,21,1019,20.1,37.1,-,0,-,-,-,-,-,-,-,-,-,-,-,-,-,-,-,-
2023-09-29 12:52:53+02:00,41.4849736,2.191001,28.3,61,22,1019,20.1,37.1,-,0,-,-,-,-,-,-,-,-,-,-,-,-,-,-,-,-
2023-09-29 12:52:56+02:00,41.4849738,2.1910011,28.2,61,22,1019,20.1,37.0,-,0,-,-,-,-,-,-,-,-,-,-,-,-,-,-,-,-
2023-09-29 12:53:02+02:00,41.4849738,2.1910008,28.2,61,22,1019,20.1,37.1,-,0,-,-,-,-,-,-,-,-,-,-,-,-,-,-,-,-
2023-09-29 12:53:05+02:00,41.4849739,2.1910006,28.2,61,22,1019,20.1,37.1,-,0,-,-,-,-,-,-,-,-,-,-,-,-,-,-,-,-
2023-09-29 12:53:11+02:00,41.484974,2.1910004,28.2,61,22,1019,20.1,37.1,-,0,-,-,-,-,-,-,-,-,-,-,-,-,-,-,-,-
2023-09-29 12:53:14+02:00,41.484974,2.1910004,28.2,61,22,1019,20.2,37.1,-,0,-,-,-,-,-,-,-,-,-,-,-,-,-,-,-,-
2023-09-29 12:53:17+02:00,41.484974,2.1910005,28.2,61,21,1019,20.2,37.1,-,0,-,-,-,-,-,-,-,-,-,-,-,-,-,-,-,-
2023-09-29 12:53:23+02:00,41.4849739,2.1910006,28.2,61,22,1019,20.1,37.0,-,0,-,-,-,-,-,-,-,-,-,-,-,-,-,-,-,-
2023-09-29 12:53:29+02:00,41.4849885,2.1909795,28.3,61,22,1019,20.3,37.3,-,2,-,-,-,-,-,-,-,-,-,-,-,-,-,-,-,-
2023-09-29 12:53:35+02:00,41.4849994,2.1909549,28.2,61,21,1019,20.2,37.1,-,0,-,-,-,-,-,-,-,-,-,-,-,-,-,-,-,-
2023-09-29 12:53:41+02:00,41.4849878,2.1909428,28.3,61,22,1019,20.1,37.1,-,0,-,-,-,-,-,-,-,-,-,-,-,-,-,-,-,-
2023-09-29 12:53:47+02:00,41.4849874,2.1909547,28.3,61,22,1019,20.1,37.2,-,0,-,-,-,-,-,-,-,-,-,-,-,-,-,-,-,-
2023-09-29 12:53:53+02:00,41.484982,2.1909758,28.1,62,22,1019,20.1,36.9,-,1,-,-,-,-,-,-,-,-,-,-,-,-,-,-,-,-
2023-09-29 12:53:59+02:00,41.4849802,2.1909642,28.2,62,22,1019,20.3,37.2,-,0,-,-,-,-,-,-,-,-,-,-,-,-,-,-,-,-
2023-09-29 12:54:05+02:00,41.4849777,2.1909505,28.1,62,22,1019,20.4,37.1,-,0,-,-,-,-,-,-,-,-,-,-,-,-,-,-,-,-
2023-09-29 12:54:11+02:00,41.4849669,2.1909441,28.2,62,22,1019,20.2,37.1,-,1,-,-,-,-,-,-,-,-,-,-,-,-,-,-,-,-
2023-09-29 12:54:14+02:00,41.4849732,2.1909049,28.0,61,22,1019,20.0,36.7,-,3,-,-,-,-,-,-,-,-,-,-,-,-,-,-,-,-
2023-09-29 12:54:17+02:00,41.4850025,2.1908476,27.9,61,22,1019,19.9,36.5,-,3,-,-,-,-,-,-,-,-,-,-,-,-,-,-,-,-
2023-09-29 12:54:20+02:00,41.4850491,2.1908026,27.9,61,22,1019,19.9,36.5,-,4,-,-,-,-,-,-,-,-,-,-,-,-,-,-,-,-
2023-09-29 12:54:23+02:00,41.4850866,2.1907739,28.0,61,22,1019,20.0,36.7,-,3,-,-,-,-,-,-,-,-,-,-,-,-,-,-,-,-
2023-09-29 12:54:29+02:00,41.4851168,2.1907063,28.0,61,22,1019,19.8,36.6,-,2,-,-,-,-,-,-,-,-,-,-,-,-,-,-,-,-
2023-09-29 12:54:35+02:00,41.4851293,2.1906383,28.1,60,22,1019,19.7,36.6,-,3,-,-,-,-,-,-,-,-,-,-,-,-,-,-,-,-
2023-09-29 12:54:38+02:00,41.4851312,2.1906074,28.1,60,22,1019,19.7,36.5,-,3,-,-,-,-,-,-,-,-,-,-,-,-,-,-,-,-
2023-09-29 12:54:41+02:00,41.4851426,2.190576,28.1,60,22,1019,19.7,36.5,-,4,-,-,-,-,-,-,-,-,-,-,-,-,-,-,-,-
2023-09-29 12:54:44+02:00,41.4851619,2.1905412,28.0,60,23,1019,19.7,36.5,-,4,-,-,-,-,-,-,-,-,-,-,-,-,-,-,-,-
2023-09-29 12:54:50+02:00,41.485213,2.1905084,28.1,60,22,1019,19.8,36.6,-,1,-,-,-,-,-,-,-,-,-,-,-,-,-,-,-,-
2023-09-29 12:54:53+02:00,41.4852399,2.1905008,28.1,60,22,1019,19.8,36.7,-,2,-,-,-,-,-,-,-,-,-,-,-,-,-,-,-,-
2023-09-29 12:54:56+02:00,41.4852616,2.1904855,28.1,60,22,1019,19.7,36.6,-,2,-,-,-,-,-,-,-,-,-,-,-,-,-,-,-,-
2023-09-29 12:55:02+02:00,41.4852745,2.1904156,28.1,60,22,1019,19.7,36.5,-,3,-,-,-,-,-,-,-,-,-,-,-,-,-,-,-,-
2023-09-29 12:55:08+02:00,41.4853596,2.1902373,28.0,60,22,1019,19.6,36.3,-,8,-,-,-,-,-,-,-,-,-,-,-,-,-,-,-,-
2023-09-29 12:55:11+02:00,41.485438,2.1901549,27.9,60,22,1019,19.5,36.1,-,4,-,-,-,-,-,-,-,-,-,-,-,-,-,-,-,-
2023-09-29 12:55:14+02:00,41.485447,2.1901255,27.7,60,22,1019,19.3,35.8,-,1,-,-,-,-,-,-,-,-,-,-,-,-,-,-,-,-
2023-09-29 12:55:17+02:00,41.4853936,2.1901174,27.7,60,22,1019,19.3,35.7,-,3,-,-,-,-,-,-,-,-,-,-,-,-,-,-,-,-
2023-09-29 12:55:20+02:00,41.4853424,2.1901023,27.7,60,22,1019,19.3,35.7,-,3,-,-,-,-,-,-,-,-,-,-,-,-,-,-,-,-
2023-09-29 12:55:23+02:00,41.485293,2.1900953,27.6,60,22,1019,19.3,35.7,-,3,-,-,-,-,-,-,-,-,-,-,-,-,-,-,-,-
2023-09-29 12:55:26+02:00,41.4852525,2.1900868,27.6,60,23,1019,19.3,35.6,-,4,-,-,-,-,-,-,-,-,-,-,-,-,-,-,-,-
2023-09-29 12:55:29+02:00,41.4852067,2.1900747,27.6,60,23,1019,19.3,35.6,-,5,-,-,-,-,-,-,-,-,-,-,-,-,-,-,-,-
2023-09-29 12:55:32+02:00,41.4851824,2.1900557,27.6,60,22,1019,19.3,35.7,-,2,-,-,-,-,-,-,-,-,-,-,-,-,-,-,-,-
2023-09-29 12:55:35+02:00,41.4851861,2.1900155,27.7,60,23,1019,19.3,35.8,-,4,-,-,-,-,-,-,-,-,-,-,-,-,-,-,-,-
2023-09-29 12:55:38+02:00,41.4852121,2.1899556,27.7,60,22,1019,19.5,35.9,-,3,-,-,-,-,-,-,-,-,-,-,-,-,-,-,-,-
2023-09-29 12:55:44+02:00,41.4852446,2.1898571,27.8,61,23,1019,19.6,36.1,-,10,-,-,-,-,-,-,-,-,-,-,-,-,-,-,-,-
2023-09-29 12:55:47+02:00,41.4852672,2.1897917,27.5,61,22,1019,19.4,35.6,-,3,-,-,-,-,-,-,-,-,-,-,-,-,-,-,-,-
2023-09-29 12:55:50+02:00,41.4852796,2.189757,27.4,61,22,1019,19.3,35.5,-,5,-,-,-,-,-,-,-,-,-,-,-,-,-,-,-,-
2023-09-29 12:55:56+02:00,41.4853122,2.1896815,27.3,61,21,1019,19.2,35.2,-,4,-,-,-,-,-,-,-,-,-,-,-,-,-,-,-,-
2023-09-29 12:56:02+02:00,41.485349,2.1896334,27.1,61,21,1019,19.1,34.9,-,5,-,-,-,-,-,-,-,-,-,-,-,-,-,-,-,-
2023-09-29 12:56:05+02:00,41.4853539,2.1896017,27.1,60,21,1019,18.9,34.8,-,3,-,-,-,-,-,-,-,-,-,-,-,-,-,-,-,-
2023-09-29 12:56:11+02:00,41.4853642,2.1895651,27.0,60,22,1019,18.8,34.5,-,2,-,-,-,-,-,-,-,-,-,-,-,-,-,-,-,-
2023-09-29 12:56:14+02:00,41.4853733,2.1895458,27.1,60,22,1019,18.8,34.6,-,2,-,-,-,-,-,-,-,-,-,-,-,-,-,-,-,-
2023-09-29 12:56:20+02:00,41.4854235,2.1895158,27.1,60,22,1019,18.8,34.7,-,3,-,-,-,-,-,-,-,-,-,-,-,-,-,-,-,-
2023-09-29 12:56:23+02:00,41.4854436,2.1895006,27.4,59,22,1019,18.9,35.0,-,2,-,-,-,-,-,-,-,-,-,-,-,-,-,-,-,-
2023-09-29 12:56:29+02:00,41.4854952,2.1894848,27.6,59,22,1019,19.0,35.5,-,3,-,-,-,-,-,-,-,-,-,-,-,-,-,-,-,-
2023-09-29 12:56:32+02:00,41.4855275,2.1894937,27.7,59,22,1019,19.0,35.5,-,3,-,-,-,-,-,-,-,-,-,-,-,-,-,-,-,-
2023-09-29 12:56:38+02:00,41.4855918,2.1894964,27.9,59,22,1019,19.2,36.0,-,3,-,-,-,-,-,-,-,-,-,-,-,-,-,-,-,-
2023-09-29 12:56:41+02:00,41.4856263,2.1894857,28.1,58,22,1019,19.3,36.2,-,3,-,-,-,-,-,-,-,-,-,-,-,-,-,-,-,-
2023-09-29 12:56:47+02:00,41.4857143,2.1895046,28.2,58,22,1019,19.4,36.4,-,4,-,-,-,-,-,-,-,-,-,-,-,-,-,-,-,-
2023-09-29 12:56:50+02:00,41.4857558,2.1895093,28.2,59,22,1019,19.5,36.5,-,4,-,-,-,-,-,-,-,-,-,-,-,-,-,-,-,-
2023-09-29 12:56:53+02:00,41.4857929,2.1895137,28.3,59,22,1019,19.5,36.6,-,4,-,-,-,-,-,-,-,-,-,-,-,-,-,-,-,-
2023-09-29 12:56:59+02:00,41.4858654,2.1895195,28.3,59,22,1019,19.6,36.7,-,3,-,-,-,-,-,-,-,-,-,-,-,-,-,-,-,-
2023-09-29 12:57:05+02:00,41.4859253,2.1895403,28.3,59,22,1019,19.7,36.8,-,4,-,-,-,-,-,-,-,-,-,-,-,-,-,-,-,-
2023-09-29 12:57:08+02:00,41.485963,2.1895486,28.4,59,22,1019,19.7,36.9,-,3,-,-,-,-,-,-,-,-,-,-,-,-,-,-,-,-
2023-09-29 12:57:11+02:00,41.4859899,2.1895556,28.4,59,22,1019,19.7,36.8,-,2,-,-,-,-,-,-,-,-,-,-,-,-,-,-,-,-
2023-09-29 12:57:14+02:00,41.4860182,2.1895631,28.4,59,22,1019,19.7,36.9,-,4,-,-,-,-,-,-,-,-,-,-,-,-,-,-,-,-
2023-09-29 12:57:20+02:00,41.4860883,2.1895864,28.5,59,22,1019,19.7,37.0,-,4,-,-,-,-,-,-,-,-,-,-,-,-,-,-,-,-
2023-09-29 12:57:23+02:00,41.4861136,2.1895974,28.4,59,22,1019,19.7,37.0,-,3,-,-,-,-,-,-,-,-,-,-,-,-,-,-,-,-
2023-09-29 12:57:29+02:00,41.4861405,2.1896907,28.4,59,22,1019,19.8,37.0,-,5,-,-,-,-,-,-,-,-,-,-,-,-,-,-,-,-
2023-09-29 12:57:32+02:00,41.4861655,2.1897173,28.4,59,22,1019,19.8,37.0,-,4,-,-,-,-,-,-,-,-,-,-,-,-,-,-,-,-
2023-09-29 12:57:38+02:00,41.4862383,2.1897231,28.5,59,23,1019,19.8,37.0,-,4,-,-,-,-,-,-,-,-,-,-,-,-,-,-,-,-
2023-09-29 12:57:44+02:00,41.4863148,2.1897429,28.4,60,22,1019,19.9,37.2,-,5,-,-,-,-,-,-,-,-,-,-,-,-,-,-,-,-
2023-09-29 12:57:47+02:00,41.4863793,2.1896612,28.4,60,22,1019,19.9,37.2,-,5,-,-,-,-,-,-,-,-,-,-,-,-,-,-,-,-
2023-09-29 12:57:50+02:00,41.4864145,2.1896122,28.4,60,23,1019,19.9,37.1,-,3,-,-,-,-,-,-,-,-,-,-,-,-,-,-,-,-
2023-09-29 12:57:56+02:00,41.4864276,2.1895505,28.2,60,23,1019,19.7,36.6,-,1,-,-,-,-,-,-,-,-,-,-,-,-,-,-,-,-
2023-09-29 12:58:02+02:00,41.4864244,2.1895047,28.3,60,23,1019,19.8,36.9,-,2,-,-,-,-,-,-,-,-,-,-,-,-,-,-,-,-
2023-09-29 12:58:11+02:00,41.4864637,2.1894959,28.2,60,23,1019,19.8,36.7,-,1,-,-,-,-,-,-,-,-,-,-,-,-,-,-,-,-
2023-09-29 12:58:14+02:00,41.4864725,2.1895052,28.2,60,23,1019,19.8,36.8,-,1,-,-,-,-,-,-,-,-,-,-,-,-,-,-,-,-
2023-09-29 12:58:20+02:00,41.4864763,2.1895126,28.2,60,22,1019,19.8,36.8,-,0,-,-,-,-,-,-,-,-,-,-,-,-,-,-,-,-
2023-09-29 12:58:23+02:00,41.4864764,2.1895102,28.2,60,23,1019,19.8,36.8,-,0,-,-,-,-,-,-,-,-,-,-,-,-,-,-,-,-
2023-09-29 12:58:26+02:00,41.4864788,2.1895083,28.2,60,23,1019,19.8,36.8,-,0,-,-,-,-,-,-,-,-,-,-,-,-,-,-,-,-
2023-09-29 12:58:32+02:00,41.4864834,2.1895165,28.3,60,23,1019,19.9,36.9,-,0,-,-,-,-,-,-,-,-,-,-,-,-,-,-,-,-
2023-09-29 12:58:38+02:00,41.4864853,2.1895171,28.2,60,23,1019,19.9,36.9,-,0,-,-,-,-,-,-,-,-,-,-,-,-,-,-,-,-
2023-09-29 12:58:44+02:00,41.4864852,2.1895161,28.2,60,23,1019,19.9,36.9,-,0,-,-,-,-,-,-,-,-,-,-,-,-,-,-,-,-
2023-09-29 12:58:47+02:00,41.4864858,2.1895158,28.3,60,22,1019,20.0,37.0,-,0,-,-,-,-,-,-,-,-,-,-,-,-,-,-,-,-
2023-09-29 12:58:50+02:00,41.4864919,2.1895222,28.2,60,23,1019,20.0,37.0,-,0,-,-,-,-,-,-,-,-,-,-,-,-,-,-,-,-
2023-09-29 12:58:56+02:00,41.4864703,2.189527,28.3,60,23,1019,20.0,37.0,-,1,-,-,-,-,-,-,-,-,-,-,-,-,-,-,-,-
2023-09-29 12:59:02+02:00,41.4864775,2.1895147,28.2,60,22,1019,20.0,37.0,-,0,-,-,-,-,-,-,-,-,-,-,-,-,-,-,-,-
2023-09-29 12:59:08+02:00,41.4864815,2.1895151,28.2,60,22,1019,20.0,37.0,-,0,-,-,-,-,-,-,-,-,-,-,-,-,-,-,-,-
2023-09-29 12:59:11+02:00,41.4864892,2.1895091,28.2,60,22,1019,20.0,37.0,-,1,-,-,-,-,-,-,-,-,-,-,-,-,-,-,-,-
2023-09-29 12:59:17+02:00,41.4864943,2.1895175,28.2,60,22,1019,20.0,37.0,-,0,-,-,-,-,-,-,-,-,-,-,-,-,-,-,-,-
2023-09-29 12:59:20+02:00,41.4864926,2.1895152,28.2,61,22,1019,20.0,36.9,-,0,-,-,-,-,-,-,-,-,-,-,-,-,-,-,-,-
2023-09-29 12:59:26+02:00,41.4864933,2.1895141,28.2,61,23,1019,20.0,37.0,-,0,-,-,-,-,-,-,-,-,-,-,-,-,-,-,-,-
2023-09-29 12:59:32+02:00,41.4864967,2.1895153,28.2,61,23,1019,20.0,36.9,-,0,-,-,-,-,-,-,-,-,-,-,-,-,-,-,-,-
2023-09-29 12:59:35+02:00,41.4864965,2.1895152,28.2,61,22,1019,20.0,37.0,-,0,-,-,-,-,-,-,-,-,-,-,-,-,-,-,-,-
2023-09-29 13:00:38+02:00,41.4864801,2.1893483,28.1,60,23,1019,19.7,36.6,-,4,-,-,-,-,-,-,-,-,-,-,-,-,-,-,-,-
2023-09-29 13:00:41+02:00,41.4864685,2.1893012,28.1,60,23,1019,19.8,36.7,-,3,-,-,-,-,-,-,-,-,-,-,-,-,-,-,-,-
2023-09-29 13:00:47+02:00,41.4864509,2.1892148,28.1,61,23,1019,19.9,36.7,-,4,-,-,-,-,-,-,-,-,-,-,-,-,-,-,-,-
2023-09-29 13:00:53+02:00,41.4864383,2.1891228,28.0,61,22,1019,19.8,36.6,-,3,-,-,-,-,-,-,-,-,-,-,-,-,-,-,-,-
2023-09-29 13:00:56+02:00,41.4864367,2.189073,28.0,61,23,1019,19.8,36.6,-,3,-,-,-,-,-,-,-,-,-,-,-,-,-,-,-,-
2023-09-29 13:01:02+02:00,41.4864262,2.1889953,28.0,61,22,1019,19.8,36.6,-,2,-,-,-,-,-,-,-,-,-,-,-,-,-,-,-,-
2023-09-29 13:01:08+02:00,41.4863529,2.1889807,27.9,61,22,1019,19.7,36.3,-,5,-,-,-,-,-,-,-,-,-,-,-,-,-,-,-,-
2023-09-29 13:01:11+02:00,41.4863165,2.1889774,27.8,61,22,1019,19.7,36.3,-,2,-,-,-,-,-,-,-,-,-,-,-,-,-,-,-,-
2023-09-29 13:01:17+02:00,41.486258,2.1889805,27.8,61,22,1019,19.7,36.3,-,4,-,-,-,-,-,-,-,-,-,-,-,-,-,-,-,-
2023-09-29 13:01:20+02:00,41.4862192,2.1889812,27.8,61,22,1019,19.7,36.2,-,4,-,-,-,-,-,-,-,-,-,-,-,-,-,-,-,-
2023-09-29 13:01:26+02:00,41.4861502,2.1889669,27.8,61,22,1019,19.7,36.2,-,4,-,-,-,-,-,-,-,-,-,-,-,-,-,-,-,-
2023-09-29 13:01:32+02:00,41.4860811,2.1889489,27.6,61,22,1019,19.7,36.0,-,4,-,-,-,-,-,-,-,-,-,-,-,-,-,-,-,-
2023-09-29 13:01:38+02:00,41.4860255,2.1889305,27.6,61,22,1019,19.7,36.0,-,5,-,-,-,-,-,-,-,-,-,-,-,-,-,-,-,-
2023-09-29 13:01:44+02:00,41.4859757,2.1889335,27.6,62,22,1019,19.6,35.9,-,4,-,-,-,-,-,-,-,-,-,-,-,-,-,-,-,-
2023-09-29 13:01:47+02:00,41.4859419,2.1889381,27.5,62,22,1019,19.6,35.8,-,5,-,-,-,-,-,-,-,-,-,-,-,-,-,-,-,-
2023-09-29 13:01:50+02:00,41.4859072,2.1889471,27.5,62,22,1019,19.6,35.8,-,4,-,-,-,-,-,-,-,-,-,-,-,-,-,-,-,-
2023-09-29 13:01:56+02:00,41.4858425,2.1889716,27.4,62,22,1019,19.5,35.6,-,3,-,-,-,-,-,-,-,-,-,-,-,-,-,-,-,-
2023-09-29 13:01:59+02:00,41.485811,2.1889745,27.4,62,23,1019,19.6,35.7,-,4,-,-,-,-,-,-,-,-,-,-,-,-,-,-,-,-
2023-09-29 13:02:02+02:00,41.4857717,2.188971,27.2,62,22,1019,19.4,35.2,-,4,-,-,-,-,-,-,-,-,-,-,-,-,-,-,-,-
2023-09-29 13:02:08+02:00,41.4856969,2.1889508,27.1,62,23,1019,19.2,35.0,-,4,-,-,-,-,-,-,-,-,-,-,-,-,-,-,-,-
2023-09-29 13:02:14+02:00,41.4856309,2.1889379,27.0,62,22,1019,19.1,34.8,-,3,-,-,-,-,-,-,-,-,-,-,-,-,-,-,-,-
2023-09-29 13:02:20+02:00,41.4855573,2.18892,27.0,61,22,1019,19.0,34.6,-,5,-,-,-,-,-,-,-,-,-,-,-,-,-,-,-,-
2023-09-29 13:02:23+02:00,41.485521,2.1889018,27.0,61,21,1019,19.0,34.6,-,4,-,-,-,-,-,-,-,-,-,-,-,-,-,-,-,-
2023-09-29 13:02:29+02:00,41.485455,2.1888726,26.9,61,21,1019,18.8,34.4,-,3,-,-,-,-,-,-,-,-,-,-,-,-,-,-,-,-
2023-09-29 13:02:35+02:00,41.4854047,2.1888103,27.0,60,21,1019,18.8,34.5,-,2,-,-,-,-,-,-,-,-,-,-,-,-,-,-,-,-
2023-09-29 13:02:38+02:00,41.4853918,2.1887882,27.1,60,21,1019,18.9,34.7,-,2,-,-,-,-,-,-,-,-,-,-,-,-,-,-,-,-
2023-09-29 13:02:44+02:00,41.4854109,2.1887139,27.3,60,22,1019,19.0,35.1,-,2,-,-,-,-,-,-,-,-,-,-,-,-,-,-,-,-
2023-09-29 13:02:50+02:00,41.4854098,2.1886272,27.4,60,21,1019,19.2,35.3,-,3,-,-,-,-,-,-,-,-,-,-,-,-,-,-,-,-
2023-09-29 13:02:53+02:00,41.4854038,2.1886014,27.5,60,21,1019,19.3,35.5,-,2,-,-,-,-,-,-,-,-,-,-,-,-,-,-,-,-
2023-09-29 13:02:56+02:00,41.4853922,2.1885804,27.6,60,21,1019,19.3,35.7,-,3,-,-,-,-,-,-,-,-,-,-,-,-,-,-,-,-
2023-09-29 13:03:02+02:00,41.4853654,2.1884989,27.7,60,21,1019,19.4,35.9,-,5,-,-,-,-,-,-,-,-,-,-,-,-,-,-,-,-
2023-09-29 13:03:05+02:00,41.4853749,2.1884329,27.8,60,22,1019,19.6,36.1,-,4,-,-,-,-,-,-,-,-,-,-,-,-,-,-,-,-
2023-09-29 13:03:08+02:00,41.4853826,2.1883664,27.8,60,21,1019,19.5,36.1,-,5,-,-,-,-,-,-,-,-,-,-,-,-,-,-,-,-
2023-09-29 13:03:11+02:00,41.4853928,2.1883046,27.9,60,22,1019,19.6,36.2,-,4,-,-,-,-,-,-,-,-,-,-,-,-,-,-,-,-
2023-09-29 13:03:14+02:00,41.4854074,2.1882394,27.9,60,22,1019,19.5,36.1,-,4,-,-,-,-,-,-,-,-,-,-,-,-,-,-,-,-
2023-09-29 13:03:17+02:00,41.4854345,2.1881787,28.0,60,22,1019,19.6,36.3,-,3,-,-,-,-,-,-,-,-,-,-,-,-,-,-,-,-
2023-09-29 13:03:20+02:00,41.4854753,2.1881435,27.9,60,23,1019,19.5,36.2,-,4,-,-,-,-,-,-,-,-,-,-,-,-,-,-,-,-
2023-09-29 13:03:23+02:00,41.4855204,2.1881122,27.9,60,23,1019,19.5,36.2,-,4,-,-,-,-,-,-,-,-,-,-,-,-,-,-,-,-
2023-09-29 13:03:29+02:00,41.4855705,2.1880474,27.9,60,24,1019,19.5,36.2,-,3,-,-,-,-,-,-,-,-,-,-,-,-,-,-,-,-
2023-09-29 13:03:32+02:00,41.4856059,2.1880582,27.9,59,23,1019,19.3,36.0,-,4,-,-,-,-,-,-,-,-,-,-,-,-,-,-,-,-
2023-09-29 13:03:38+02:00,41.4856744,2.1880878,28.0,59,24,1019,19.4,36.2,-,3,-,-,-,-,-,-,-,-,-,-,-,-,-,-,-,-
2023-09-29 13:03:44+02:00,41.4857252,2.1880823,28.0,59,24,1019,19.3,36.1,-,1,-,-,-,-,-,-,-,-,-,-,-,-,-,-,-,-
2023-09-29 13:03:47+02:00,41.4857411,2.1880845,28.1,59,25,1019,19.4,36.3,-,4,-,-,-,-,-,-,-,-,-,-,-,-,-,-,-,-
2023-09-29 13:03:50+02:00,41.4857653,2.1881045,28.1,59,24,1019,19.5,36.3,-,2,-,-,-,-,-,-,-,-,-,-,-,-,-,-,-,-
2023-09-29 13:03:56+02:00,41.4858211,2.1881345,28.1,59,24,1019,19.5,36.4,-,5,-,-,-,-,-,-,-,-,-,-,-,-,-,-,-,-
2023-09-29 13:03:59+02:00,41.4858535,2.1881518,28.1,59,24,1019,19.5,36.4,-,1,-,-,-,-,-,-,-,-,-,-,-,-,-,-,-,-
2023-09-29 13:04:02+02:00,41.4858691,2.1881659,28.1,59,23,1019,19.5,36.5,-,4,-,-,-,-,-,-,-,-,-,-,-,-,-,-,-,-
2023-09-29 13:04:05+02:00,41.4859167,2.1881629,28.1,59,24,1019,19.5,36.4,-,4,-,-,-,-,-,-,-,-,-,-,-,-,-,-,-,-
2023-09-29 13:04:08+02:00,41.4859535,2.1881476,28.2,59,23,1019,19.6,36.6,-,3,-,-,-,-,-,-,-,-,-,-,-,-,-,-,-,-
2023-09-29 13:04:14+02:00,41.4860047,2.1881656,28.2,59,23,1019,19.6,36.6,-,3,-,-,-,-,-,-,-,-,-,-,-,-,-,-,-,-
2023-09-29 13:04:20+02:00,41.4860738,2.1881659,28.2,59,24,1019,19.6,36.6,-,4,-,-,-,-,-,-,-,-,-,-,-,-,-,-,-,-
2023-09-29 13:04:26+02:00,41.4861589,2.1881713,28.0,59,24,1019,19.5,36.3,-,4,-,-,-,-,-,-,-,-,-,-,-,-,-,-,-,-
2023-09-29 13:04:29+02:00,41.4861912,2.188189,28.1,59,23,1019,19.5,36.4,-,3,-,-,-,-,-,-,-,-,-,-,-,-,-,-,-,-
2023-09-29 13:04:32+02:00,41.4862294,2.1881891,28.1,59,23,1019,19.5,36.4,-,2,-,-,-,-,-,-,-,-,-,-,-,-,-,-,-,-
2023-09-29 13:04:38+02:00,41.4863072,2.1881408,28.0,60,23,1019,19.5,36.3,-,4,-,-,-,-,-,-,-,-,-,-,-,-,-,-,-,-
2023-09-29 13:04:44+02:00,41.4863921,2.1881141,28.0,59,23,1019,19.5,36.3,-,5,-,-,-,-,-,-,-,-,-,-,-,-,-,-,-,-
2023-09-29 13:04:47+02:00,41.4864342,2.1881373,28.0,60,24,1019,19.5,36.3,-,5,-,-,-,-,-,-,-,-,-,-,-,-,-,-,-,-
2023-09-29 13:04:53+02:00,41.4864972,2.188076,28.0,60,24,1019,19.5,36.3,-,4,-,-,-,-,-,-,-,-,-,-,-,-,-,-,-,-
2023-09-29 13:04:59+02:00,41.4865381,2.1880025,27.7,59,24,1019,19.2,35.7,-,4,-,-,-,-,-,-,-,-,-,-,-,-,-,-,-,-
2023-09-29 13:05:02+02:00,41.4865497,2.1879656,27.7,60,23,1019,19.2,35.6,-,2,-,-,-,-,-,-,-,-,-,-,-,-,-,-,-,-
2023-09-29 13:05:08+02:00,41.4865597,2.1879079,27.7,60,24,1019,19.4,35.8,-,1,-,-,-,-,-,-,-,-,-,-,-,-,-,-,-,-
2023-09-29 13:05:11+02:00,41.48657,2.1879024,27.7,60,24,1019,19.3,35.8,-,1,-,-,-,-,-,-,-,-,-,-,-,-,-,-,-,-
2023-09-29 13:05:17+02:00,41.4865935,2.1879229,27.7,59,24,1019,19.1,35.7,-,1,-,-,-,-,-,-,-,-,-,-,-,-,-,-,-,-
2023-09-29 13:05:20+02:00,41.4865955,2.187928,27.7,59,23,1019,19.1,35.6,-,0,-,-,-,-,-,-,-,-,-,-,-,-,-,-,-,-
2023-09-29 13:05:26+02:00,41.4865998,2.18793,27.8,59,23,1019,19.2,35.7,-,0,-,-,-,-,-,-,-,-,-,-,-,-,-,-,-,-
2023-09-29 13:05:29+02:00,41.4866021,2.1879361,27.8,59,23,1019,19.3,35.9,-,0,-,-,-,-,-,-,-,-,-,-,-,-,-,-,-,-
2023-09-29 13:05:32+02:00,41.4866012,2.1879471,27.9,59,23,1019,19.4,36.1,-,0,-,-,-,-,-,-,-,-,-,-,-,-,-,-,-,-
2023-09-29 13:05:35+02:00,41.4866004,2.1879551,27.9,59,23,1019,19.4,36.1,-,0,-,-,-,-,-,-,-,-,-,-,-,-,-,-,-,-
2023-09-29 13:05:41+02:00,41.4866022,2.1879645,28.0,59,24,1019,19.5,36.3,-,0,-,-,-,-,-,-,-,-,-,-,-,-,-,-,-,-
2023-09-29 13:05:44+02:00,41.4866031,2.1879662,28.0,59,24,1019,19.4,36.2,-,0,-,-,-,-,-,-,-,-,-,-,-,-,-,-,-,-
2023-09-29 13:05:47+02:00,41.4866037,2.1879677,28.1,59,24,1019,19.5,36.4,-,0,-,-,-,-,-,-,-,-,-,-,-,-,-,-,-,-
2023-09-29 13:05:50+02:00,41.4866043,2.1879695,28.1,60,24,1019,19.6,36.5,-,0,-,-,-,-,-,-,-,-,-,-,-,-,-,-,-,-
2023-09-29 13:05:53+02:00,41.4866046,2.1879708,28.1,60,24,1019,19.6,36.5,-,0,-,-,-,-,-,-,-,-,-,-,-,-,-,-,-,-
2023-09-29 13:05:59+02:00,41.4866049,2.1879711,28.1,59,24,1019,19.6,36.5,-,0,-,-,-,-,-,-,-,-,-,-,-,-,-,-,-,-
2023-09-29 13:06:05+02:00,41.4866045,2.1879711,28.2,59,23,1019,19.6,36.6,-,0,-,-,-,-,-,-,-,-,-,-,-,-,-,-,-,-
2023-09-29 13:06:11+02:00,41.4866037,2.1879711,28.2,59,24,1019,19.6,36.6,-,0,-,-,-,-,-,-,-,-,-,-,-,-,-,-,-,-
2023-09-29 13:06:17+02:00,41.4866042,2.1879713,28.2,59,23,1019,19.6,36.6,-,0,-,-,-,-,-,-,-,-,-,-,-,-,-,-,-,-
2023-09-29 13:06:23+02:00,41.4866132,2.18798,28.3,59,23,1019,19.7,36.8,-,0,-,-,-,-,-,-,-,-,-,-,-,-,-,-,-,-
2023-09-29 13:06:26+02:00,41.4866349,2.187997,28.3,59,24,1019,19.7,36.8,-,0,-,-,-,-,-,-,-,-,-,-,-,-,-,-,-,-
2023-09-29 13:06:32+02:00,41.4866731,2.1880304,28.3,59,23,1019,19.7,36.7,-,2,-,-,-,-,-,-,-,-,-,-,-,-,-,-,-,-
2023-09-29 13:06:38+02:00,41.4866814,2.1880255,28.3,59,24,1019,19.7,36.8,-,0,-,-,-,-,-,-,-,-,-,-,-,-,-,-,-,-
2023-09-29 13:06:41+02:00,41.486682,2.1880219,28.3,59,24,1019,19.7,36.8,-,0,-,-,-,-,-,-,-,-,-,-,-,-,-,-,-,-
2023-09-29 13:06:47+02:00,41.4866867,2.1880237,28.3,59,24,1019,19.7,36.8,-,0,-,-,-,-,-,-,-,-,-,-,-,-,-,-,-,-
2023-09-29 13:06:50+02:00,41.4866886,2.1880254,28.3,59,23,1019,19.7,36.8,-,0,-,-,-,-,-,-,-,-,-,-,-,-,-,-,-,-
2023-09-29 13:06:53+02:00,41.4866891,2.1880261,28.3,59,24,1019,19.7,36.9,-,0,-,-,-,-,-,-,-,-,-,-,-,-,-,-,-,-
2023-09-29 13:06:59+02:00,41.4866861,2.1880276,28.4,59,24,1019,19.8,36.9,-,1,-,-,-,-,-,-,-,-,-,-,-,-,-,-,-,-
2023-09-29 13:07:05+02:00,41.4866933,2.1880383,28.4,59,23,1019,19.8,37.0,-,0,-,-,-,-,-,-,-,-,-,-,-,-,-,-,-,-
2023-09-29 13:07:08+02:00,41.4867087,2.1880335,28.4,59,24,1019,19.8,37.0,-,2,-,-,-,-,-,-,-,-,-,-,-,-,-,-,-,-
2023-09-29 13:07:14+02:00,41.4867422,2.1880561,28.4,59,24,1019,19.7,36.8,-,2,-,-,-,-,-,-,-,-,-,-,-,-,-,-,-,-
2023-09-29 13:07:17+02:00,41.486741,2.1880549,28.4,59,24,1019,19.6,36.8,-,0,-,-,-,-,-,-,-,-,-,-,-,-,-,-,-,-
2023-09-29 13:07:20+02:00,41.4867434,2.1880479,28.4,59,23,1019,19.7,36.8,-,0,-,-,-,-,-,-,-,-,-,-,-,-,-,-,-,-
2023-09-29 13:07:23+02:00,41.4867496,2.1880482,28.4,59,25,1019,19.7,36.9,-,0,-,-,-,-,-,-,-,-,-,-,-,-,-,-,-,-
2023-09-29 13:07:26+02:00,41.4867537,2.1880547,28.4,59,23,1019,19.7,36.8,-,0,-,-,-,-,-,-,-,-,-,-,-,-,-,-,-,-
2023-09-29 13:07:32+02:00,41.4867492,2.1880612,28.4,59,24,1019,19.8,37.0,-,0,-,-,-,-,-,-,-,-,-,-,-,-,-,-,-,-
2023-09-29 13:07:38+02:00,41.4867521,2.1880423,28.4,59,24,1019,19.8,37.0,-,0,-,-,-,-,-,-,-,-,-,-,-,-,-,-,-,-
2023-09-29 13:07:44+02:00,41.4867406,2.188042,28.3,59,23,1019,19.6,36.7,-,0,-,-,-,-,-,-,-,-,-,-,-,-,-,-,-,-
2023-09-29 13:07:47+02:00,41.4867397,2.1880512,28.4,59,24,1019,19.6,36.8,-,0,-,-,-,-,-,-,-,-,-,-,-,-,-,-,-,-
2023-09-29 13:07:53+02:00,41.4867054,2.1880742,28.4,59,24,1019,19.8,37.0,-,1,-,-,-,-,-,-,-,-,-,-,-,-,-,-,-,-
2023-09-29 13:07:59+02:00,41.4866909,2.1880569,28.4,59,23,1019,19.8,36.9,-,2,-,-,-,-,-,-,-,-,-,-,-,-,-,-,-,-
2023-09-29 13:08:05+02:00,41.4866469,2.1880513,28.4,59,24,1019,19.7,36.9,-,3,-,-,-,-,-,-,-,-,-,-,-,-,-,-,-,-
2023-09-29 13:08:08+02:00,41.4866289,2.1880417,28.4,59,23,1019,19.7,36.9,-,2,-,-,-,-,-,-,-,-,-,-,-,-,-,-,-,-
2023-09-29 13:08:11+02:00,41.4866194,2.1880372,28.4,59,23,1019,19.8,36.9,-,1,-,-,-,-,-,-,-,-,-,-,-,-,-,-,-,-
2023-09-29 13:08:17+02:00,41.4866151,2.1880335,28.4,59,23,1019,19.7,36.9,-,0,-,-,-,-,-,-,-,-,-,-,-,-,-,-,-,-
2023-09-29 13:08:20+02:00,41.4866151,2.1880355,28.4,59,24,1019,19.8,37.0,-,0,-,-,-,-,-,-,-,-,-,-,-,-,-,-,-,-
2023-09-29 13:08:23+02:00,41.4866217,2.1880266,28.3,59,23,1019,19.7,36.8,-,2,-,-,-,-,-,-,-,-,-,-,-,-,-,-,-,-
2023-09-29 13:08:26+02:00,41.4866254,2.188044,28.2,59,23,1019,19.6,36.6,-,3,-,-,-,-,-,-,-,-,-,-,-,-,-,-,-,-
2023-09-29 13:08:32+02:00,41.4865868,2.1881405,28.1,59,24,1019,19.4,36.4,-,2,-,-,-,-,-,-,-,-,-,-,-,-,-,-,-,-
2023-09-29 13:08:38+02:00,41.4865312,2.188163,28.0,59,24,1019,19.3,36.1,-,4,-,-,-,-,-,-,-,-,-,-,-,-,-,-,-,-
2023-09-29 13:08:41+02:00,41.4864889,2.1881396,27.9,58,24,1019,19.1,35.9,-,4,-,-,-,-,-,-,-,-,-,-,-,-,-,-,-,-
2023-09-29 13:08:47+02:00,41.4864537,2.188107,27.9,58,24,1019,19.1,35.8,-,5,-,-,-,-,-,-,-,-,-,-,-,-,-,-,-,-
2023-09-29 13:08:50+02:00,41.4864165,2.1881514,27.9,58,24,1019,19.0,35.8,-,4,-,-,-,-,-,-,-,-,-,-,-,-,-,-,-,-
2023-09-29 13:09:11+02:00,41.4861322,2.1882076,28.0,57,23,1019,18.9,35.8,-,3,-,-,-,-,-,-,-,-,-,-,-,-,-,-,-,-
2023-09-29 13:09:14+02:00,41.4860884,2.188204,28.0,57,23,1019,18.8,35.7,-,4,-,-,-,-,-,-,-,-,-,-,-,-,-,-,-,-
2023-09-29 13:09:17+02:00,41.4860568,2.1882029,28.0,57,23,1019,18.9,35.7,-,4,-,-,-,-,-,-,-,-,-,-,-,-,-,-,-,-
2023-09-29 13:09:20+02:00,41.4860176,2.1881937,28.0,57,23,1019,18.9,35.8,-,4,-,-,-,-,-,-,-,-,-,-,-,-,-,-,-,-
2023-09-29 13:09:26+02:00,41.4859562,2.1881876,28.1,57,23,1019,19.0,35.9,-,4,-,-,-,-,-,-,-,-,-,-,-,-,-,-,-,-
2023-09-29 13:09:29+02:00,41.4859285,2.188194,28.1,57,23,1019,18.9,35.9,-,4,-,-,-,-,-,-,-,-,-,-,-,-,-,-,-,-
2023-09-29 13:09:32+02:00,41.4859122,2.1882119,28.2,57,23,1019,19.0,36.1,-,2,-,-,-,-,-,-,-,-,-,-,-,-,-,-,-,-
2023-09-29 13:09:38+02:00,41.4858729,2.1882235,28.4,57,22,1019,19.1,36.4,-,3,-,-,-,-,-,-,-,-,-,-,-,-,-,-,-,-
2023-09-29 13:09:44+02:00,41.4858005,2.1881984,28.5,56,23,1019,19.2,36.6,-,4,-,-,-,-,-,-,-,-,-,-,-,-,-,-,-,-
2023-09-29 13:09:47+02:00,41.4857613,2.1881814,28.6,57,23,1019,19.2,36.7,-,5,-,-,-,-,-,-,-,-,-,-,-,-,-,-,-,-
2023-09-29 13:09:50+02:00,41.4857227,2.1881575,28.6,57,24,1019,19.4,36.9,-,5,-,-,-,-,-,-,-,-,-,-,-,-,-,-,-,-
2023-09-29 13:09:53+02:00,41.4856877,2.1881335,28.7,57,23,1019,19.5,37.1,-,4,-,-,-,-,-,-,-,-,-,-,-,-,-,-,-,-
2023-09-29 13:09:59+02:00,41.485634,2.1880926,28.8,57,23,1019,19.6,37.2,-,4,-,-,-,-,-,-,-,-,-,-,-,-,-,-,-,-
2023-09-29 13:10:05+02:00,41.4855681,2.1880591,28.8,57,24,1019,19.6,37.2,-,4,-,-,-,-,-,-,-,-,-,-,-,-,-,-,-,-
2023-09-29 13:10:08+02:00,41.4855351,2.1880418,28.8,57,23,1019,19.5,37.2,-,4,-,-,-,-,-,-,-,-,-,-,-,-,-,-,-,-
2023-09-29 13:10:11+02:00,41.485499,2.1880383,28.7,57,24,1019,19.5,37.1,-,4,-,-,-,-,-,-,-,-,-,-,-,-,-,-,-,-
2023-09-29 13:10:17+02:00,41.4854296,2.1880325,28.7,57,24,1019,19.5,37.1,-,4,-,-,-,-,-,-,-,-,-,-,-,-,-,-,-,-
2023-09-29 13:10:20+02:00,41.4854026,2.188015,28.7,57,24,1019,19.5,37.1,-,4,-,-,-,-,-,-,-,-,-,-,-,-,-,-,-,-
2023-09-29 13:10:23+02:00,41.4853786,2.187991,28.7,57,24,1019,19.6,37.2,-,4,-,-,-,-,-,-,-,-,-,-,-,-,-,-,-,-
2023-09-29 13:10:29+02:00,41.4853126,2.1879457,28.7,58,24,1019,19.7,37.2,-,5,-,-,-,-,-,-,-,-,-,-,-,-,-,-,-,-
2023-09-29 13:10:35+02:00,41.4852469,2.1879051,28.7,58,24,1019,19.8,37.4,-,5,-,-,-,-,-,-,-,-,-,-,-,-,-,-,-,-
2023-09-29 13:10:38+02:00,41.4852126,2.1878797,28.7,58,24,1019,19.8,37.3,-,4,-,-,-,-,-,-,-,-,-,-,-,-,-,-,-,-
2023-09-29 13:10:44+02:00,41.4851506,2.1878594,28.7,58,25,1019,19.9,37.4,-,4,-,-,-,-,-,-,-,-,-,-,-,-,-,-,-,-
2023-09-29 13:10:47+02:00,41.4851167,2.1878365,28.6,59,25,1019,19.8,37.3,-,4,-,-,-,-,-,-,-,-,-,-,-,-,-,-,-,-
2023-09-29 13:10:53+02:00,41.485061,2.1877823,28.5,59,24,1019,19.8,37.2,-,4,-,-,-,-,-,-,-,-,-,-,-,-,-,-,-,-
2023-09-29 13:10:56+02:00,41.4850349,2.187754,28.5,59,24,1019,19.8,37.2,-,4,-,-,-,-,-,-,-,-,-,-,-,-,-,-,-,-
2023-09-29 13:11:02+02:00,41.4849828,2.1877028,28.5,59,25,1019,19.8,37.1,-,4,-,-,-,-,-,-,-,-,-,-,-,-,-,-,-,-
2023-09-29 13:11:08+02:00,41.4849519,2.1876643,28.4,59,25,1019,19.7,37.0,-,3,-,-,-,-,-,-,-,-,-,-,-,-,-,-,-,-
2023-09-29 13:11:14+02:00,41.4849292,2.1876174,28.4,59,25,1019,19.8,37.0,-,4,-,-,-,-,-,-,-,-,-,-,-,-,-,-,-,-
2023-09-29 13:11:17+02:00,41.4849023,2.1875921,28.4,59,25,1019,19.9,37.1,-,4,-,-,-,-,-,-,-,-,-,-,-,-,-,-,-,-
2023-09-29 13:11:23+02:00,41.4848289,2.1875747,28.3,60,24,1019,19.8,36.9,-,4,-,-,-,-,-,-,-,-,-,-,-,-,-,-,-,-
2023-09-29 13:11:26+02:00,41.4847887,2.187553,28.4,60,25,1019,19.9,37.0,-,4,-,-,-,-,-,-,-,-,-,-,-,-,-,-,-,-
2023-09-29 13:11:32+02:00,41.484728,2.1874989,28.4,60,25,1019,19.9,37.1,-,2,-,-,-,-,-,-,-,-,-,-,-,-,-,-,-,-
2023-09-29 13:11:35+02:00,41.4847113,2.1874718,28.3,60,25,1019,19.9,37.1,-,5,-,-,-,-,-,-,-,-,-,-,-,-,-,-,-,-
2023-09-29 13:11:38+02:00,41.4846635,2.1874481,28.3,60,25,1019,20.0,37.1,-,4,-,-,-,-,-,-,-,-,-,-,-,-,-,-,-,-
2023-09-29 13:11:41+02:00,41.4846137,2.1874312,28.4,60,25,1019,19.9,37.1,-,3,-,-,-,-,-,-,-,-,-,-,-,-,-,-,-,-
2023-09-29 13:11:44+02:00,41.4845731,2.1874213,28.3,60,25,1019,19.8,36.9,-,4,-,-,-,-,-,-,-,-,-,-,-,-,-,-,-,-
2023-09-29 13:11:50+02:00,41.4845189,2.1873457,28.3,59,25,1019,19.8,36.8,-,4,-,-,-,-,-,-,-,-,-,-,-,-,-,-,-,-
2023-09-29 13:11:53+02:00,41.4844868,2.1873198,28.3,59,25,1019,19.7,36.8,-,4,-,-,-,-,-,-,-,-,-,-,-,-,-,-,-,-
2023-09-29 13:11:59+02:00,41.4844879,2.1872434,28.2,59,25,1019,19.6,36.6,-,3,-,-,-,-,-,-,-,-,-,-,-,-,-,-,-,-
2023-09-29 13:12:02+02:00,41.4844857,2.1871966,28.1,59,26,1019,19.3,36.2,-,3,-,-,-,-,-,-,-,-,-,-,-,-,-,-,-,-
2023-09-29 13:12:05+02:00,41.4844756,2.187161,28.1,59,25,1019,19.4,36.3,-,2,-,-,-,-,-,-,-,-,-,-,-,-,-,-,-,-
2023-09-29 13:12:11+02:00,41.4844467,2.187128,28.1,59,25,1019,19.4,36.3,-,3,-,-,-,-,-,-,-,-,-,-,-,-,-,-,-,-
2023-09-29 13:12:14+02:00,41.4843999,2.1871388,28.2,59,25,1019,19.5,36.5,-,3,-,-,-,-,-,-,-,-,-,-,-,-,-,-,-,-
2023-09-29 13:12:17+02:00,41.4843539,2.1871393,28.2,59,25,1019,19.5,36.5,-,3,-,-,-,-,-,-,-,-,-,-,-,-,-,-,-,-
2023-09-29 13:12:20+02:00,41.4843116,2.1871291,28.2,59,25,1019,19.6,36.5,-,4,-,-,-,-,-,-,-,-,-,-,-,-,-,-,-,-
2023-09-29 13:12:23+02:00,41.4842629,2.1871125,28.2,59,25,1019,19.6,36.6,-,5,-,-,-,-,-,-,-,-,-,-,-,-,-,-,-,-
2023-09-29 13:12:29+02:00,41.4842079,2.187045,28.1,59,25,1019,19.6,36.5,-,5,-,-,-,-,-,-,-,-,-,-,-,-,-,-,-,-
2023-09-29 13:12:32+02:00,41.4841664,2.1870153,28.1,59,25,1019,19.6,36.5,-,3,-,-,-,-,-,-,-,-,-,-,-,-,-,-,-,-
2023-09-29 13:12:38+02:00,41.4841065,2.1869643,28.0,60,25,1019,19.6,36.4,-,4,-,-,-,-,-,-,-,-,-,-,-,-,-,-,-,-
2023-09-29 13:12:41+02:00,41.4840672,2.1869397,28.0,60,25,1019,19.7,36.4,-,4,-,-,-,-,-,-,-,-,-,-,-,-,-,-,-,-
2023-09-29 13:12:47+02:00,41.4840107,2.1868871,28.0,60,25,1019,19.7,36.4,-,4,-,-,-,-,-,-,-,-,-,-,-,-,-,-,-,-
2023-09-29 13:12:50+02:00,41.4839685,2.1869082,28.0,60,25,1019,19.8,36.5,-,5,-,-,-,-,-,-,-,-,-,-,-,-,-,-,-,-
2023-09-29 13:12:56+02:00,41.4838818,2.1869015,28.0,61,24,1019,19.8,36.5,-,5,-,-,-,-,-,-,-,-,-,-,-,-,-,-,-,-
2023-09-29 13:13:02+02:00,41.4838184,2.1868386,27.9,60,24,1019,19.6,36.3,-,5,-,-,-,-,-,-,-,-,-,-,-,-,-,-,-,-
2023-09-29 13:13:05+02:00,41.4837956,2.1867861,27.9,60,24,1019,19.6,36.3,-,3,-,-,-,-,-,-,-,-,-,-,-,-,-,-,-,-
2023-09-29 13:13:08+02:00,41.4837919,2.1867589,27.9,60,24,1019,19.5,36.2,-,3,-,-,-,-,-,-,-,-,-,-,-,-,-,-,-,-
2023-09-29 13:13:14+02:00,41.4837072,2.186724,27.9,60,24,1019,19.5,36.1,-,5,-,-,-,-,-,-,-,-,-,-,-,-,-,-,-,-
2023-09-29 13:13:17+02:00,41.4836536,2.1867015,27.8,60,24,1019,19.5,36.1,-,4,-,-,-,-,-,-,-,-,-,-,-,-,-,-,-,-
2023-09-29 13:13:23+02:00,41.4835664,2.1866721,27.8,60,24,1019,19.5,36.1,-,4,-,-,-,-,-,-,-,-,-,-,-,-,-,-,-,-
2023-09-29 13:13:26+02:00,41.4835205,2.1866619,27.8,60,24,1019,19.4,35.9,-,2,-,-,-,-,-,-,-,-,-,-,-,-,-,-,-,-
2023-09-29 13:13:32+02:00,41.4834545,2.186643,27.6,60,24,1019,19.3,35.7,-,6,-,-,-,-,-,-,-,-,-,-,-,-,-,-,-,-
2023-09-29 13:13:35+02:00,41.4834071,2.1866404,27.7,60,24,1019,19.4,35.8,-,5,-,-,-,-,-,-,-,-,-,-,-,-,-,-,-,-
2023-09-29 13:13:41+02:00,41.4833459,2.1866846,27.8,60,24,1019,19.4,35.9,-,4,-,-,-,-,-,-,-,-,-,-,-,-,-,-,-,-
2023-09-29 13:13:44+02:00,41.4833254,2.1867489,27.8,60,23,1019,19.4,35.9,-,5,-,-,-,-,-,-,-,-,-,-,-,-,-,-,-,-
2023-09-29 13:13:47+02:00,41.4833039,2.1868102,27.8,60,23,1019,19.4,36.0,-,5,-,-,-,-,-,-,-,-,-,-,-,-,-,-,-,-
2023-09-29 13:13:50+02:00,41.4832796,2.1868671,27.8,60,22,1019,19.5,36.0,-,6,-,-,-,-,-,-,-,-,-,-,-,-,-,-,-,-
2023-09-29 13:13:53+02:00,41.4832552,2.1869197,27.8,60,23,1019,19.5,36.0,-,3,-,-,-,-,-,-,-,-,-,-,-,-,-,-,-,-
2023-09-29 13:13:56+02:00,41.483255,2.1869686,27.8,60,23,1019,19.5,36.1,-,4,-,-,-,-,-,-,-,-,-,-,-,-,-,-,-,-
2023-09-29 13:14:02+02:00,41.4832068,2.1870478,27.8,60,23,1019,19.6,36.1,-,5,-,-,-,-,-,-,-,-,-,-,-,-,-,-,-,-
2023-09-29 13:14:08+02:00,41.4831354,2.1870995,27.8,61,22,1019,19.6,36.1,-,4,-,-,-,-,-,-,-,-,-,-,-,-,-,-,-,-
2023-09-29 13:14:14+02:00,41.4831048,2.1871732,27.8,61,22,1019,19.6,36.1,-,4,-,-,-,-,-,-,-,-,-,-,-,-,-,-,-,-
2023-09-29 13:14:17+02:00,41.483077,2.1872259,27.8,61,22,1019,19.6,36.1,-,5,-,-,-,-,-,-,-,-,-,-,-,-,-,-,-,-
2023-09-29 13:14:20+02:00,41.4830447,2.1872773,27.8,61,22,1019,19.7,36.2,-,4,-,-,-,-,-,-,-,-,-,-,-,-,-,-,-,-
2023-09-29 13:14:23+02:00,41.4830182,2.1873032,27.8,61,22,1019,19.6,36.1,-,3,-,-,-,-,-,-,-,-,-,-,-,-,-,-,-,-
2023-09-29 13:14:29+02:00,41.4829719,2.1873556,27.8,60,22,1019,19.6,36.1,-,5,-,-,-,-,-,-,-,-,-,-,-,-,-,-,-,-
2023-09-29 13:14:32+02:00,41.4829408,2.187407,27.8,60,22,1019,19.6,36.2,-,5,-,-,-,-,-,-,-,-,-,-,-,-,-,-,-,-
2023-09-29 13:14:35+02:00,41.4829175,2.1874332,27.8,61,21,1019,19.7,36.2,-,1,-,-,-,-,-,-,-,-,-,-,-,-,-,-,-,-
2023-09-29 13:14:41+02:00,41.4829056,2.187441,27.8,61,21,1019,19.6,36.2,-,1,-,-,-,-,-,-,-,-,-,-,-,-,-,-,-,-
2023-09-29 13:14:44+02:00,41.4829227,2.1874604,27.5,61,21,1019,19.4,35.6,-,2,-,-,-,-,-,-,-,-,-,-,-,-,-,-,-,-
2023-09-29 13:14:50+02:00,41.4829034,2.1875396,27.4,60,21,1019,19.2,35.4,-,4,-,-,-,-,-,-,-,-,-,-,-,-,-,-,-,-
2023-09-29 13:14:56+02:00,41.4828661,2.1875883,27.3,60,21,1019,19.1,35.2,-,4,-,-,-,-,-,-,-,-,-,-,-,-,-,-,-,-
2023-09-29 13:14:59+02:00,41.48285,2.1876133,27.3,60,21,1019,19.1,35.2,-,4,-,-,-,-,-,-,-,-,-,-,-,-,-,-,-,-
2023-09-29 13:15:02+02:00,41.4828307,2.1876405,27.4,60,21,1019,19.1,35.2,-,4,-,-,-,-,-,-,-,-,-,-,-,-,-,-,-,-
2023-09-29 13:15:05+02:00,41.4828047,2.1876721,27.4,60,21,1019,19.1,35.2,-,4,-,-,-,-,-,-,-,-,-,-,-,-,-,-,-,-
2023-09-29 13:15:11+02:00,41.4827646,2.1877365,27.6,60,22,1019,19.3,35.6,-,4,-,-,-,-,-,-,-,-,-,-,-,-,-,-,-,-
2023-09-29 13:15:17+02:00,41.4827443,2.1878018,27.8,60,22,1019,19.4,36.0,-,3,-,-,-,-,-,-,-,-,-,-,-,-,-,-,-,-
2023-09-29 13:15:20+02:00,41.4827383,2.1878231,27.9,60,22,1019,19.5,36.1,-,2,-,-,-,-,-,-,-,-,-,-,-,-,-,-,-,-
2023-09-29 13:15:23+02:00,41.4827318,2.1878241,27.9,60,22,1019,19.5,36.2,-,1,-,-,-,-,-,-,-,-,-,-,-,-,-,-,-,-
2023-09-29 13:15:29+02:00,41.482706,2.1878132,28.0,60,22,1019,19.5,36.3,-,1,-,-,-,-,-,-,-,-,-,-,-,-,-,-,-,-
2023-09-29 13:15:32+02:00,41.4827048,2.1878164,28.0,60,23,1019,19.6,36.4,-,0,-,-,-,-,-,-,-,-,-,-,-,-,-,-,-,-
2023-09-29 13:15:38+02:00,41.4827017,2.1878482,28.1,60,22,1019,19.6,36.5,-,1,-,-,-,-,-,-,-,-,-,-,-,-,-,-,-,-
2023-09-29 13:15:41+02:00,41.4826994,2.1878699,28.2,60,22,1019,19.7,36.6,-,1,-,-,-,-,-,-,-,-,-,-,-,-,-,-,-,-
2023-09-29 13:15:44+02:00,41.4826971,2.1878848,28.2,60,22,1019,19.7,36.6,-,1,-,-,-,-,-,-,-,-,-,-,-,-,-,-,-,-
2023-09-29 13:15:50+02:00,41.4826977,2.1878912,28.2,60,22,1019,19.9,36.9,-,0,-,-,-,-,-,-,-,-,-,-,-,-,-,-,-,-
2023-09-29 13:15:53+02:00,41.4826995,2.1878953,28.2,61,22,1019,20.1,37.1,-,0,-,-,-,-,-,-,-,-,-,-,-,-,-,-,-,-
2023-09-29 13:15:59+02:00,41.4826987,2.1878972,28.2,61,22,1019,20.0,37.0,-,0,-,-,-,-,-,-,-,-,-,-,-,-,-,-,-,-
2023-09-29 13:16:05+02:00,41.4826983,2.1878952,28.2,62,22,1019,20.3,37.3,-,0,-,-,-,-,-,-,-,-,-,-,-,-,-,-,-,-
2023-09-29 13:16:08+02:00,41.4826986,2.1878955,28.3,61,22,1019,20.1,37.1,-,0,-,-,-,-,-,-,-,-,-,-,-,-,-,-,-,-
2023-09-29 13:16:14+02:00,41.4826988,2.1878958,28.3,61,22,1019,20.1,37.1,-,0,-,-,-,-,-,-,-,-,-,-,-,-,-,-,-,-
2023-09-29 13:16:20+02:00,41.482699,2.1878959,28.3,61,22,1019,20.1,37.2,-,0,-,-,-,-,-,-,-,-,-,-,-,-,-,-,-,-
2023-09-29 13:16:23+02:00,41.482699,2.1878959,28.3,61,23,1019,20.0,37.0,-,0,-,-,-,-,-,-,-,-,-,-,-,-,-,-,-,-
2023-09-29 13:16:29+02:00,41.4826943,2.1878168,27.9,60,22,1019,19.5,36.1,-,2,-,-,-,-,-,-,-,-,-,-,-,-,-,-,-,-
2023-09-29 13:16:32+02:00,41.4826701,2.1878059,27.9,60,22,1019,19.6,36.2,-,4,-,-,-,-,-,-,-,-,-,-,-,-,-,-,-,-
2023-09-29 13:16:38+02:00,41.4826497,2.1878917,27.9,60,22,1019,19.6,36.2,-,3,-,-,-,-,-,-,-,-,-,-,-,-,-,-,-,-
2023-09-29 13:16:41+02:00,41.482629,2.1879271,27.9,60,23,1019,19.5,36.2,-,5,-,-,-,-,-,-,-,-,-,-,-,-,-,-,-,-
2023-09-29 13:16:44+02:00,41.4825876,2.1879706,28.0,58,22,1019,19.2,36.0,-,4,-,-,-,-,-,-,-,-,-,-,-,-,-,-,-,-
2023-09-29 13:16:47+02:00,41.4825472,2.1880196,27.9,58,22,1019,19.1,35.8,-,5,-,-,-,-,-,-,-,-,-,-,-,-,-,-,-,-
2023-09-29 13:16:50+02:00,41.4825136,2.1880626,28.0,59,23,1019,19.3,36.1,-,5,-,-,-,-,-,-,-,-,-,-,-,-,-,-,-,-
2023-09-29 13:16:53+02:00,41.4824731,2.1880526,28.0,59,22,1019,19.3,36.1,-,4,-,-,-,-,-,-,-,-,-,-,-,-,-,-,-,-
2023-09-29 13:16:59+02:00,41.4824514,2.1881242,27.9,58,22,1019,19.1,35.9,-,4,-,-,-,-,-,-,-,-,-,-,-,-,-,-,-,-
2023-09-29 13:17:05+02:00,41.4823792,2.1881567,27.7,58,21,1019,19.0,35.5,-,4,-,-,-,-,-,-,-,-,-,-,-,-,-,-,-,-
2023-09-29 13:17:08+02:00,41.4823386,2.1881762,27.7,58,21,1019,19.0,35.5,-,5,-,-,-,-,-,-,-,-,-,-,-,-,-,-,-,-
2023-09-29 13:17:14+02:00,41.4822619,2.1881921,27.7,58,22,1019,19.0,35.5,-,4,-,-,-,-,-,-,-,-,-,-,-,-,-,-,-,-
2023-09-29 13:17:20+02:00,41.482202,2.1882443,28.0,59,21,1019,19.2,36.1,-,5,-,-,-,-,-,-,-,-,-,-,-,-,-,-,-,-
2023-09-29 13:17:23+02:00,41.4821854,2.1882895,28.1,58,21,1019,19.3,36.2,-,4,-,-,-,-,-,-,-,-,-,-,-,-,-,-,-,-
2023-09-29 13:17:26+02:00,41.4821772,2.1883321,28.1,58,21,1019,19.3,36.2,-,4,-,-,-,-,-,-,-,-,-,-,-,-,-,-,-,-
2023-09-29 13:17:29+02:00,41.4821593,2.1883578,28.0,58,21,1019,19.2,36.1,-,4,-,-,-,-,-,-,-,-,-,-,-,-,-,-,-,-
2023-09-29 13:17:35+02:00,41.4820979,2.1883429,28.1,58,21,1019,19.2,36.1,-,4,-,-,-,-,-,-,-,-,-,-,-,-,-,-,-,-
2023-09-29 13:17:38+02:00,41.4820734,2.1883697,28.1,58,21,1019,19.2,36.2,-,3,-,-,-,-,-,-,-,-,-,-,-,-,-,-,-,-
2023-09-29 13:17:44+02:00,41.4820753,2.188441,28.2,58,21,1019,19.4,36.4,-,3,-,-,-,-,-,-,-,-,-,-,-,-,-,-,-,-
2023-09-29 13:17:47+02:00,41.4820885,2.1884753,28.2,58,20,1019,19.3,36.3,-,3,-,-,-,-,-,-,-,-,-,-,-,-,-,-,-,-
2023-09-29 13:17:50+02:00,41.4820329,2.1885048,28.1,58,20,1019,19.1,36.1,-,4,-,-,-,-,-,-,-,-,-,-,-,-,-,-,-,-
2023-09-29 13:17:53+02:00,41.4820007,2.1885399,28.1,57,21,1019,18.9,35.8,-,3,-,-,-,-,-,-,-,-,-,-,-,-,-,-,-,-
2023-09-29 13:17:56+02:00,41.4820166,2.1885994,28.1,57,20,1019,19.0,36.0,-,3,-,-,-,-,-,-,-,-,-,-,-,-,-,-,-,-
2023-09-29 13:17:59+02:00,41.4819816,2.1887015,28.2,57,20,1019,19.0,36.0,-,4,-,-,-,-,-,-,-,-,-,-,-,-,-,-,-,-
2023-09-29 13:18:05+02:00,41.4819536,2.1887303,28.3,57,20,1019,19.1,36.3,-,1,-,-,-,-,-,-,-,-,-,-,-,-,-,-,-,-
2023-09-29 13:18:08+02:00,41.4818966,2.1887048,28.4,57,20,1019,19.1,36.4,-,5,-,-,-,-,-,-,-,-,-,-,-,-,-,-,-,-
2023-09-29 13:18:11+02:00,41.4818457,2.1886627,28.5,57,20,1019,19.2,36.6,-,4,-,-,-,-,-,-,-,-,-,-,-,-,-,-,-,-
2023-09-29 13:18:14+02:00,41.4818077,2.1886302,28.5,57,20,1019,19.3,36.7,-,5,-,-,-,-,-,-,-,-,-,-,-,-,-,-,-,-
2023-09-29 13:18:17+02:00,41.4817749,2.188596,28.6,57,20,1019,19.3,36.7,-,4,-,-,-,-,-,-,-,-,-,-,-,-,-,-,-,-
2023-09-29 13:18:23+02:00,41.4817116,2.1885456,28.5,57,20,1019,19.3,36.7,-,1,-,-,-,-,-,-,-,-,-,-,-,-,-,-,-,-
2023-09-29 13:18:29+02:00,41.4816451,2.1885213,28.6,57,21,1019,19.5,36.9,-,4,-,-,-,-,-,-,-,-,-,-,-,-,-,-,-,-
2023-09-29 13:18:32+02:00,41.4816149,2.1884982,28.5,57,20,1019,19.4,36.8,-,5,-,-,-,-,-,-,-,-,-,-,-,-,-,-,-,-
2023-09-29 13:18:35+02:00,41.481588,2.1884753,28.6,57,20,1019,19.5,36.9,-,4,-,-,-,-,-,-,-,-,-,-,-,-,-,-,-,-
2023-09-29 13:18:41+02:00,41.4815154,2.1883987,28.5,57,20,1019,19.5,36.9,-,5,-,-,-,-,-,-,-,-,-,-,-,-,-,-,-,-
2023-09-29 13:18:44+02:00,41.4814727,2.1883746,28.6,58,20,1019,19.5,37.0,-,5,-,-,-,-,-,-,-,-,-,-,-,-,-,-,-,-
2023-09-29 13:18:47+02:00,41.4814312,2.1883681,28.6,58,20,1019,19.6,37.0,-,4,-,-,-,-,-,-,-,-,-,-,-,-,-,-,-,-
2023-09-29 13:18:53+02:00,41.4813555,2.1883936,28.5,58,20,1019,19.6,36.9,-,4,-,-,-,-,-,-,-,-,-,-,-,-,-,-,-,-
2023-09-29 13:18:56+02:00,41.4813289,2.1883911,28.6,58,20,1019,19.6,37.0,-,4,-,-,-,-,-,-,-,-,-,-,-,-,-,-,-,-
2023-09-29 13:19:02+02:00,41.4812684,2.1883383,28.4,58,20,1019,19.5,36.8,-,5,-,-,-,-,-,-,-,-,-,-,-,-,-,-,-,-
2023-09-29 13:19:08+02:00,41.481222,2.188309,28.4,58,20,1019,19.4,36.7,-,3,-,-,-,-,-,-,-,-,-,-,-,-,-,-,-,-
2023-09-29 13:19:11+02:00,41.4812005,2.1883193,28.4,58,21,1019,19.4,36.6,-,4,-,-,-,-,-,-,-,-,-,-,-,-,-,-,-,-
2023-09-29 13:19:17+02:00,41.4811839,2.1883357,28.4,58,20,1019,19.5,36.7,-,3,-,-,-,-,-,-,-,-,-,-,-,-,-,-,-,-
2023-09-29 13:19:20+02:00,41.4812119,2.1883428,28.5,58,20,1019,19.6,36.9,-,3,-,-,-,-,-,-,-,-,-,-,-,-,-,-,-,-
2023-09-29 13:19:23+02:00,41.481208,2.1883505,28.4,58,19,1019,19.5,36.7,-,0,-,-,-,-,-,-,-,-,-,-,-,-,-,-,-,-
2023-09-29 13:19:26+02:00,41.4812065,2.1883582,28.4,58,19,1019,19.6,36.9,-,0,-,-,-,-,-,-,-,-,-,-,-,-,-,-,-,-
2023-09-29 13:19:32+02:00,41.4811917,2.1883802,28.5,58,20,1019,19.6,36.9,-,1,-,-,-,-,-,-,-,-,-,-,-,-,-,-,-,-
2023-09-29 13:19:38+02:00,41.4811326,2.1884172,28.3,59,19,1019,19.6,36.7,-,2,-,-,-,-,-,-,-,-,-,-,-,-,-,-,-,-
2023-09-29 13:19:41+02:00,41.4810999,2.1884661,28.4,59,19,1020,19.6,36.9,-,6,-,-,-,-,-,-,-,-,-,-,-,-,-,-,-,-
2023-09-29 13:19:44+02:00,41.481057,2.1885352,28.4,59,19,1019,19.7,36.9,-,3,-,-,-,-,-,-,-,-,-,-,-,-,-,-,-,-
2023-09-29 13:19:47+02:00,41.4810142,2.1885955,28.4,59,19,1019,19.7,36.9,-,3,-,-,-,-,-,-,-,-,-,-,-,-,-,-,-,-
2023-09-29 13:19:50+02:00,41.4809787,2.1886578,28.4,59,19,1019,19.7,36.8,-,4,-,-,-,-,-,-,-,-,-,-,-,-,-,-,-,-
2023-09-29 13:19:53+02:00,41.4809475,2.1887366,28.4,59,19,1019,19.7,36.9,-,6,-,-,-,-,-,-,-,-,-,-,-,-,-,-,-,-
2023-09-29 13:19:56+02:00,41.4809043,2.18879,28.3,59,19,1019,19.6,36.6,-,7,-,-,-,-,-,-,-,-,-,-,-,-,-,-,-,-
2023-09-29 13:19:59+02:00,41.4808544,2.1888298,28.2,59,19,1019,19.6,36.7,-,6,-,-,-,-,-,-,-,-,-,-,-,-,-,-,-,-
2023-09-29 13:20:05+02:00,41.4808018,2.1888923,28.2,59,20,1019,19.7,36.7,-,5,-,-,-,-,-,-,-,-,-,-,-,-,-,-,-,-
2023-09-29 13:20:11+02:00,41.4807447,2.1889506,28.1,60,20,1019,19.6,36.5,-,4,-,-,-,-,-,-,-,-,-,-,-,-,-,-,-,-
2023-09-29 13:20:14+02:00,41.4807166,2.1889904,28.1,60,19,1019,19.7,36.5,-,4,-,-,-,-,-,-,-,-,-,-,-,-,-,-,-,-
2023-09-29 13:20:17+02:00,41.4806855,2.1890231,28.1,60,20,1019,19.7,36.5,-,3,-,-,-,-,-,-,-,-,-,-,-,-,-,-,-,-
2023-09-29 13:20:23+02:00,41.480636,2.1890505,28.1,60,19,1019,19.7,36.5,-,3,-,-,-,-,-,-,-,-,-,-,-,-,-,-,-,-
2023-09-29 13:20:26+02:00,41.4806184,2.1890669,28.0,60,20,1019,19.7,36.5,-,3,-,-,-,-,-,-,-,-,-,-,-,-,-,-,-,-
2023-09-29 13:20:32+02:00,41.4805766,2.1891113,27.9,60,19,1019,19.6,36.3,-,2,-,-,-,-,-,-,-,-,-,-,-,-,-,-,-,-
2023-09-29 13:20:35+02:00,41.4805411,2.1891376,27.9,60,19,1019,19.6,36.3,-,4,-,-,-,-,-,-,-,-,-,-,-,-,-,-,-,-
2023-09-29 13:20:38+02:00,41.4804951,2.1891786,27.9,60,19,1019,19.6,36.2,-,4,-,-,-,-,-,-,-,-,-,-,-,-,-,-,-,-
2023-09-29 13:20:41+02:00,41.4804685,2.1892173,27.9,61,19,1019,19.7,36.3,-,2,-,-,-,-,-,-,-,-,-,-,-,-,-,-,-,-
2023-09-29 13:20:47+02:00,41.480417,2.1892843,27.9,61,19,1019,19.7,36.3,-,3,-,-,-,-,-,-,-,-,-,-,-,-,-,-,-,-
2023-09-29 13:20:50+02:00,41.4803754,2.1893088,27.8,61,20,1019,19.7,36.3,-,5,-,-,-,-,-,-,-,-,-,-,-,-,-,-,-,-
2023-09-29 13:20:53+02:00,41.4803302,2.189338,27.9,61,20,1019,19.7,36.3,-,5,-,-,-,-,-,-,-,-,-,-,-,-,-,-,-,-
2023-09-29 13:20:56+02:00,41.4802889,2.1893773,27.7,61,19,1019,19.6,36.1,-,4,-,-,-,-,-,-,-,-,-,-,-,-,-,-,-,-
2023-09-29 13:20:59+02:00,41.4802537,2.1894125,27.6,61,19,1019,19.5,35.9,-,5,-,-,-,-,-,-,-,-,-,-,-,-,-,-,-,-
2023-09-29 13:21:05+02:00,41.4802119,2.1894362,27.7,61,19,1020,19.5,36.0,-,2,-,-,-,-,-,-,-,-,-,-,-,-,-,-,-,-
2023-09-29 13:21:11+02:00,41.4801856,2.1894886,27.7,61,19,1020,19.5,36.0,-,3,-,-,-,-,-,-,-,-,-,-,-,-,-,-,-,-
2023-09-29 13:21:17+02:00,41.4801583,2.1895336,27.9,61,19,1019,19.7,36.2,-,2,-,-,-,-,-,-,-,-,-,-,-,-,-,-,-,-
2023-09-29 13:21:23+02:00,41.480077,2.189645,27.9,61,19,1020,19.7,36.2,-,4,-,-,-,-,-,-,-,-,-,-,-,-,-,-,-,-
2023-09-29 13:21:29+02:00,41.480043,2.1896805,27.9,61,18,1020,19.7,36.3,-,1,-,-,-,-,-,-,-,-,-,-,-,-,-,-,-,-
2023-09-29 13:21:32+02:00,41.4800361,2.1896856,27.9,61,19,1019,19.7,36.3,-,1,-,-,-,-,-,-,-,-,-,-,-,-,-,-,-,-
2023-09-29 13:21:44+02:00,41.480023,2.1896677,27.9,61,19,1019,20.0,36.6,-,1,-,-,-,-,-,-,-,-,-,-,-,-,-,-,-,-
2023-09-29 13:21:50+02:00,41.480025,2.1896449,28.1,61,18,1020,20.1,36.8,-,1,-,-,-,-,-,-,-,-,-,-,-,-,-,-,-,-
2023-09-29 13:21:56+02:00,41.480025,2.189643,28.1,61,19,1019,20.0,36.8,-,0,-,-,-,-,-,-,-,-,-,-,-,-,-,-,-,-
2023-09-29 13:21:59+02:00,41.4800258,2.1896425,28.1,61,19,1020,20.0,36.8,-,0,-,-,-,-,-,-,-,-,-,-,-,-,-,-,-,-
2023-09-29 13:22:02+02:00,41.4800264,2.1896418,28.1,61,19,1019,19.9,36.7,-,0,-,-,-,-,-,-,-,-,-,-,-,-,-,-,-,-
2023-09-29 13:22:11+02:00,41.4800268,2.1896421,28.1,61,18,1020,20.0,36.8,-,0,-,-,-,-,-,-,-,-,-,-,-,-,-,-,-,-
2023-09-29 13:22:14+02:00,41.4800269,2.1896421,28.1,61,19,1019,19.9,36.8,-,0,-,-,-,-,-,-,-,-,-,-,-,-,-,-,-,-
2023-09-29 13:22:17+02:00,41.480027,2.189642,28.1,61,19,1019,19.9,36.7,-,0,-,-,-,-,-,-,-,-,-,-,-,-,-,-,-,-
2023-09-29 13:22:23+02:00,41.4800268,2.1896424,28.1,61,19,1019,19.9,36.7,-,0,-,-,-,-,-,-,-,-,-,-,-,-,-,-,-,-
2023-09-29 13:22:29+02:00,41.4800268,2.1896423,28.2,61,19,1020,19.9,36.8,-,0,-,-,-,-,-,-,-,-,-,-,-,-,-,-,-,-
2023-09-29 13:22:32+02:00,41.4800269,2.1896422,28.2,61,19,1019,20.0,36.9,-,0,-,-,-,-,-,-,-,-,-,-,-,-,-,-,-,-
2023-09-29 13:22:35+02:00,41.480027,2.189642,28.1,60,18,1020,19.9,36.7,-,0,-,-,-,-,-,-,-,-,-,-,-,-,-,-,-,-
2023-09-29 13:22:41+02:00,41.4800268,2.1896418,28.2,60,19,1019,19.9,36.8,-,0,-,-,-,-,-,-,-,-,-,-,-,-,-,-,-,-
2023-09-29 13:22:44+02:00,41.4800266,2.1896418,28.1,60,19,1020,19.9,36.8,-,0,-,-,-,-,-,-,-,-,-,-,-,-,-,-,-,-
2023-09-29 13:22:50+02:00,41.4800264,2.1896418,28.1,60,19,1019,19.8,36.7,-,0,-,-,-,-,-,-,-,-,-,-,-,-,-,-,-,-
2023-09-29 13:22:53+02:00,41.4800264,2.1896419,28.1,60,19,1019,19.8,36.7,-,0,-,-,-,-,-,-,-,-,-,-,-,-,-,-,-,-
2023-09-29 13:22:56+02:00,41.4800264,2.1896417,28.1,60,19,1020,19.8,36.7,-,0,-,-,-,-,-,-,-,-,-,-,-,-,-,-,-,-
2023-09-29 13:23:02+02:00,41.4800264,2.1896416,28.1,60,19,1020,19.8,36.7,-,0,-,-,-,-,-,-,-,-,-,-,-,-,-,-,-,-
2023-09-29 13:23:05+02:00,41.4800264,2.1896415,28.1,60,19,1020,19.8,36.7,-,0,-,-,-,-,-,-,-,-,-,-,-,-,-,-,-,-
2023-09-29 13:23:11+02:00,41.4800265,2.1896413,28.1,60,19,1019,19.8,36.7,-,0,-,-,-,-,-,-,-,-,-,-,-,-,-,-,-,-
2023-09-29 13:23:17+02:00,41.4800267,2.1896408,28.1,60,19,1019,19.9,36.7,-,0,-,-,-,-,-,-,-,-,-,-,-,-,-,-,-,-
2023-09-29 13:23:20+02:00,41.4800268,2.1896409,28.1,60,19,1019,19.8,36.6,-,0,-,-,-,-,-,-,-,-,-,-,-,-,-,-,-,-
2023-09-29 13:23:26+02:00,41.4800268,2.1896411,28.1,60,19,1019,19.8,36.6,-,0,-,-,-,-,-,-,-,-,-,-,-,-,-,-,-,-
2023-09-29 13:23:32+02:00,41.4800269,2.1896411,28.1,60,19,1019,19.8,36.6,-,0,-,-,-,-,-,-,-,-,-,-,-,-,-,-,-,-
2023-09-29 13:23:35+02:00,41.4800268,2.189641,28.0,60,19,1019,19.8,36.6,-,0,-,-,-,-,-,-,-,-,-,-,-,-,-,-,-,-
2023-09-29 13:23:41+02:00,41.4800269,2.1896406,28.0,60,19,1019,19.7,36.5,-,0,-,-,-,-,-,-,-,-,-,-,-,-,-,-,-,-
2023-09-29 13:23:47+02:00,41.4800269,2.1896403,28.1,60,19,1019,19.8,36.7,-,0,-,-,-,-,-,-,-,-,-,-,-,-,-,-,-,-
2023-09-29 13:23:53+02:00,41.480027,2.1896404,28.1,60,19,1019,19.7,36.6,-,0,-,-,-,-,-,-,-,-,-,-,-,-,-,-,-,-
2023-09-29 13:23:59+02:00,41.480027,2.18964,28.1,61,19,1020,19.9,36.8,-,0,-,-,-,-,-,-,-,-,-,-,-,-,-,-,-,-
2023-09-29 13:24:02+02:00,41.4800271,2.1896396,28.1,61,19,1020,19.9,36.8,-,0,-,-,-,-,-,-,-,-,-,-,-,-,-,-,-,-
2023-09-29 13:24:05+02:00,41.4800273,2.1896392,28.1,60,19,1019,19.9,36.7,-,0,-,-,-,-,-,-,-,-,-,-,-,-,-,-,-,-
2023-09-29 13:24:08+02:00,41.4800274,2.1896388,28.1,60,19,1019,19.8,36.7,-,0,-,-,-,-,-,-,-,-,-,-,-,-,-,-,-,-
2023-09-29 13:24:14+02:00,41.4800276,2.189638,28.1,61,19,1019,19.9,36.8,-,0,-,-,-,-,-,-,-,-,-,-,-,-,-,-,-,-
2023-09-29 13:24:17+02:00,41.4800277,2.1896377,28.1,61,19,1019,19.9,36.8,-,0,-,-,-,-,-,-,-,-,-,-,-,-,-,-,-,-
2023-09-29 13:24:20+02:00,41.4800278,2.1896374,28.2,61,19,1019,19.9,36.8,-,0,-,-,-,-,-,-,-,-,-,-,-,-,-,-,-,-
