Time,Lat,Lon,Hum[%],Alt[m],Press[mbar],DP[°C],HDX[°C],Gradient[°C/100m],Speed[km/h],Radiation[],BT[dBm],CO2[ppm],mass PM1.0[μg/m3],mass PM2.5[μg/m3],mass PM4[μg/m3],mass PM10[μg/m3],number PM0.5[#/cm3],number PM1.0[#/cm3],number PM2.5[#/cm3],number PM4[#/cm3],number PM10[#/cm3],Typical Part Size[μm],EAQ[],FAQ[],O3[ppb],Temp[°C]
2023-07-07 12:05:37+02:00,41.3868791,2.1795262,70,15,1016,22.7,40.1,-,0,-,-,-,-,-,-,-,-,-,-,-,-,-,-,-,-,28.7
2023-07-07 12:05:40+02:00,41.3868789,2.1795333,69,15,1016,22.6,39.9,-,0,-,-,-,-,-,-,-,-,-,-,-,-,-,-,-,-,28.6
2023-07-07 12:05:46+02:00,41.3868787,2.1795343,69,15,1016,22.7,40.0,-,0,-,-,-,-,-,-,-,-,-,-,-,-,-,-,-,-,28.7
2023-07-07 12:05:52+02:00,41.3868766,2.1795304,70,15,1016,22.8,40.2,-,0,-,-,-,-,-,-,-,-,-,-,-,-,-,-,-,-,28.7
2023-07-07 12:05:58+02:00,41.3868756,2.1795242,70,14,1016,22.8,40.3,-,0,-,-,-,-,-,-,-,-,-,-,-,-,-,-,-,-,28.7
2023-07-07 12:06:01+02:00,41.3868702,2.1795364,70,14,1016,22.8,40.3,-,0,-,-,-,-,-,-,-,-,-,-,-,-,-,-,-,-,28.8
2023-07-07 12:06:04+02:00,41.3868725,2.17953,69,15,1016,22.8,40.3,-,0,-,-,-,-,-,-,-,-,-,-,-,-,-,-,-,-,28.8
2023-07-07 12:06:10+02:00,41.3868699,2.179539,69,15,1016,22.7,40.2,-,0,-,-,-,-,-,-,-,-,-,-,-,-,-,-,-,-,28.8
2023-07-07 12:06:16+02:00,41.386869,2.1795426,69,15,1016,22.7,40.2,-,0,-,-,-,-,-,-,-,-,-,-,-,-,-,-,-,-,28.8
2023-07-07 12:06:19+02:00,41.3868693,2.1795443,69,14,1016,22.6,40.1,-,0,-,-,-,-,-,-,-,-,-,-,-,-,-,-,-,-,28.8
2023-07-07 12:06:25+02:00,41.3868711,2.1795396,68,15,1016,22.6,40.1,-,0,-,-,-,-,-,-,-,-,-,-,-,-,-,-,-,-,28.8
2023-07-07 12:06:28+02:00,41.3868716,2.1795381,68,15,1016,22.6,40.0,-,0,-,-,-,-,-,-,-,-,-,-,-,-,-,-,-,-,28.8
2023-07-07 12:06:34+02:00,41.3868763,2.1795319,69,15,1016,22.6,40.0,-,0,-,-,-,-,-,-,-,-,-,-,-,-,-,-,-,-,28.7
2023-07-07 12:06:40+02:00,41.3868758,2.1795374,69,15,1016,22.5,39.8,-,0,-,-,-,-,-,-,-,-,-,-,-,-,-,-,-,-,28.7
2023-07-07 12:06:43+02:00,41.3868749,2.1795387,69,15,1016,22.4,39.6,-,0,-,-,-,-,-,-,-,-,-,-,-,-,-,-,-,-,28.6
2023-07-07 12:06:49+02:00,41.3868727,2.1795316,69,15,1016,22.4,39.5,-,0,-,-,-,-,-,-,-,-,-,-,-,-,-,-,-,-,28.5
2023-07-07 12:06:52+02:00,41.3868793,2.1795201,68,15,1016,22.3,39.4,-,0,-,-,-,-,-,-,-,-,-,-,-,-,-,-,-,-,28.5
2023-07-07 12:06:58+02:00,41.3868806,2.1795177,68,15,1016,22.2,39.2,-,0,-,-,-,-,-,-,-,-,-,-,-,-,-,-,-,-,28.4
2023-07-07 12:07:01+02:00,41.3868771,2.1795239,68,15,1016,22.1,39.1,-,0,-,-,-,-,-,-,-,-,-,-,-,-,-,-,-,-,28.4
2023-07-07 12:07:07+02:00,41.3868728,2.179532,68,16,1016,21.9,38.8,-,0,-,-,-,-,-,-,-,-,-,-,-,-,-,-,-,-,28.3
2023-07-07 12:07:13+02:00,41.3868756,2.1795342,68,15,1016,21.9,38.6,-,0,-,-,-,-,-,-,-,-,-,-,-,-,-,-,-,-,28.2
2023-07-07 12:07:16+02:00,41.3868723,2.1795363,68,15,1016,21.8,38.5,-,0,-,-,-,-,-,-,-,-,-,-,-,-,-,-,-,-,28.2
2023-07-07 12:07:22+02:00,41.3868767,2.1795249,68,16,1016,21.8,38.5,-,0,-,-,-,-,-,-,-,-,-,-,-,-,-,-,-,-,28.1
2023-07-07 12:07:28+02:00,41.3868778,2.1795323,68,15,1016,21.8,38.6,-,0,-,-,-,-,-,-,-,-,-,-,-,-,-,-,-,-,28.2
2023-07-07 12:07:34+02:00,41.3868801,2.179521,67,15,1016,21.8,38.7,-,0,-,-,-,-,-,-,-,-,-,-,-,-,-,-,-,-,28.3
2023-07-07 12:07:37+02:00,41.3868823,2.1795209,67,16,1016,21.8,38.6,-,0,-,-,-,-,-,-,-,-,-,-,-,-,-,-,-,-,28.3
2023-07-07 12:07:40+02:00,41.3868846,2.1795244,67,16,1016,21.8,38.7,-,0,-,-,-,-,-,-,-,-,-,-,-,-,-,-,-,-,28.3
2023-07-07 12:07:43+02:00,41.3868851,2.1795252,67,16,1016,21.9,38.8,-,0,-,-,-,-,-,-,-,-,-,-,-,-,-,-,-,-,28.4
2023-07-07 12:07:49+02:00,41.3868824,2.179527,67,16,1016,21.9,38.9,-,0,-,-,-,-,-,-,-,-,-,-,-,-,-,-,-,-,28.5
2023-07-07 12:07:52+02:00,41.3868803,2.1795288,67,16,1016,21.9,38.9,-,0,-,-,-,-,-,-,-,-,-,-,-,-,-,-,-,-,28.4
2023-07-07 12:07:58+02:00,41.3868772,2.1795389,67,15,1016,21.9,39.0,-,0,-,-,-,-,-,-,-,-,-,-,-,-,-,-,-,-,28.5
2023-07-07 12:08:01+02:00,41.3868702,2.179541,67,16,1016,21.9,39.0,-,0,-,-,-,-,-,-,-,-,-,-,-,-,-,-,-,-,28.5
2023-07-07 12:08:04+02:00,41.386874,2.179537,67,15,1016,22.0,39.0,-,0,-,-,-,-,-,-,-,-,-,-,-,-,-,-,-,-,28.5
2023-07-07 12:08:10+02:00,41.3868736,2.1795434,67,16,1016,22.1,39.3,-,0,-,-,-,-,-,-,-,-,-,-,-,-,-,-,-,-,28.6
2023-07-07 12:08:13+02:00,41.386873,2.1795452,67,16,1016,22.1,39.3,-,0,-,-,-,-,-,-,-,-,-,-,-,-,-,-,-,-,28.6
2023-07-07 12:08:16+02:00,41.3868699,2.1795406,67,16,1016,22.2,39.4,-,0,-,-,-,-,-,-,-,-,-,-,-,-,-,-,-,-,28.7
2023-07-07 12:08:19+02:00,41.3868686,2.1795377,67,16,1016,22.2,39.4,-,0,-,-,-,-,-,-,-,-,-,-,-,-,-,-,-,-,28.7
2023-07-07 12:08:22+02:00,41.3868729,2.1795346,67,16,1016,22.2,39.5,-,0,-,-,-,-,-,-,-,-,-,-,-,-,-,-,-,-,28.7
2023-07-07 12:08:28+02:00,41.3868779,2.1795296,67,16,1016,22.2,39.6,-,0,-,-,-,-,-,-,-,-,-,-,-,-,-,-,-,-,28.8
2023-07-07 12:08:31+02:00,41.3868796,2.1795267,67,16,1016,22.3,39.7,-,0,-,-,-,-,-,-,-,-,-,-,-,-,-,-,-,-,28.8
2023-07-07 12:08:34+02:00,41.3868797,2.179526,67,16,1016,22.3,39.6,-,0,-,-,-,-,-,-,-,-,-,-,-,-,-,-,-,-,28.8
2023-07-07 12:08:40+02:00,41.3868752,2.1795244,67,16,1016,22.4,39.9,-,0,-,-,-,-,-,-,-,-,-,-,-,-,-,-,-,-,28.9
2023-07-07 12:08:43+02:00,41.3868763,2.1795232,67,16,1016,22.3,39.9,-,0,-,-,-,-,-,-,-,-,-,-,-,-,-,-,-,-,28.9
2023-07-07 12:08:46+02:00,41.3868708,2.1795287,67,16,1016,22.4,39.9,-,0,-,-,-,-,-,-,-,-,-,-,-,-,-,-,-,-,28.9
2023-07-07 12:08:49+02:00,41.3868693,2.17953,67,16,1016,22.4,39.9,-,0,-,-,-,-,-,-,-,-,-,-,-,-,-,-,-,-,28.9
2023-07-07 12:08:55+02:00,41.3868716,2.1795274,66,16,1016,22.2,39.7,-,0,-,-,-,-,-,-,-,-,-,-,-,-,-,-,-,-,28.9
2023-07-07 12:09:01+02:00,41.3868769,2.1795218,66,16,1016,22.2,39.7,-,0,-,-,-,-,-,-,-,-,-,-,-,-,-,-,-,-,29.0
2023-07-07 12:09:04+02:00,41.3868772,2.1795226,66,16,1016,22.2,39.6,-,0,-,-,-,-,-,-,-,-,-,-,-,-,-,-,-,-,28.9
2023-07-07 12:09:07+02:00,41.38688,2.1795153,66,16,1016,22.1,39.5,-,0,-,-,-,-,-,-,-,-,-,-,-,-,-,-,-,-,28.8
2023-07-07 12:09:10+02:00,41.3868845,2.1795142,66,16,1016,22.1,39.4,-,0,-,-,-,-,-,-,-,-,-,-,-,-,-,-,-,-,28.8
2023-07-07 12:09:13+02:00,41.3868845,2.1795144,66,16,1016,22.0,39.3,-,0,-,-,-,-,-,-,-,-,-,-,-,-,-,-,-,-,28.8
2023-07-07 12:09:19+02:00,41.3868766,2.1795273,65,16,1016,22.2,39.7,-,0,-,-,-,-,-,-,-,-,-,-,-,-,-,-,-,-,29.0
2023-07-07 12:09:22+02:00,41.3868722,2.1795265,65,16,1016,22.4,40.1,-,0,-,-,-,-,-,-,-,-,-,-,-,-,-,-,-,-,29.2
2023-07-07 12:09:25+02:00,41.3868719,2.179526,65,16,1016,22.5,40.4,-,0,-,-,-,-,-,-,-,-,-,-,-,-,-,-,-,-,29.3
2023-07-07 12:09:31+02:00,41.3868761,2.1795237,66,16,1016,22.8,40.9,-,0,-,-,-,-,-,-,-,-,-,-,-,-,-,-,-,-,29.5
2023-07-07 12:09:37+02:00,41.3868746,2.1795315,66,16,1016,23.0,41.4,-,0,-,-,-,-,-,-,-,-,-,-,-,-,-,-,-,-,29.7
2023-07-07 12:09:40+02:00,41.3868801,2.1795169,66,16,1016,23.1,41.6,-,0,-,-,-,-,-,-,-,-,-,-,-,-,-,-,-,-,29.8
2023-07-07 12:09:43+02:00,41.3868816,2.1795114,66,16,1016,23.2,41.8,-,0,-,-,-,-,-,-,-,-,-,-,-,-,-,-,-,-,29.9
2023-07-07 12:09:46+02:00,41.3869045,2.1794637,66,16,1016,23.3,42.0,-,2,-,-,-,-,-,-,-,-,-,-,-,-,-,-,-,-,30.0
2023-07-07 12:09:49+02:00,41.3869097,2.1794528,66,16,1016,23.3,42.1,-,2,-,-,-,-,-,-,-,-,-,-,-,-,-,-,-,-,30.0
2023-07-07 12:09:55+02:00,41.3868903,2.1794816,66,16,1016,23.5,42.4,-,0,-,-,-,-,-,-,-,-,-,-,-,-,-,-,-,-,30.1
2023-07-07 12:09:58+02:00,41.3868914,2.1794817,67,16,1016,23.6,42.5,-,0,-,-,-,-,-,-,-,-,-,-,-,-,-,-,-,-,30.1
2023-07-07 12:10:01+02:00,41.3868929,2.179483,67,16,1016,23.6,42.6,-,0,-,-,-,-,-,-,-,-,-,-,-,-,-,-,-,-,30.2
2023-07-07 12:10:07+02:00,41.3868899,2.1794958,67,16,1016,23.7,42.7,-,0,-,-,-,-,-,-,-,-,-,-,-,-,-,-,-,-,30.2
2023-07-07 12:10:13+02:00,41.3868824,2.1795104,67,16,1016,23.8,43.0,-,0,-,-,-,-,-,-,-,-,-,-,-,-,-,-,-,-,30.3
2023-07-07 12:10:19+02:00,41.3868917,2.1794944,67,16,1016,23.4,42.1,-,0,-,-,-,-,-,-,-,-,-,-,-,-,-,-,-,-,30.0
2023-07-07 12:10:25+02:00,41.3868521,2.1795845,66,16,1016,23.4,42.3,-,4,-,-,-,-,-,-,-,-,-,-,-,-,-,-,-,-,30.1
2023-07-07 12:10:28+02:00,41.3868428,2.1796013,66,16,1016,23.5,42.5,-,3,-,-,-,-,-,-,-,-,-,-,-,-,-,-,-,-,30.2
2023-07-07 12:10:31+02:00,41.386804,2.1796566,66,16,1016,23.6,42.7,-,5,-,-,-,-,-,-,-,-,-,-,-,-,-,-,-,-,30.2
2023-07-07 12:10:34+02:00,41.3867949,2.1796691,66,16,1016,23.3,42.0,-,3,-,-,-,-,-,-,-,-,-,-,-,-,-,-,-,-,30.0
2023-07-07 12:10:40+02:00,41.3867725,2.179697,66,16,1016,23.0,41.3,-,1,-,-,-,-,-,-,-,-,-,-,-,-,-,-,-,-,29.7
2023-07-07 12:10:46+02:00,41.3867997,2.179691,66,15,1016,22.9,41.1,-,2,-,-,-,-,-,-,-,-,-,-,-,-,-,-,-,-,29.6
2023-07-07 12:10:49+02:00,41.3867911,2.1796899,66,16,1016,22.6,40.6,-,0,-,-,-,-,-,-,-,-,-,-,-,-,-,-,-,-,29.4
2023-07-07 12:10:55+02:00,41.386763,2.1797061,66,16,1016,22.5,40.4,-,0,-,-,-,-,-,-,-,-,-,-,-,-,-,-,-,-,29.3
2023-07-07 12:10:58+02:00,41.386757,2.1797124,66,16,1016,22.7,40.8,-,0,-,-,-,-,-,-,-,-,-,-,-,-,-,-,-,-,29.4
2023-07-07 12:11:04+02:00,41.3867386,2.1797392,66,15,1016,22.6,40.6,-,0,-,-,-,-,-,-,-,-,-,-,-,-,-,-,-,-,29.4
2023-07-07 12:11:07+02:00,41.3867323,2.1797742,66,16,1016,22.5,40.4,-,1,-,-,-,-,-,-,-,-,-,-,-,-,-,-,-,-,29.3
2023-07-07 12:11:10+02:00,41.3867283,2.1797959,66,16,1016,22.6,40.5,-,1,-,-,-,-,-,-,-,-,-,-,-,-,-,-,-,-,29.3
2023-07-07 12:11:16+02:00,41.3867111,2.1798451,66,15,1016,22.5,40.4,-,2,-,-,-,-,-,-,-,-,-,-,-,-,-,-,-,-,29.3
2023-07-07 12:11:22+02:00,41.3866922,2.1799344,65,16,1016,22.5,40.4,-,2,-,-,-,-,-,-,-,-,-,-,-,-,-,-,-,-,29.3
2023-07-07 12:11:28+02:00,41.3866797,2.1800094,66,16,1016,23.1,41.7,-,2,-,-,-,-,-,-,-,-,-,-,-,-,-,-,-,-,29.9
2023-07-07 12:11:31+02:00,41.3866827,2.1800157,65,15,1016,23.2,42.0,-,3,-,-,-,-,-,-,-,-,-,-,-,-,-,-,-,-,30.1
2023-07-07 12:11:37+02:00,41.3866666,2.1800475,66,15,1016,23.5,42.5,-,1,-,-,-,-,-,-,-,-,-,-,-,-,-,-,-,-,30.2
2023-07-07 12:11:43+02:00,41.3866465,2.1800603,66,16,1016,23.5,42.4,-,1,-,-,-,-,-,-,-,-,-,-,-,-,-,-,-,-,30.2
2023-07-07 12:11:46+02:00,41.386633,2.1800679,66,15,1016,23.9,43.2,-,1,-,-,-,-,-,-,-,-,-,-,-,-,-,-,-,-,30.5
2023-07-07 12:11:52+02:00,41.3865329,2.1801147,66,15,1016,24.0,43.6,-,5,-,-,-,-,-,-,-,-,-,-,-,-,-,-,-,-,30.7
2023-07-07 12:11:58+02:00,41.3864906,2.1801437,66,15,1016,24.0,43.6,-,4,-,-,-,-,-,-,-,-,-,-,-,-,-,-,-,-,30.7
2023-07-07 12:12:04+02:00,41.3864767,2.1801575,66,15,1016,24.0,43.8,-,3,-,-,-,-,-,-,-,-,-,-,-,-,-,-,-,-,30.8
2023-07-07 12:12:10+02:00,41.3864971,2.1801329,65,15,1016,23.9,43.6,-,1,-,-,-,-,-,-,-,-,-,-,-,-,-,-,-,-,30.8
2023-07-07 12:12:20+02:00,41.3865103,2.1801229,65,15,1016,24.0,43.7,-,0,-,-,-,-,-,-,-,-,-,-,-,-,-,-,-,-,30.8
2023-07-07 12:12:25+02:00,41.3865459,2.1801176,65,15,1016,23.9,43.5,-,1,-,-,-,-,-,-,-,-,-,-,-,-,-,-,-,-,30.7
2023-07-07 12:12:30+02:00,41.3865551,2.1801329,65,15,1016,23.8,43.4,-,1,-,-,-,-,-,-,-,-,-,-,-,-,-,-,-,-,30.7
2023-07-07 12:12:35+02:00,41.3865773,2.1801387,65,15,1016,23.8,43.2,-,1,-,-,-,-,-,-,-,-,-,-,-,-,-,-,-,-,30.6
2023-07-07 12:12:40+02:00,41.3865606,2.1801604,66,15,1016,23.8,43.2,-,0,-,-,-,-,-,-,-,-,-,-,-,-,-,-,-,-,30.6
2023-07-07 12:12:45+02:00,41.3865456,2.1801787,66,15,1016,23.7,43.1,-,1,-,-,-,-,-,-,-,-,-,-,-,-,-,-,-,-,30.5
2023-07-07 12:12:50+02:00,41.3865351,2.1801827,66,15,1016,23.7,43.0,-,0,-,-,-,-,-,-,-,-,-,-,-,-,-,-,-,-,30.4
2023-07-07 12:12:55+02:00,41.3865464,2.1801969,66,15,1016,23.6,42.8,-,0,-,-,-,-,-,-,-,-,-,-,-,-,-,-,-,-,30.4
2023-07-07 12:13:00+02:00,41.3865249,2.1802206,66,15,1016,23.6,42.7,-,1,-,-,-,-,-,-,-,-,-,-,-,-,-,-,-,-,30.3
2023-07-07 12:13:05+02:00,41.3865491,2.1801887,66,15,1016,23.5,42.5,-,1,-,-,-,-,-,-,-,-,-,-,-,-,-,-,-,-,30.2
2023-07-07 12:13:10+02:00,41.3865493,2.1801704,66,15,1016,23.5,42.4,-,0,-,-,-,-,-,-,-,-,-,-,-,-,-,-,-,-,30.1
2023-07-07 12:13:15+02:00,41.3865728,2.1801576,67,15,1016,23.5,42.5,-,1,-,-,-,-,-,-,-,-,-,-,-,-,-,-,-,-,30.1
2023-07-07 12:13:20+02:00,41.386541,2.1801672,67,15,1016,23.5,42.4,-,1,-,-,-,-,-,-,-,-,-,-,-,-,-,-,-,-,30.1
2023-07-07 12:13:25+02:00,41.3865457,2.1801656,67,15,1016,23.5,42.4,-,0,-,-,-,-,-,-,-,-,-,-,-,-,-,-,-,-,30.0
2023-07-07 12:13:30+02:00,41.3865314,2.1801835,67,15,1016,23.5,42.3,-,1,-,-,-,-,-,-,-,-,-,-,-,-,-,-,-,-,30.0
2023-07-07 12:13:35+02:00,41.3865406,2.1801575,67,15,1016,23.5,42.3,-,0,-,-,-,-,-,-,-,-,-,-,-,-,-,-,-,-,30.0
2023-07-07 12:13:40+02:00,41.3865173,2.1801496,67,15,1016,23.5,42.2,-,1,-,-,-,-,-,-,-,-,-,-,-,-,-,-,-,-,30.0
2023-07-07 12:13:45+02:00,41.386542,2.1801189,67,15,1016,23.4,42.2,-,1,-,-,-,-,-,-,-,-,-,-,-,-,-,-,-,-,30.0
2023-07-07 12:13:50+02:00,41.3865748,2.1801414,67,14,1016,23.5,42.2,-,1,-,-,-,-,-,-,-,-,-,-,-,-,-,-,-,-,29.9
2023-07-07 12:13:55+02:00,41.386568,2.1801341,68,15,1016,23.6,42.4,-,0,-,-,-,-,-,-,-,-,-,-,-,-,-,-,-,-,29.9
2023-07-07 12:14:00+02:00,41.3864944,2.1801537,68,15,1016,23.6,42.4,-,3,-,-,-,-,-,-,-,-,-,-,-,-,-,-,-,-,29.9
2023-07-07 12:14:05+02:00,41.3864759,2.1801865,67,15,1016,23.5,42.2,-,2,-,-,-,-,-,-,-,-,-,-,-,-,-,-,-,-,29.9
2023-07-07 12:14:10+02:00,41.3864874,2.1802191,67,15,1016,23.5,42.2,-,1,-,-,-,-,-,-,-,-,-,-,-,-,-,-,-,-,29.9
2023-07-07 12:14:15+02:00,41.3864754,2.1802621,67,14,1016,23.4,42.1,-,2,-,-,-,-,-,-,-,-,-,-,-,-,-,-,-,-,29.9
2023-07-07 12:14:20+02:00,41.3864529,2.1803305,67,14,1016,23.4,42.1,-,3,-,-,-,-,-,-,-,-,-,-,-,-,-,-,-,-,29.9
2023-07-07 12:14:25+02:00,41.3864479,2.1803592,68,14,1016,23.3,41.8,-,2,-,-,-,-,-,-,-,-,-,-,-,-,-,-,-,-,29.7
2023-07-07 12:14:30+02:00,41.386446,2.1803808,67,14,1016,23.0,41.2,-,1,-,-,-,-,-,-,-,-,-,-,-,-,-,-,-,-,29.4
2023-07-07 12:14:35+02:00,41.3864323,2.1804052,67,14,1016,22.7,40.5,-,1,-,-,-,-,-,-,-,-,-,-,-,-,-,-,-,-,29.2
2023-07-07 12:14:40+02:00,41.3864259,2.1804202,67,14,1016,22.5,40.1,-,1,-,-,-,-,-,-,-,-,-,-,-,-,-,-,-,-,29.0
2023-07-07 12:14:45+02:00,41.3864185,2.1804278,66,14,1016,22.3,39.8,-,0,-,-,-,-,-,-,-,-,-,-,-,-,-,-,-,-,29.0
2023-07-07 12:14:50+02:00,41.3863866,2.1804936,66,14,1016,22.4,40.3,-,3,-,-,-,-,-,-,-,-,-,-,-,-,-,-,-,-,29.2
2023-07-07 12:14:55+02:00,41.3863681,2.1805411,65,14,1016,22.5,40.4,-,3,-,-,-,-,-,-,-,-,-,-,-,-,-,-,-,-,29.3
2023-07-07 12:14:59+02:00,41.3863532,2.1805418,65,14,1016,22.7,40.9,-,4,-,-,-,-,-,-,-,-,-,-,-,-,-,-,-,-,29.5
2023-07-07 12:15:03+02:00,41.386327,2.1805451,65,14,1016,22.8,41.1,-,7,-,-,-,-,-,-,-,-,-,-,-,-,-,-,-,-,29.6
2023-07-07 12:15:09+02:00,41.3862698,2.1805466,66,14,1016,22.9,41.3,-,10,-,-,-,-,-,-,-,-,-,-,-,-,-,-,-,-,29.7
2023-07-07 12:15:15+02:00,41.3862311,2.1805208,66,14,1016,22.7,40.7,-,8,-,-,-,-,-,-,-,-,-,-,-,-,-,-,-,-,29.4
2023-07-07 12:15:19+02:00,41.3863136,2.1805732,66,14,1016,23.0,41.3,-,2,-,-,-,-,-,-,-,-,-,-,-,-,-,-,-,-,29.6
2023-07-07 12:15:25+02:00,41.3863413,2.1806065,66,14,1016,23.0,41.5,-,2,-,-,-,-,-,-,-,-,-,-,-,-,-,-,-,-,29.7
2023-07-07 12:15:28+02:00,41.3863456,2.1806229,66,14,1016,23.1,41.6,-,2,-,-,-,-,-,-,-,-,-,-,-,-,-,-,-,-,29.8
2023-07-07 12:15:31+02:00,41.3863506,2.1806241,66,14,1016,23.1,41.6,-,2,-,-,-,-,-,-,-,-,-,-,-,-,-,-,-,-,29.8
2023-07-07 12:15:35+02:00,41.3863473,2.1806518,66,13,1016,23.1,41.6,-,2,-,-,-,-,-,-,-,-,-,-,-,-,-,-,-,-,29.7
2023-07-07 12:15:41+02:00,41.3863428,2.1806752,66,13,1016,23.2,41.7,-,2,-,-,-,-,-,-,-,-,-,-,-,-,-,-,-,-,29.8
2023-07-07 12:15:46+02:00,41.3861788,2.1806251,67,14,1016,23.3,41.8,-,2,-,-,-,-,-,-,-,-,-,-,-,-,-,-,-,-,29.8
2023-07-07 12:15:51+02:00,41.3860597,2.180589,67,13,1016,23.2,41.8,-,2,-,-,-,-,-,-,-,-,-,-,-,-,-,-,-,-,29.8
2023-07-07 12:15:54+02:00,41.3860256,2.1805722,67,13,1016,23.2,41.7,-,2,-,-,-,-,-,-,-,-,-,-,-,-,-,-,-,-,29.8
2023-07-07 12:16:00+02:00,41.3860037,2.1805614,67,14,1016,23.2,41.6,-,1,-,-,-,-,-,-,-,-,-,-,-,-,-,-,-,-,29.7
2023-07-07 12:16:03+02:00,41.3860281,2.1805553,67,13,1016,23.2,41.6,-,0,-,-,-,-,-,-,-,-,-,-,-,-,-,-,-,-,29.7
2023-07-07 12:16:09+02:00,41.3861101,2.1808599,67,13,1016,23.2,41.7,-,1,-,-,-,-,-,-,-,-,-,-,-,-,-,-,-,-,29.7
2023-07-07 12:16:12+02:00,41.3861441,2.1809886,67,13,1016,23.2,41.7,-,1,-,-,-,-,-,-,-,-,-,-,-,-,-,-,-,-,29.7
2023-07-07 12:16:15+02:00,41.386155,2.1810289,67,13,1016,23.2,41.6,-,1,-,-,-,-,-,-,-,-,-,-,-,-,-,-,-,-,29.7
2023-07-07 12:16:18+02:00,41.3861628,2.1810705,67,14,1016,23.2,41.7,-,2,-,-,-,-,-,-,-,-,-,-,-,-,-,-,-,-,29.7
2023-07-07 12:16:21+02:00,41.3861719,2.1811008,67,13,1016,23.2,41.6,-,2,-,-,-,-,-,-,-,-,-,-,-,-,-,-,-,-,29.7
2023-07-07 12:16:27+02:00,41.3861863,2.1811368,67,13,1016,23.2,41.6,-,2,-,-,-,-,-,-,-,-,-,-,-,-,-,-,-,-,29.7
2023-07-07 12:16:30+02:00,41.3861912,2.1811483,67,13,1016,23.1,41.4,-,2,-,-,-,-,-,-,-,-,-,-,-,-,-,-,-,-,29.6
2023-07-07 12:16:33+02:00,41.3862187,2.1811906,67,13,1016,23.0,41.3,-,2,-,-,-,-,-,-,-,-,-,-,-,-,-,-,-,-,29.6
2023-07-07 12:16:39+02:00,41.3862473,2.1812507,67,13,1016,23.1,41.3,-,2,-,-,-,-,-,-,-,-,-,-,-,-,-,-,-,-,29.6
2023-07-07 12:16:42+02:00,41.3862591,2.1812745,67,13,1016,23.1,41.5,-,2,-,-,-,-,-,-,-,-,-,-,-,-,-,-,-,-,29.6
2023-07-07 12:16:45+02:00,41.3862599,2.1812898,67,13,1016,23.1,41.5,-,2,-,-,-,-,-,-,-,-,-,-,-,-,-,-,-,-,29.6
2023-07-07 12:16:48+02:00,41.3862763,2.1813244,67,13,1016,23.2,41.5,-,3,-,-,-,-,-,-,-,-,-,-,-,-,-,-,-,-,29.6
2023-07-07 12:16:54+02:00,41.386296,2.1813702,67,13,1016,23.1,41.4,-,3,-,-,-,-,-,-,-,-,-,-,-,-,-,-,-,-,29.6
2023-07-07 12:16:57+02:00,41.3863141,2.1813807,67,13,1016,23.1,41.4,-,4,-,-,-,-,-,-,-,-,-,-,-,-,-,-,-,-,29.6
2023-07-07 12:17:00+02:00,41.3863344,2.1813991,68,14,1016,22.7,40.4,-,7,-,-,-,-,-,-,-,-,-,-,-,-,-,-,-,-,29.1
2023-07-07 12:17:03+02:00,41.3863598,2.181425,67,13,1016,22.4,39.9,-,4,-,-,-,-,-,-,-,-,-,-,-,-,-,-,-,-,28.8
2023-07-07 12:17:09+02:00,41.3863623,2.1814741,67,13,1016,22.6,40.5,-,1,-,-,-,-,-,-,-,-,-,-,-,-,-,-,-,-,29.2
2023-07-07 12:17:12+02:00,41.3863528,2.1815529,67,13,1016,22.6,40.4,-,1,-,-,-,-,-,-,-,-,-,-,-,-,-,-,-,-,29.2
2023-07-07 12:17:15+02:00,41.3863483,2.1815844,67,13,1016,22.4,39.9,-,2,-,-,-,-,-,-,-,-,-,-,-,-,-,-,-,-,28.9
2023-07-07 12:17:18+02:00,41.3863534,2.1816191,67,13,1016,22.5,40.1,-,2,-,-,-,-,-,-,-,-,-,-,-,-,-,-,-,-,29.0
2023-07-07 12:17:24+02:00,41.3863577,2.1816815,67,13,1016,22.1,39.3,-,2,-,-,-,-,-,-,-,-,-,-,-,-,-,-,-,-,28.7
2023-07-07 12:17:27+02:00,41.3863663,2.1817125,67,13,1016,22.4,40.0,-,2,-,-,-,-,-,-,-,-,-,-,-,-,-,-,-,-,29.0
2023-07-07 12:17:30+02:00,41.3863725,2.1817386,67,14,1016,22.5,40.1,-,3,-,-,-,-,-,-,-,-,-,-,-,-,-,-,-,-,29.0
2023-07-07 12:17:36+02:00,41.3863795,2.1817619,66,13,1016,22.0,39.1,-,2,-,-,-,-,-,-,-,-,-,-,-,-,-,-,-,-,28.6
2023-07-07 12:17:39+02:00,41.3863849,2.1817652,66,13,1016,21.9,39.0,-,3,-,-,-,-,-,-,-,-,-,-,-,-,-,-,-,-,28.6
2023-07-07 12:17:45+02:00,41.386391,2.1817843,66,13,1016,21.8,38.8,-,2,-,-,-,-,-,-,-,-,-,-,-,-,-,-,-,-,28.5
2023-07-07 12:17:51+02:00,41.3863976,2.1817654,66,13,1016,21.9,39.0,-,4,-,-,-,-,-,-,-,-,-,-,-,-,-,-,-,-,28.6
2023-07-07 12:17:54+02:00,41.3863748,2.1819162,66,13,1016,22.2,39.7,-,4,-,-,-,-,-,-,-,-,-,-,-,-,-,-,-,-,28.9
2023-07-07 12:17:57+02:00,41.3863529,2.1819762,66,13,1016,22.2,39.8,-,2,-,-,-,-,-,-,-,-,-,-,-,-,-,-,-,-,29.0
2023-07-07 12:18:00+02:00,41.3863413,2.1819963,65,13,1016,22.4,40.1,-,2,-,-,-,-,-,-,-,-,-,-,-,-,-,-,-,-,29.2
2023-07-07 12:18:03+02:00,41.3863097,2.1820188,65,13,1016,22.4,40.4,-,3,-,-,-,-,-,-,-,-,-,-,-,-,-,-,-,-,29.4
2023-07-07 12:18:06+02:00,41.3862949,2.1820307,65,13,1016,22.3,40.1,-,3,-,-,-,-,-,-,-,-,-,-,-,-,-,-,-,-,29.2
2023-07-07 12:18:09+02:00,41.3862558,2.1820914,64,14,1016,22.2,39.9,-,5,-,-,-,-,-,-,-,-,-,-,-,-,-,-,-,-,29.2
2023-07-07 12:18:12+02:00,41.3862002,2.1821363,64,13,1016,22.1,39.7,-,5,-,-,-,-,-,-,-,-,-,-,-,-,-,-,-,-,29.2
2023-07-07 12:18:15+02:00,41.386181,2.182167,64,14,1016,22.0,39.6,-,5,-,-,-,-,-,-,-,-,-,-,-,-,-,-,-,-,29.1
2023-07-07 12:18:21+02:00,41.3861377,2.182174,64,14,1016,21.9,39.4,-,4,-,-,-,-,-,-,-,-,-,-,-,-,-,-,-,-,29.0
2023-07-07 12:18:27+02:00,41.3860862,2.1821893,63,13,1016,21.7,39.1,-,4,-,-,-,-,-,-,-,-,-,-,-,-,-,-,-,-,28.9
2023-07-07 12:18:33+02:00,41.3860415,2.1822122,63,13,1016,21.6,39.0,-,3,-,-,-,-,-,-,-,-,-,-,-,-,-,-,-,-,28.9
2023-07-07 12:18:39+02:00,41.3860201,2.1822448,63,13,1016,21.5,38.7,-,2,-,-,-,-,-,-,-,-,-,-,-,-,-,-,-,-,28.8
2023-07-07 12:18:42+02:00,41.3859767,2.1823027,63,13,1016,21.4,38.5,-,3,-,-,-,-,-,-,-,-,-,-,-,-,-,-,-,-,28.7
2023-07-07 12:18:45+02:00,41.3859487,2.1823373,63,13,1016,21.3,38.3,-,3,-,-,-,-,-,-,-,-,-,-,-,-,-,-,-,-,28.6
2023-07-07 12:18:51+02:00,41.3858986,2.1823869,63,13,1016,21.8,39.4,-,3,-,-,-,-,-,-,-,-,-,-,-,-,-,-,-,-,29.1
2023-07-07 12:18:54+02:00,41.3858346,2.1824274,63,13,1016,22.0,39.7,-,3,-,-,-,-,-,-,-,-,-,-,-,-,-,-,-,-,29.3
2023-07-07 12:18:57+02:00,41.385815,2.182446,64,13,1016,22.1,39.9,-,2,-,-,-,-,-,-,-,-,-,-,-,-,-,-,-,-,29.3
2023-07-07 12:19:00+02:00,41.3858088,2.1824612,64,14,1016,22.2,40.1,-,2,-,-,-,-,-,-,-,-,-,-,-,-,-,-,-,-,29.3
2023-07-07 12:19:06+02:00,41.3858073,2.1824773,65,14,1016,22.4,40.3,-,2,-,-,-,-,-,-,-,-,-,-,-,-,-,-,-,-,29.3
2023-07-07 12:19:09+02:00,41.3858047,2.182484,65,14,1016,22.5,40.4,-,2,-,-,-,-,-,-,-,-,-,-,-,-,-,-,-,-,29.3
2023-07-07 12:19:12+02:00,41.3858407,2.1825281,66,14,1016,22.6,40.6,-,2,-,-,-,-,-,-,-,-,-,-,-,-,-,-,-,-,29.4
2023-07-07 12:19:15+02:00,41.3858519,2.1825518,66,13,1016,22.6,40.5,-,2,-,-,-,-,-,-,-,-,-,-,-,-,-,-,-,-,29.3
2023-07-07 12:19:18+02:00,41.3858911,2.1826418,67,15,1016,22.6,40.4,-,3,-,-,-,-,-,-,-,-,-,-,-,-,-,-,-,-,29.2
2023-07-07 12:19:21+02:00,41.3859051,2.1826772,67,14,1016,22.6,40.4,-,2,-,-,-,-,-,-,-,-,-,-,-,-,-,-,-,-,29.1
2023-07-07 12:19:24+02:00,41.3859302,2.182702,67,15,1016,22.5,40.3,-,2,-,-,-,-,-,-,-,-,-,-,-,-,-,-,-,-,29.1
2023-07-07 12:19:30+02:00,41.3859407,2.1827728,67,15,1016,22.5,40.1,-,2,-,-,-,-,-,-,-,-,-,-,-,-,-,-,-,-,29.0
2023-07-07 12:19:33+02:00,41.3859347,2.1828018,67,15,1016,22.6,40.5,-,2,-,-,-,-,-,-,-,-,-,-,-,-,-,-,-,-,29.2
2023-07-07 12:19:39+02:00,41.3859022,2.1828611,66,14,1016,22.5,40.3,-,2,-,-,-,-,-,-,-,-,-,-,-,-,-,-,-,-,29.2
2023-07-07 12:19:42+02:00,41.3858878,2.1828803,66,15,1016,22.3,40.0,-,2,-,-,-,-,-,-,-,-,-,-,-,-,-,-,-,-,29.1
2023-07-07 12:19:45+02:00,41.3858675,2.1829157,66,15,1016,22.3,39.9,-,3,-,-,-,-,-,-,-,-,-,-,-,-,-,-,-,-,29.0
2023-07-07 12:19:51+02:00,41.3858474,2.1829419,66,15,1016,22.2,39.8,-,2,-,-,-,-,-,-,-,-,-,-,-,-,-,-,-,-,29.0
2023-07-07 12:19:54+02:00,41.3858432,2.1829432,65,15,1016,22.2,39.7,-,2,-,-,-,-,-,-,-,-,-,-,-,-,-,-,-,-,29.0
2023-07-07 12:20:00+02:00,41.3858175,2.1829913,66,15,1016,22.3,40.0,-,2,-,-,-,-,-,-,-,-,-,-,-,-,-,-,-,-,29.1
2023-07-07 12:20:06+02:00,41.3857666,2.1830505,65,15,1016,22.3,40.1,-,3,-,-,-,-,-,-,-,-,-,-,-,-,-,-,-,-,29.2
2023-07-07 12:20:12+02:00,41.3857266,2.183101,65,15,1016,22.2,39.9,-,3,-,-,-,-,-,-,-,-,-,-,-,-,-,-,-,-,29.1
2023-07-07 12:20:18+02:00,41.3856798,2.1831557,65,15,1016,22.1,39.6,-,2,-,-,-,-,-,-,-,-,-,-,-,-,-,-,-,-,29.0
2023-07-07 12:20:24+02:00,41.3856426,2.1832075,65,15,1016,22.0,39.5,-,2,-,-,-,-,-,-,-,-,-,-,-,-,-,-,-,-,28.9
2023-07-07 12:20:30+02:00,41.3856019,2.1832489,65,15,1016,22.2,39.7,-,3,-,-,-,-,-,-,-,-,-,-,-,-,-,-,-,-,29.0
2023-07-07 12:20:33+02:00,41.3855738,2.1832753,65,15,1016,22.2,39.7,-,4,-,-,-,-,-,-,-,-,-,-,-,-,-,-,-,-,29.0
2023-07-07 12:20:39+02:00,41.3855564,2.1833448,65,15,1016,22.0,39.3,-,4,-,-,-,-,-,-,-,-,-,-,-,-,-,-,-,-,28.8
2023-07-07 12:20:45+02:00,41.3855197,2.1834015,66,15,1016,21.9,39.0,-,3,-,-,-,-,-,-,-,-,-,-,-,-,-,-,-,-,28.6
2023-07-07 12:20:51+02:00,41.3855234,2.1834003,66,15,1016,21.8,38.7,-,0,-,-,-,-,-,-,-,-,-,-,-,-,-,-,-,-,28.4
2023-07-07 12:20:57+02:00,41.3855261,2.1833911,67,15,1016,21.9,38.8,-,0,-,-,-,-,-,-,-,-,-,-,-,-,-,-,-,-,28.4
2023-07-07 12:21:03+02:00,41.3855002,2.1833861,67,15,1016,22.0,39.0,-,1,-,-,-,-,-,-,-,-,-,-,-,-,-,-,-,-,28.5
2023-07-07 12:21:09+02:00,41.3854991,2.183383,66,15,1016,21.6,38.5,-,0,-,-,-,-,-,-,-,-,-,-,-,-,-,-,-,-,28.4
2023-07-07 12:21:12+02:00,41.3855054,2.183379,65,15,1016,21.5,38.4,-,0,-,-,-,-,-,-,-,-,-,-,-,-,-,-,-,-,28.4
2023-07-07 12:21:15+02:00,41.3855096,2.1833774,65,15,1016,21.5,38.4,-,0,-,-,-,-,-,-,-,-,-,-,-,-,-,-,-,-,28.4
2023-07-07 12:21:21+02:00,41.3855015,2.1833906,65,15,1016,21.7,38.7,-,0,-,-,-,-,-,-,-,-,-,-,-,-,-,-,-,-,28.6
2023-07-07 12:21:27+02:00,41.3855118,2.1833922,65,15,1016,21.5,38.5,-,0,-,-,-,-,-,-,-,-,-,-,-,-,-,-,-,-,28.5
2023-07-07 12:21:33+02:00,41.3855507,2.1833876,66,16,1016,21.6,38.5,-,2,-,-,-,-,-,-,-,-,-,-,-,-,-,-,-,-,28.4
2023-07-07 12:21:36+02:00,41.3855666,2.1833662,66,16,1016,21.8,38.9,-,2,-,-,-,-,-,-,-,-,-,-,-,-,-,-,-,-,28.6
2023-07-07 12:21:42+02:00,41.3855737,2.1833515,64,16,1016,21.8,39.1,-,1,-,-,-,-,-,-,-,-,-,-,-,-,-,-,-,-,28.8
2023-07-07 12:21:48+02:00,41.3855735,2.1833627,64,15,1016,21.6,38.7,-,0,-,-,-,-,-,-,-,-,-,-,-,-,-,-,-,-,28.7
2023-07-07 12:21:54+02:00,41.3855776,2.183369,72,15,1016,23.4,41.3,-,0,-,-,-,-,-,-,-,-,-,-,-,-,-,-,-,-,29.0
2023-07-07 12:21:57+02:00,41.3855792,2.1833701,70,15,1016,23.2,40.9,-,0,-,-,-,-,-,-,-,-,-,-,-,-,-,-,-,-,29.0
2023-07-07 12:22:03+02:00,41.385581,2.1833704,64,15,1016,21.6,38.8,-,0,-,-,-,-,-,-,-,-,-,-,-,-,-,-,-,-,28.7
2023-07-07 12:22:09+02:00,41.3855811,2.18337,63,15,1016,21.1,38.0,-,0,-,-,-,-,-,-,-,-,-,-,-,-,-,-,-,-,28.5
2023-07-07 12:22:12+02:00,41.3855809,2.1833698,63,15,1016,21.4,38.4,-,0,-,-,-,-,-,-,-,-,-,-,-,-,-,-,-,-,28.7
2023-07-07 12:22:15+02:00,41.3855807,2.1833697,63,15,1016,21.4,38.5,-,0,-,-,-,-,-,-,-,-,-,-,-,-,-,-,-,-,28.7
2023-07-07 12:22:18+02:00,41.3855807,2.1833696,63,16,1016,21.4,38.5,-,0,-,-,-,-,-,-,-,-,-,-,-,-,-,-,-,-,28.7
2023-07-07 12:22:21+02:00,41.3855805,2.1833695,63,15,1016,21.4,38.5,-,0,-,-,-,-,-,-,-,-,-,-,-,-,-,-,-,-,28.7
2023-07-07 12:22:27+02:00,41.3855802,2.1833695,64,15,1016,21.5,38.5,-,0,-,-,-,-,-,-,-,-,-,-,-,-,-,-,-,-,28.6
2023-07-07 12:22:33+02:00,41.3855801,2.1833695,63,15,1016,21.4,38.5,-,0,-,-,-,-,-,-,-,-,-,-,-,-,-,-,-,-,28.7
2023-07-07 12:22:36+02:00,41.3855802,2.1833696,63,15,1016,21.6,38.8,-,0,-,-,-,-,-,-,-,-,-,-,-,-,-,-,-,-,28.8
2023-07-07 12:22:39+02:00,41.3855801,2.1833697,62,15,1016,21.5,38.9,-,0,-,-,-,-,-,-,-,-,-,-,-,-,-,-,-,-,29.0
2023-07-07 12:22:42+02:00,41.3855801,2.1833697,61,15,1016,21.3,38.5,-,0,-,-,-,-,-,-,-,-,-,-,-,-,-,-,-,-,28.9
2023-07-07 12:22:48+02:00,41.385566,2.1833762,61,15,1016,21.4,38.7,-,1,-,-,-,-,-,-,-,-,-,-,-,-,-,-,-,-,29.0
2023-07-07 12:22:51+02:00,41.3855657,2.1833719,61,15,1016,21.3,38.7,-,0,-,-,-,-,-,-,-,-,-,-,-,-,-,-,-,-,29.0
2023-07-07 12:22:54+02:00,41.3855661,2.1833779,62,15,1016,21.4,38.6,-,0,-,-,-,-,-,-,-,-,-,-,-,-,-,-,-,-,28.9
2023-07-07 12:22:57+02:00,41.3855715,2.1833811,62,16,1016,21.4,38.7,-,0,-,-,-,-,-,-,-,-,-,-,-,-,-,-,-,-,28.9
2023-07-07 12:23:00+02:00,41.3855745,2.183388,62,15,1016,21.5,38.8,-,0,-,-,-,-,-,-,-,-,-,-,-,-,-,-,-,-,28.9
2023-07-07 12:23:06+02:00,41.3855676,2.183401,63,15,1016,21.5,38.7,-,0,-,-,-,-,-,-,-,-,-,-,-,-,-,-,-,-,28.8
2023-07-07 12:23:09+02:00,41.3855685,2.1833989,63,15,1016,21.6,38.8,-,0,-,-,-,-,-,-,-,-,-,-,-,-,-,-,-,-,28.8
2023-07-07 12:23:12+02:00,41.3855707,2.1833953,63,15,1016,21.4,38.6,-,0,-,-,-,-,-,-,-,-,-,-,-,-,-,-,-,-,28.7
2023-07-07 12:23:15+02:00,41.3855717,2.1833961,63,15,1016,21.4,38.5,-,0,-,-,-,-,-,-,-,-,-,-,-,-,-,-,-,-,28.7
2023-07-07 12:23:21+02:00,41.3855606,2.1834068,62,15,1016,21.1,38.0,-,1,-,-,-,-,-,-,-,-,-,-,-,-,-,-,-,-,28.6
2023-07-07 12:23:27+02:00,41.3855539,2.1834047,62,14,1016,21.1,38.1,-,0,-,-,-,-,-,-,-,-,-,-,-,-,-,-,-,-,28.7
2023-07-07 12:23:33+02:00,41.3855178,2.1834301,61,15,1016,21.0,38.0,-,3,-,-,-,-,-,-,-,-,-,-,-,-,-,-,-,-,28.7
2023-07-07 12:23:36+02:00,41.3855003,2.1834489,61,15,1016,21.0,38.0,-,2,-,-,-,-,-,-,-,-,-,-,-,-,-,-,-,-,28.7
2023-07-07 12:23:39+02:00,41.3854897,2.1834736,61,15,1016,21.0,38.0,-,2,-,-,-,-,-,-,-,-,-,-,-,-,-,-,-,-,28.7
2023-07-07 12:23:45+02:00,41.385481,2.1835401,61,15,1016,21.3,38.5,-,3,-,-,-,-,-,-,-,-,-,-,-,-,-,-,-,-,28.9
2023-07-07 12:23:48+02:00,41.385468,2.1835732,62,15,1016,21.4,38.8,-,3,-,-,-,-,-,-,-,-,-,-,-,-,-,-,-,-,29.0
2023-07-07 12:23:54+02:00,41.3854193,2.1836372,62,15,1016,21.4,38.7,-,3,-,-,-,-,-,-,-,-,-,-,-,-,-,-,-,-,28.9
2023-07-07 12:24:00+02:00,41.3853596,2.1836841,61,16,1016,21.2,38.3,-,3,-,-,-,-,-,-,-,-,-,-,-,-,-,-,-,-,28.8
2023-07-07 12:24:06+02:00,41.3853158,2.1837124,61,15,1016,21.0,38.0,-,3,-,-,-,-,-,-,-,-,-,-,-,-,-,-,-,-,28.6
2023-07-07 12:24:12+02:00,41.3852994,2.1837338,61,16,1016,20.9,37.8,-,2,-,-,-,-,-,-,-,-,-,-,-,-,-,-,-,-,28.6
2023-07-07 12:24:18+02:00,41.385275,2.1837872,61,16,1016,21.0,37.9,-,2,-,-,-,-,-,-,-,-,-,-,-,-,-,-,-,-,28.6
2023-07-07 12:24:21+02:00,41.3852642,2.1838191,62,16,1016,21.0,38.0,-,2,-,-,-,-,-,-,-,-,-,-,-,-,-,-,-,-,28.6
2023-07-07 12:24:24+02:00,41.3852565,2.1838519,61,16,1016,21.1,38.2,-,2,-,-,-,-,-,-,-,-,-,-,-,-,-,-,-,-,28.7
2023-07-07 12:24:27+02:00,41.3852446,2.1838904,61,16,1016,21.1,38.2,-,2,-,-,-,-,-,-,-,-,-,-,-,-,-,-,-,-,28.7
2023-07-07 12:24:33+02:00,41.3852296,2.1839666,64,16,1016,21.8,39.2,-,2,-,-,-,-,-,-,-,-,-,-,-,-,-,-,-,-,29.0
2023-07-07 12:24:39+02:00,41.3852119,2.1840441,64,16,1016,21.9,39.5,-,3,-,-,-,-,-,-,-,-,-,-,-,-,-,-,-,-,29.0
2023-07-07 12:24:45+02:00,41.3852054,2.1841255,62,16,1016,21.7,39.3,-,3,-,-,-,-,-,-,-,-,-,-,-,-,-,-,-,-,29.2
2023-07-07 12:24:48+02:00,41.3852116,2.1841635,61,16,1016,21.7,39.4,-,3,-,-,-,-,-,-,-,-,-,-,-,-,-,-,-,-,29.3
2023-07-07 12:24:54+02:00,41.3852262,2.1842393,61,16,1016,22.1,40.2,-,3,-,-,-,-,-,-,-,-,-,-,-,-,-,-,-,-,29.7
2023-07-07 12:25:00+02:00,41.3852321,2.184328,61,16,1016,22.3,40.7,-,3,-,-,-,-,-,-,-,-,-,-,-,-,-,-,-,-,29.9
2023-07-07 12:25:06+02:00,41.3852345,2.1844108,62,16,1016,22.5,41.0,-,3,-,-,-,-,-,-,-,-,-,-,-,-,-,-,-,-,30.1
2023-07-07 12:25:09+02:00,41.3852473,2.1844409,62,16,1016,22.6,41.2,-,3,-,-,-,-,-,-,-,-,-,-,-,-,-,-,-,-,30.1
2023-07-07 12:25:15+02:00,41.3852644,2.1845005,62,16,1016,22.7,41.4,-,3,-,-,-,-,-,-,-,-,-,-,-,-,-,-,-,-,30.2
2023-07-07 12:25:21+02:00,41.3852868,2.1845414,62,16,1016,22.6,41.3,-,3,-,-,-,-,-,-,-,-,-,-,-,-,-,-,-,-,30.2
2023-07-07 12:25:24+02:00,41.3853016,2.1845622,62,16,1016,22.7,41.5,-,2,-,-,-,-,-,-,-,-,-,-,-,-,-,-,-,-,30.2
2023-07-07 12:25:30+02:00,41.3853481,2.1845992,62,16,1016,22.7,41.5,-,2,-,-,-,-,-,-,-,-,-,-,-,-,-,-,-,-,30.2
2023-07-07 12:25:33+02:00,41.3853612,2.1846292,63,16,1016,22.8,41.4,-,3,-,-,-,-,-,-,-,-,-,-,-,-,-,-,-,-,30.1
2023-07-07 12:25:39+02:00,41.385381,2.1846857,63,16,1016,22.7,41.3,-,2,-,-,-,-,-,-,-,-,-,-,-,-,-,-,-,-,30.1
2023-07-07 12:25:45+02:00,41.3854309,2.1847397,63,16,1016,22.8,41.4,-,3,-,-,-,-,-,-,-,-,-,-,-,-,-,-,-,-,30.1
2023-07-07 12:25:48+02:00,41.3854585,2.184764,63,16,1016,22.7,41.3,-,3,-,-,-,-,-,-,-,-,-,-,-,-,-,-,-,-,30.0
2023-07-07 12:25:54+02:00,41.3855141,2.1848109,63,16,1016,22.8,41.3,-,3,-,-,-,-,-,-,-,-,-,-,-,-,-,-,-,-,30.0
2023-07-07 12:25:57+02:00,41.3855341,2.1848165,63,16,1016,22.8,41.4,-,3,-,-,-,-,-,-,-,-,-,-,-,-,-,-,-,-,30.0
2023-07-07 12:26:03+02:00,41.3855578,2.1848271,63,16,1016,22.8,41.4,-,2,-,-,-,-,-,-,-,-,-,-,-,-,-,-,-,-,30.0
2023-07-07 12:26:09+02:00,41.3855654,2.1848323,63,17,1016,22.8,41.4,-,2,-,-,-,-,-,-,-,-,-,-,-,-,-,-,-,-,30.0
2023-07-07 12:26:15+02:00,41.3855699,2.1848362,64,16,1016,22.8,41.3,-,2,-,-,-,-,-,-,-,-,-,-,-,-,-,-,-,-,29.9
2023-07-07 12:26:18+02:00,41.3855715,2.1848368,64,16,1016,22.8,41.4,-,1,-,-,-,-,-,-,-,-,-,-,-,-,-,-,-,-,30.0
2023-07-07 12:26:21+02:00,41.3855712,2.1848357,64,16,1016,22.9,41.5,-,1,-,-,-,-,-,-,-,-,-,-,-,-,-,-,-,-,30.0
2023-07-07 12:26:27+02:00,41.3855758,2.1848433,64,17,1016,22.9,41.5,-,1,-,-,-,-,-,-,-,-,-,-,-,-,-,-,-,-,30.0
2023-07-07 12:26:30+02:00,41.3855729,2.1848367,64,16,1016,22.9,41.4,-,1,-,-,-,-,-,-,-,-,-,-,-,-,-,-,-,-,29.9
2023-07-07 12:26:36+02:00,41.3855695,2.1848252,64,17,1016,22.9,41.4,-,0,-,-,-,-,-,-,-,-,-,-,-,-,-,-,-,-,29.9
2023-07-07 12:26:39+02:00,41.3855691,2.1848222,64,17,1016,22.9,41.4,-,0,-,-,-,-,-,-,-,-,-,-,-,-,-,-,-,-,29.9
2023-07-07 12:26:42+02:00,41.3855874,2.1848374,65,17,1016,22.9,41.5,-,1,-,-,-,-,-,-,-,-,-,-,-,-,-,-,-,-,29.9
2023-07-07 12:26:45+02:00,41.3856211,2.1848818,65,16,1016,22.7,41.0,-,2,-,-,-,-,-,-,-,-,-,-,-,-,-,-,-,-,29.7
2023-07-07 12:26:51+02:00,41.3856958,2.1850363,64,16,1016,22.4,40.4,-,3,-,-,-,-,-,-,-,-,-,-,-,-,-,-,-,-,29.4
2023-07-07 12:26:54+02:00,41.3857202,2.1851101,64,16,1016,22.5,40.5,-,3,-,-,-,-,-,-,-,-,-,-,-,-,-,-,-,-,29.5
2023-07-07 12:26:57+02:00,41.3857264,2.1851361,64,17,1016,22.3,40.1,-,2,-,-,-,-,-,-,-,-,-,-,-,-,-,-,-,-,29.3
2023-07-07 12:27:00+02:00,41.3857287,2.1851568,64,16,1016,22.2,40.0,-,1,-,-,-,-,-,-,-,-,-,-,-,-,-,-,-,-,29.3
2023-07-07 12:27:03+02:00,41.3857109,2.1852422,63,17,1016,22.1,39.9,-,2,-,-,-,-,-,-,-,-,-,-,-,-,-,-,-,-,29.3
2023-07-07 12:27:09+02:00,41.3856956,2.1853076,63,16,1016,21.9,39.6,-,2,-,-,-,-,-,-,-,-,-,-,-,-,-,-,-,-,29.2
2023-07-07 12:27:15+02:00,41.3856757,2.1853995,63,17,1016,22.0,39.8,-,2,-,-,-,-,-,-,-,-,-,-,-,-,-,-,-,-,29.3
2023-07-07 12:27:18+02:00,41.3856535,2.185457,63,17,1016,22.1,40.0,-,2,-,-,-,-,-,-,-,-,-,-,-,-,-,-,-,-,29.4
2023-07-07 12:27:21+02:00,41.3856392,2.1854883,64,17,1016,22.2,40.1,-,2,-,-,-,-,-,-,-,-,-,-,-,-,-,-,-,-,29.4
2023-07-07 12:27:27+02:00,41.3856195,2.1855319,64,17,1016,22.4,40.4,-,2,-,-,-,-,-,-,-,-,-,-,-,-,-,-,-,-,29.5
2023-07-07 12:27:30+02:00,41.3856132,2.1855483,65,17,1016,22.5,40.6,-,2,-,-,-,-,-,-,-,-,-,-,-,-,-,-,-,-,29.5
2023-07-07 12:27:36+02:00,41.3856327,2.1855211,65,17,1016,22.7,40.8,-,2,-,-,-,-,-,-,-,-,-,-,-,-,-,-,-,-,29.5
2023-07-07 12:27:39+02:00,41.3856384,2.185515,65,17,1016,22.6,40.8,-,1,-,-,-,-,-,-,-,-,-,-,-,-,-,-,-,-,29.6
2023-07-07 12:27:42+02:00,41.3856562,2.1855031,65,17,1016,22.7,41.0,-,1,-,-,-,-,-,-,-,-,-,-,-,-,-,-,-,-,29.6
2023-07-07 12:27:45+02:00,41.3856658,2.1854996,65,17,1016,22.7,40.9,-,1,-,-,-,-,-,-,-,-,-,-,-,-,-,-,-,-,29.6
2023-07-07 12:27:48+02:00,41.3856704,2.1854701,64,17,1016,22.6,40.9,-,0,-,-,-,-,-,-,-,-,-,-,-,-,-,-,-,-,29.6
2023-07-07 12:27:54+02:00,41.3856685,2.185462,64,17,1016,22.7,41.0,-,0,-,-,-,-,-,-,-,-,-,-,-,-,-,-,-,-,29.7
2023-07-07 12:28:00+02:00,41.3856755,2.1854422,65,17,1016,22.9,41.3,-,0,-,-,-,-,-,-,-,-,-,-,-,-,-,-,-,-,29.7
2023-07-07 12:28:03+02:00,41.3856431,2.185489,65,17,1016,22.9,41.3,-,2,-,-,-,-,-,-,-,-,-,-,-,-,-,-,-,-,29.8
2023-07-07 12:28:06+02:00,41.3856282,2.1855104,65,17,1016,22.8,41.2,-,2,-,-,-,-,-,-,-,-,-,-,-,-,-,-,-,-,29.8
2023-07-07 12:28:12+02:00,41.3856741,2.1855343,65,17,1016,22.9,41.4,-,1,-,-,-,-,-,-,-,-,-,-,-,-,-,-,-,-,29.8
2023-07-07 12:28:15+02:00,41.3856776,2.1855427,65,17,1016,22.9,41.4,-,1,-,-,-,-,-,-,-,-,-,-,-,-,-,-,-,-,29.8
2023-07-07 12:28:21+02:00,41.3856557,2.1855614,64,17,1016,22.8,41.4,-,1,-,-,-,-,-,-,-,-,-,-,-,-,-,-,-,-,29.9
2023-07-07 12:28:24+02:00,41.3856475,2.1855137,64,17,1016,22.9,41.5,-,1,-,-,-,-,-,-,-,-,-,-,-,-,-,-,-,-,29.9
2023-07-07 12:28:30+02:00,41.3856675,2.1854783,64,17,1016,22.7,41.1,-,1,-,-,-,-,-,-,-,-,-,-,-,-,-,-,-,-,29.9
2023-07-07 12:28:33+02:00,41.3856835,2.1854599,64,17,1016,22.7,41.2,-,1,-,-,-,-,-,-,-,-,-,-,-,-,-,-,-,-,29.9
2023-07-07 12:28:39+02:00,41.3856566,2.1854969,64,17,1016,22.6,41.0,-,1,-,-,-,-,-,-,-,-,-,-,-,-,-,-,-,-,29.8
2023-07-07 12:28:45+02:00,41.3856664,2.1855303,64,17,1016,22.5,40.8,-,2,-,-,-,-,-,-,-,-,-,-,-,-,-,-,-,-,29.7
2023-07-07 12:28:51+02:00,41.3857157,2.1856093,64,17,1016,22.5,40.8,-,4,-,-,-,-,-,-,-,-,-,-,-,-,-,-,-,-,29.7
2023-07-07 12:28:54+02:00,41.3857371,2.1856814,64,17,1016,22.5,40.8,-,4,-,-,-,-,-,-,-,-,-,-,-,-,-,-,-,-,29.7
2023-07-07 12:28:57+02:00,41.3857401,2.1857444,63,17,1016,22.4,40.6,-,4,-,-,-,-,-,-,-,-,-,-,-,-,-,-,-,-,29.7
2023-07-07 12:29:00+02:00,41.3857362,2.1857934,63,17,1016,22.3,40.5,-,3,-,-,-,-,-,-,-,-,-,-,-,-,-,-,-,-,29.7
2023-07-07 12:29:03+02:00,41.3857281,2.1858398,61,17,1016,22.0,40.0,-,3,-,-,-,-,-,-,-,-,-,-,-,-,-,-,-,-,29.6
2023-07-07 12:29:06+02:00,41.3857205,2.18587,61,17,1016,21.9,39.9,-,3,-,-,-,-,-,-,-,-,-,-,-,-,-,-,-,-,29.6
2023-07-07 12:29:12+02:00,41.3857057,2.1859124,60,17,1016,21.7,39.5,-,2,-,-,-,-,-,-,-,-,-,-,-,-,-,-,-,-,29.5
2023-07-07 12:29:15+02:00,41.3856914,2.1859319,60,18,1016,21.6,39.4,-,2,-,-,-,-,-,-,-,-,-,-,-,-,-,-,-,-,29.5
2023-07-07 12:29:18+02:00,41.3856726,2.1859514,59,17,1016,21.4,39.1,-,2,-,-,-,-,-,-,-,-,-,-,-,-,-,-,-,-,29.4
2023-07-07 12:29:21+02:00,41.3856524,2.1859758,59,17,1016,21.4,39.1,-,2,-,-,-,-,-,-,-,-,-,-,-,-,-,-,-,-,29.5
2023-07-07 12:29:27+02:00,41.3856148,2.1860273,59,18,1016,21.2,38.7,-,2,-,-,-,-,-,-,-,-,-,-,-,-,-,-,-,-,29.3
2023-07-07 12:29:33+02:00,41.3855884,2.1860717,59,18,1016,21.2,38.8,-,2,-,-,-,-,-,-,-,-,-,-,-,-,-,-,-,-,29.4
2023-07-07 12:29:36+02:00,41.3855846,2.1860899,58,18,1016,21.1,38.7,-,2,-,-,-,-,-,-,-,-,-,-,-,-,-,-,-,-,29.4
2023-07-07 12:29:39+02:00,41.3855764,2.1861103,58,18,1016,21.1,38.6,-,2,-,-,-,-,-,-,-,-,-,-,-,-,-,-,-,-,29.3
2023-07-07 12:29:45+02:00,41.3855577,2.1861534,58,18,1016,21.0,38.5,-,2,-,-,-,-,-,-,-,-,-,-,-,-,-,-,-,-,29.3
2023-07-07 12:29:48+02:00,41.3855419,2.1861816,58,18,1016,20.8,38.1,-,2,-,-,-,-,-,-,-,-,-,-,-,-,-,-,-,-,29.1
2023-07-07 12:29:51+02:00,41.3855265,2.1862098,58,18,1016,20.6,37.6,-,3,-,-,-,-,-,-,-,-,-,-,-,-,-,-,-,-,28.9
2023-07-07 12:29:57+02:00,41.3854847,2.186273,58,18,1016,20.7,37.9,-,3,-,-,-,-,-,-,-,-,-,-,-,-,-,-,-,-,29.0
2023-07-07 12:30:00+02:00,41.3854608,2.1862981,58,18,1015,20.7,37.9,-,3,-,-,-,-,-,-,-,-,-,-,-,-,-,-,-,-,29.0
2023-07-07 12:30:03+02:00,41.3854416,2.1863238,58,18,1015,20.6,37.7,-,3,-,-,-,-,-,-,-,-,-,-,-,-,-,-,-,-,28.8
2023-07-07 12:30:09+02:00,41.3854257,2.186391,59,18,1015,20.6,37.7,-,3,-,-,-,-,-,-,-,-,-,-,-,-,-,-,-,-,28.8
2023-07-07 12:30:15+02:00,41.3854,2.1864724,59,18,1015,20.7,37.8,-,3,-,-,-,-,-,-,-,-,-,-,-,-,-,-,-,-,28.9
2023-07-07 12:30:21+02:00,41.3853804,2.1865661,60,18,1015,21.0,38.2,-,3,-,-,-,-,-,-,-,-,-,-,-,-,-,-,-,-,28.9
2023-07-07 12:30:27+02:00,41.3853708,2.1866321,59,18,1015,21.0,38.4,-,3,-,-,-,-,-,-,-,-,-,-,-,-,-,-,-,-,29.1
2023-07-07 12:30:30+02:00,41.3853658,2.1866615,59,19,1015,21.1,38.5,-,3,-,-,-,-,-,-,-,-,-,-,-,-,-,-,-,-,29.2
2023-07-07 12:30:33+02:00,41.3853563,2.1866899,59,18,1015,21.0,38.4,-,3,-,-,-,-,-,-,-,-,-,-,-,-,-,-,-,-,29.1
2023-07-07 12:30:39+02:00,41.3853066,2.18673,59,19,1015,21.0,38.4,-,3,-,-,-,-,-,-,-,-,-,-,-,-,-,-,-,-,29.1
2023-07-07 12:30:42+02:00,41.3852778,2.186745,59,19,1015,21.1,38.6,-,2,-,-,-,-,-,-,-,-,-,-,-,-,-,-,-,-,29.2
2023-07-07 12:30:48+02:00,41.3852428,2.1867631,59,18,1015,21.1,38.6,-,2,-,-,-,-,-,-,-,-,-,-,-,-,-,-,-,-,29.2
2023-07-07 12:30:51+02:00,41.3852458,2.1867812,59,19,1015,21.2,38.7,-,1,-,-,-,-,-,-,-,-,-,-,-,-,-,-,-,-,29.2
2023-07-07 12:30:57+02:00,41.3852412,2.1868172,59,19,1015,21.3,39.0,-,1,-,-,-,-,-,-,-,-,-,-,-,-,-,-,-,-,29.4
2023-07-07 12:31:00+02:00,41.3852428,2.186836,59,19,1015,21.3,39.0,-,1,-,-,-,-,-,-,-,-,-,-,-,-,-,-,-,-,29.4
2023-07-07 12:31:06+02:00,41.385262,2.1868456,59,18,1015,21.9,40.1,-,0,-,-,-,-,-,-,-,-,-,-,-,-,-,-,-,-,30.0
2023-07-07 12:31:09+02:00,41.3852742,2.1868623,59,18,1015,22.0,40.4,-,0,-,-,-,-,-,-,-,-,-,-,-,-,-,-,-,-,30.1
2023-07-07 12:31:15+02:00,41.3852927,2.1868845,59,18,1015,22.2,40.8,-,0,-,-,-,-,-,-,-,-,-,-,-,-,-,-,-,-,30.3
2023-07-07 12:31:21+02:00,41.38531,2.1868964,59,18,1015,22.3,41.1,-,0,-,-,-,-,-,-,-,-,-,-,-,-,-,-,-,-,30.4
2023-07-07 12:31:27+02:00,41.3853221,2.186902,59,18,1016,22.4,41.1,-,0,-,-,-,-,-,-,-,-,-,-,-,-,-,-,-,-,30.4
2023-07-07 12:31:30+02:00,41.3853249,2.1869032,60,18,1015,22.4,41.3,-,0,-,-,-,-,-,-,-,-,-,-,-,-,-,-,-,-,30.4
2023-07-07 12:31:36+02:00,41.3853263,2.1869009,60,18,1015,22.5,41.4,-,0,-,-,-,-,-,-,-,-,-,-,-,-,-,-,-,-,30.5
2023-07-07 12:31:39+02:00,41.3853242,2.1868979,60,18,1015,22.6,41.5,-,0,-,-,-,-,-,-,-,-,-,-,-,-,-,-,-,-,30.5
2023-07-07 12:31:45+02:00,41.3853216,2.1868952,60,18,1015,22.6,41.5,-,0,-,-,-,-,-,-,-,-,-,-,-,-,-,-,-,-,30.5
2023-07-07 12:31:51+02:00,41.3853222,2.1868943,60,18,1015,22.7,41.7,-,0,-,-,-,-,-,-,-,-,-,-,-,-,-,-,-,-,30.5
2023-07-07 12:31:54+02:00,41.3853226,2.1868943,60,18,1015,22.8,41.8,-,0,-,-,-,-,-,-,-,-,-,-,-,-,-,-,-,-,30.6
2023-07-07 12:32:00+02:00,41.3853232,2.1868945,61,18,1015,22.8,41.9,-,0,-,-,-,-,-,-,-,-,-,-,-,-,-,-,-,-,30.6
2023-07-07 12:32:03+02:00,41.3853236,2.1868946,61,18,1015,22.8,41.9,-,0,-,-,-,-,-,-,-,-,-,-,-,-,-,-,-,-,30.6
2023-07-07 12:32:09+02:00,41.3853243,2.1868945,61,18,1015,22.8,41.9,-,0,-,-,-,-,-,-,-,-,-,-,-,-,-,-,-,-,30.6
2023-07-07 12:32:15+02:00,41.3853243,2.1868944,60,18,1015,22.8,41.9,-,0,-,-,-,-,-,-,-,-,-,-,-,-,-,-,-,-,30.6
2023-07-07 12:32:18+02:00,41.3853245,2.1868943,61,18,1015,22.8,41.9,-,0,-,-,-,-,-,-,-,-,-,-,-,-,-,-,-,-,30.6
2023-07-07 12:32:21+02:00,41.3853247,2.1868942,61,18,1015,22.9,42.1,-,0,-,-,-,-,-,-,-,-,-,-,-,-,-,-,-,-,30.6
2023-07-07 12:32:24+02:00,41.3853252,2.1868939,62,18,1015,23.0,42.2,-,0,-,-,-,-,-,-,-,-,-,-,-,-,-,-,-,-,30.6
2023-07-07 12:32:30+02:00,41.3853266,2.1868933,61,18,1016,23.0,42.1,-,0,-,-,-,-,-,-,-,-,-,-,-,-,-,-,-,-,30.6
2023-07-07 12:32:36+02:00,41.3853579,2.1869092,62,18,1015,23.1,42.2,-,2,-,-,-,-,-,-,-,-,-,-,-,-,-,-,-,-,30.6
2023-07-07 12:32:39+02:00,41.3853701,2.1869201,62,18,1015,23.1,42.3,-,2,-,-,-,-,-,-,-,-,-,-,-,-,-,-,-,-,30.6
2023-07-07 12:32:45+02:00,41.3854324,2.1868965,61,18,1015,23.0,42.1,-,1,-,-,-,-,-,-,-,-,-,-,-,-,-,-,-,-,30.6
2023-07-07 12:32:51+02:00,41.3855036,2.1868685,61,18,1015,22.8,41.9,-,1,-,-,-,-,-,-,-,-,-,-,-,-,-,-,-,-,30.6
2023-07-07 12:32:57+02:00,41.385549,2.1868357,61,18,1015,22.7,41.6,-,2,-,-,-,-,-,-,-,-,-,-,-,-,-,-,-,-,30.4
2023-07-07 12:33:00+02:00,41.3855483,2.1868283,61,18,1015,22.6,41.5,-,1,-,-,-,-,-,-,-,-,-,-,-,-,-,-,-,-,30.4
2023-07-07 12:33:06+02:00,41.3855374,2.1868249,61,18,1015,22.6,41.5,-,0,-,-,-,-,-,-,-,-,-,-,-,-,-,-,-,-,30.4
2023-07-07 12:33:12+02:00,41.3855318,2.1868257,61,18,1015,22.7,41.5,-,0,-,-,-,-,-,-,-,-,-,-,-,-,-,-,-,-,30.3
2023-07-07 12:33:15+02:00,41.3855263,2.1868263,61,18,1015,22.6,41.4,-,0,-,-,-,-,-,-,-,-,-,-,-,-,-,-,-,-,30.3
2023-07-07 12:33:18+02:00,41.385524,2.1868262,61,18,1015,22.5,41.2,-,0,-,-,-,-,-,-,-,-,-,-,-,-,-,-,-,-,30.3
2023-07-07 12:33:24+02:00,41.3855226,2.1868269,60,19,1015,22.3,40.9,-,0,-,-,-,-,-,-,-,-,-,-,-,-,-,-,-,-,30.1
2023-07-07 12:33:27+02:00,41.3855239,2.1868273,61,19,1015,22.3,40.7,-,0,-,-,-,-,-,-,-,-,-,-,-,-,-,-,-,-,30.0
2023-07-07 12:33:30+02:00,41.3855236,2.1868216,61,18,1015,22.2,40.6,-,1,-,-,-,-,-,-,-,-,-,-,-,-,-,-,-,-,30.0
2023-07-07 12:33:36+02:00,41.3854769,2.1868148,61,18,1015,22.1,40.4,-,1,-,-,-,-,-,-,-,-,-,-,-,-,-,-,-,-,29.8
2023-07-07 12:33:42+02:00,41.3854091,2.1867985,61,18,1015,22.1,40.4,-,1,-,-,-,-,-,-,-,-,-,-,-,-,-,-,-,-,29.8
2023-07-07 12:33:48+02:00,41.3853683,2.1868144,61,18,1015,22.2,40.4,-,1,-,-,-,-,-,-,-,-,-,-,-,-,-,-,-,-,29.8
2023-07-07 12:33:51+02:00,41.3853474,2.1868258,62,18,1015,22.2,40.5,-,1,-,-,-,-,-,-,-,-,-,-,-,-,-,-,-,-,29.8
2023-07-07 12:33:54+02:00,41.385335,2.1868321,62,18,1015,22.3,40.6,-,1,-,-,-,-,-,-,-,-,-,-,-,-,-,-,-,-,29.9
2023-07-07 12:34:00+02:00,41.3853325,2.1868299,62,19,1015,22.2,40.4,-,0,-,-,-,-,-,-,-,-,-,-,-,-,-,-,-,-,29.8
2023-07-07 12:34:06+02:00,41.3853364,2.1868265,61,19,1015,21.9,39.9,-,0,-,-,-,-,-,-,-,-,-,-,-,-,-,-,-,-,29.6
2023-07-07 12:34:12+02:00,41.3853367,2.1868243,61,19,1015,21.9,39.8,-,0,-,-,-,-,-,-,-,-,-,-,-,-,-,-,-,-,29.5
2023-07-07 12:34:15+02:00,41.3853363,2.1868234,61,18,1015,21.9,39.8,-,0,-,-,-,-,-,-,-,-,-,-,-,-,-,-,-,-,29.5
2023-07-07 12:34:21+02:00,41.385335,2.1868222,61,18,1015,21.7,39.5,-,0,-,-,-,-,-,-,-,-,-,-,-,-,-,-,-,-,29.4
2023-07-07 12:34:27+02:00,41.385332,2.1867798,61,18,1015,21.7,39.5,-,1,-,-,-,-,-,-,-,-,-,-,-,-,-,-,-,-,29.4
2023-07-07 12:34:33+02:00,41.3853518,2.1867105,61,18,1015,21.6,39.1,-,3,-,-,-,-,-,-,-,-,-,-,-,-,-,-,-,-,29.2
2023-07-07 12:34:39+02:00,41.3853708,2.186639,62,19,1015,21.6,39.1,-,3,-,-,-,-,-,-,-,-,-,-,-,-,-,-,-,-,29.1
2023-07-07 12:34:42+02:00,41.3853784,2.1865891,61,18,1015,21.7,39.5,-,3,-,-,-,-,-,-,-,-,-,-,-,-,-,-,-,-,29.4
2023-07-07 12:34:48+02:00,41.3854035,2.1864964,61,19,1015,21.7,39.3,-,3,-,-,-,-,-,-,-,-,-,-,-,-,-,-,-,-,29.3
2023-07-07 12:34:51+02:00,41.3854239,2.1864575,61,19,1015,21.7,39.3,-,3,-,-,-,-,-,-,-,-,-,-,-,-,-,-,-,-,29.3
2023-07-07 12:34:57+02:00,41.3854769,2.1863881,61,19,1015,21.6,39.2,-,3,-,-,-,-,-,-,-,-,-,-,-,-,-,-,-,-,29.3
2023-07-07 12:35:03+02:00,41.385506,2.1863245,61,19,1015,21.7,39.3,-,3,-,-,-,-,-,-,-,-,-,-,-,-,-,-,-,-,29.3
2023-07-07 12:35:09+02:00,41.3855322,2.1862573,62,19,1015,21.7,39.3,-,3,-,-,-,-,-,-,-,-,-,-,-,-,-,-,-,-,29.3
2023-07-07 12:35:12+02:00,41.3855417,2.1862307,62,18,1015,21.6,39.2,-,3,-,-,-,-,-,-,-,-,-,-,-,-,-,-,-,-,29.2
2023-07-07 12:35:15+02:00,41.3855579,2.1862097,62,18,1015,21.7,39.4,-,3,-,-,-,-,-,-,-,-,-,-,-,-,-,-,-,-,29.3
2023-07-07 12:35:21+02:00,41.3855995,2.1861686,63,18,1015,21.9,39.5,-,3,-,-,-,-,-,-,-,-,-,-,-,-,-,-,-,-,29.2
2023-07-07 12:35:27+02:00,41.3856447,2.1861312,64,19,1015,22.1,39.8,-,3,-,-,-,-,-,-,-,-,-,-,-,-,-,-,-,-,29.3
2023-07-07 12:35:33+02:00,41.3857052,2.1861473,62,17,1016,21.9,39.7,-,3,-,-,-,-,-,-,-,-,-,-,-,-,-,-,-,-,29.4
2023-07-07 12:35:36+02:00,41.3857104,2.1861625,61,18,1016,22.0,40.0,-,1,-,-,-,-,-,-,-,-,-,-,-,-,-,-,-,-,29.6
2023-07-07 12:35:39+02:00,41.3857149,2.1861857,61,18,1016,22.0,40.1,-,1,-,-,-,-,-,-,-,-,-,-,-,-,-,-,-,-,29.7
2023-07-07 12:35:45+02:00,41.3857283,2.1862594,61,17,1016,22.1,40.2,-,1,-,-,-,-,-,-,-,-,-,-,-,-,-,-,-,-,29.8
2023-07-07 12:35:51+02:00,41.3857719,2.1863318,61,18,1015,22.1,40.4,-,2,-,-,-,-,-,-,-,-,-,-,-,-,-,-,-,-,29.9
2023-07-07 12:35:54+02:00,41.3858066,2.1863598,61,18,1016,22.2,40.4,-,2,-,-,-,-,-,-,-,-,-,-,-,-,-,-,-,-,29.9
2023-07-07 12:36:00+02:00,41.385862,2.1864129,62,18,1015,22.3,40.6,-,2,-,-,-,-,-,-,-,-,-,-,-,-,-,-,-,-,29.9
2023-07-07 12:36:06+02:00,41.3859335,2.1864554,62,18,1016,22.0,40.0,-,3,-,-,-,-,-,-,-,-,-,-,-,-,-,-,-,-,29.6
2023-07-07 12:36:12+02:00,41.38597,2.1864914,61,18,1016,21.7,39.5,-,3,-,-,-,-,-,-,-,-,-,-,-,-,-,-,-,-,29.4
2023-07-07 12:36:15+02:00,41.3859836,2.1865197,61,17,1016,21.6,39.3,-,3,-,-,-,-,-,-,-,-,-,-,-,-,-,-,-,-,29.4
2023-07-07 12:36:18+02:00,41.385991,2.1865527,61,17,1016,21.5,39.2,-,2,-,-,-,-,-,-,-,-,-,-,-,-,-,-,-,-,29.3
2023-07-07 12:36:24+02:00,41.3860122,2.1866111,61,17,1016,21.9,39.8,-,3,-,-,-,-,-,-,-,-,-,-,-,-,-,-,-,-,29.6
2023-07-07 12:36:27+02:00,41.3860297,2.1866475,61,17,1016,21.5,39.1,-,3,-,-,-,-,-,-,-,-,-,-,-,-,-,-,-,-,29.2
2023-07-07 12:36:30+02:00,41.3860538,2.1866761,61,18,1016,21.4,38.7,-,3,-,-,-,-,-,-,-,-,-,-,-,-,-,-,-,-,29.1
2023-07-07 12:36:33+02:00,41.3860723,2.1867025,61,18,1016,21.4,38.8,-,3,-,-,-,-,-,-,-,-,-,-,-,-,-,-,-,-,29.1
2023-07-07 12:36:39+02:00,41.3861123,2.1867471,60,17,1016,21.2,38.7,-,3,-,-,-,-,-,-,-,-,-,-,-,-,-,-,-,-,29.1
2023-07-07 12:36:42+02:00,41.3861329,2.1867671,60,17,1016,21.1,38.5,-,3,-,-,-,-,-,-,-,-,-,-,-,-,-,-,-,-,29.1
2023-07-07 12:36:48+02:00,41.3861754,2.1867915,59,18,1016,21.7,39.7,-,3,-,-,-,-,-,-,-,-,-,-,-,-,-,-,-,-,29.7
2023-07-07 12:36:51+02:00,41.3862052,2.1867942,59,18,1015,21.9,40.2,-,3,-,-,-,-,-,-,-,-,-,-,-,-,-,-,-,-,29.9
2023-07-07 12:36:57+02:00,41.3862563,2.1868415,59,18,1015,21.8,40.0,-,3,-,-,-,-,-,-,-,-,-,-,-,-,-,-,-,-,29.8
2023-07-07 12:37:00+02:00,41.3862889,2.1868568,60,18,1015,22.0,40.2,-,3,-,-,-,-,-,-,-,-,-,-,-,-,-,-,-,-,29.9
2023-07-07 12:37:03+02:00,41.3863092,2.1868638,60,18,1015,22.0,40.2,-,3,-,-,-,-,-,-,-,-,-,-,-,-,-,-,-,-,29.9
2023-07-07 12:37:09+02:00,41.3863113,2.1868633,60,18,1016,22.0,40.4,-,2,-,-,-,-,-,-,-,-,-,-,-,-,-,-,-,-,30.0
2023-07-07 12:37:15+02:00,41.3863097,2.1868654,59,18,1015,21.9,40.0,-,2,-,-,-,-,-,-,-,-,-,-,-,-,-,-,-,-,29.9
2023-07-07 12:37:21+02:00,41.3863035,2.186863,60,18,1015,22.0,40.2,-,1,-,-,-,-,-,-,-,-,-,-,-,-,-,-,-,-,29.9
2023-07-07 12:37:27+02:00,41.3862976,2.1868598,59,18,1015,21.9,40.2,-,1,-,-,-,-,-,-,-,-,-,-,-,-,-,-,-,-,30.0
2023-07-07 12:37:30+02:00,41.3862958,2.186859,59,18,1015,21.8,40.0,-,1,-,-,-,-,-,-,-,-,-,-,-,-,-,-,-,-,29.9
2023-07-07 12:37:36+02:00,41.3862957,2.1868562,59,18,1015,22.1,40.5,-,0,-,-,-,-,-,-,-,-,-,-,-,-,-,-,-,-,30.1
2023-07-07 12:37:39+02:00,41.3863081,2.186854,59,18,1015,22.3,41.1,-,1,-,-,-,-,-,-,-,-,-,-,-,-,-,-,-,-,30.4
2023-07-07 12:37:45+02:00,41.3863476,2.1868221,59,18,1015,22.0,40.5,-,2,-,-,-,-,-,-,-,-,-,-,-,-,-,-,-,-,30.1
2023-07-07 12:37:48+02:00,41.3863617,2.1868145,59,18,1015,22.0,40.5,-,2,-,-,-,-,-,-,-,-,-,-,-,-,-,-,-,-,30.1
2023-07-07 12:37:54+02:00,41.3863797,2.1868202,59,18,1015,22.0,40.3,-,1,-,-,-,-,-,-,-,-,-,-,-,-,-,-,-,-,30.1
2023-07-07 12:38:00+02:00,41.3864043,2.1868165,59,18,1015,22.2,40.8,-,1,-,-,-,-,-,-,-,-,-,-,-,-,-,-,-,-,30.3
2023-07-07 12:38:03+02:00,41.3864402,2.1867828,59,18,1015,22.1,40.7,-,3,-,-,-,-,-,-,-,-,-,-,-,-,-,-,-,-,30.2
2023-07-07 12:38:06+02:00,41.3864718,2.1867327,59,18,1016,21.9,40.2,-,4,-,-,-,-,-,-,-,-,-,-,-,-,-,-,-,-,30.0
2023-07-07 12:38:12+02:00,41.3865105,2.1866373,59,18,1015,21.8,40.0,-,4,-,-,-,-,-,-,-,-,-,-,-,-,-,-,-,-,30.0
2023-07-07 12:38:15+02:00,41.3865332,2.1865614,59,18,1016,21.8,40.1,-,5,-,-,-,-,-,-,-,-,-,-,-,-,-,-,-,-,30.0
2023-07-07 12:38:18+02:00,41.3865564,2.1864935,59,18,1016,22.1,40.6,-,5,-,-,-,-,-,-,-,-,-,-,-,-,-,-,-,-,30.2
2023-07-07 12:38:21+02:00,41.3865831,2.1864382,59,17,1016,21.9,40.2,-,5,-,-,-,-,-,-,-,-,-,-,-,-,-,-,-,-,30.0
2023-07-07 12:38:24+02:00,41.3866052,2.1864046,59,17,1016,22.1,40.6,-,4,-,-,-,-,-,-,-,-,-,-,-,-,-,-,-,-,30.2
2023-07-07 12:38:30+02:00,41.386605,2.186342,59,17,1016,21.8,40.1,-,4,-,-,-,-,-,-,-,-,-,-,-,-,-,-,-,-,29.9
2023-07-07 12:38:33+02:00,41.3866058,2.1863165,59,17,1016,22.0,40.5,-,3,-,-,-,-,-,-,-,-,-,-,-,-,-,-,-,-,30.1
2023-07-07 12:38:36+02:00,41.386611,2.1862975,59,18,1016,21.9,40.1,-,3,-,-,-,-,-,-,-,-,-,-,-,-,-,-,-,-,30.0
2023-07-07 12:38:42+02:00,41.3866251,2.1862498,59,17,1016,21.8,39.9,-,3,-,-,-,-,-,-,-,-,-,-,-,-,-,-,-,-,29.9
2023-07-07 12:38:45+02:00,41.386635,2.1862377,59,17,1016,22.3,40.9,-,3,-,-,-,-,-,-,-,-,-,-,-,-,-,-,-,-,30.3
2023-07-07 12:38:48+02:00,41.3866344,2.1862574,60,18,1016,22.5,41.4,-,2,-,-,-,-,-,-,-,-,-,-,-,-,-,-,-,-,30.5
2023-07-07 12:38:51+02:00,41.3866378,2.1862607,60,17,1016,22.6,41.6,-,2,-,-,-,-,-,-,-,-,-,-,-,-,-,-,-,-,30.5
2023-07-07 12:38:54+02:00,41.3866551,2.1862404,60,17,1016,22.7,41.7,-,2,-,-,-,-,-,-,-,-,-,-,-,-,-,-,-,-,30.6
2023-07-07 12:39:00+02:00,41.3866885,2.1862033,60,17,1016,22.6,41.5,-,2,-,-,-,-,-,-,-,-,-,-,-,-,-,-,-,-,30.5
2023-07-07 12:39:06+02:00,41.3867176,2.1861578,59,17,1016,22.1,40.6,-,2,-,-,-,-,-,-,-,-,-,-,-,-,-,-,-,-,30.1
2023-07-07 12:39:12+02:00,41.3867605,2.1861075,59,17,1016,22.4,41.3,-,3,-,-,-,-,-,-,-,-,-,-,-,-,-,-,-,-,30.6
2023-07-07 12:39:15+02:00,41.3867938,2.1860845,59,17,1016,22.4,41.3,-,3,-,-,-,-,-,-,-,-,-,-,-,-,-,-,-,-,30.6
2023-07-07 12:39:21+02:00,41.3868393,2.186041,59,17,1016,22.5,41.5,-,3,-,-,-,-,-,-,-,-,-,-,-,-,-,-,-,-,30.6
2023-07-07 12:39:24+02:00,41.3868478,2.1860027,59,17,1016,22.5,41.5,-,2,-,-,-,-,-,-,-,-,-,-,-,-,-,-,-,-,30.6
2023-07-07 12:39:30+02:00,41.3868813,2.1859405,60,17,1016,22.8,42.0,-,3,-,-,-,-,-,-,-,-,-,-,-,-,-,-,-,-,30.8
2023-07-07 12:39:33+02:00,41.3868968,2.1859148,61,17,1016,23.1,42.5,-,3,-,-,-,-,-,-,-,-,-,-,-,-,-,-,-,-,30.9
2023-07-07 12:39:36+02:00,41.3869162,2.1858893,62,18,1016,23.4,43.0,-,3,-,-,-,-,-,-,-,-,-,-,-,-,-,-,-,-,31.0
2023-07-07 12:39:39+02:00,41.386937,2.1858669,61,18,1016,23.3,43.0,-,3,-,-,-,-,-,-,-,-,-,-,-,-,-,-,-,-,31.1
2023-07-07 12:39:45+02:00,41.3869761,2.1858151,60,17,1016,23.0,42.5,-,3,-,-,-,-,-,-,-,-,-,-,-,-,-,-,-,-,31.0
2023-07-07 12:39:48+02:00,41.386994,2.1857913,59,17,1016,22.6,41.6,-,3,-,-,-,-,-,-,-,-,-,-,-,-,-,-,-,-,30.7
2023-07-07 12:39:54+02:00,41.387043,2.1857418,60,17,1016,22.9,42.2,-,3,-,-,-,-,-,-,-,-,-,-,-,-,-,-,-,-,30.9
2023-07-07 12:40:00+02:00,41.3871075,2.1856876,60,17,1016,22.9,42.3,-,3,-,-,-,-,-,-,-,-,-,-,-,-,-,-,-,-,30.9
2023-07-07 12:40:03+02:00,41.3871335,2.1856533,60,17,1016,22.6,41.6,-,3,-,-,-,-,-,-,-,-,-,-,-,-,-,-,-,-,30.5
2023-07-07 12:40:09+02:00,41.3871628,2.185593,60,17,1016,22.4,41.1,-,3,-,-,-,-,-,-,-,-,-,-,-,-,-,-,-,-,30.3
2023-07-07 12:40:15+02:00,41.3871938,2.1855524,60,17,1016,22.6,41.6,-,3,-,-,-,-,-,-,-,-,-,-,-,-,-,-,-,-,30.6
2023-07-07 12:40:18+02:00,41.3872164,2.1855313,60,18,1016,22.8,41.9,-,3,-,-,-,-,-,-,-,-,-,-,-,-,-,-,-,-,30.6
2023-07-07 12:40:24+02:00,41.3872626,2.1854792,60,17,1016,22.7,41.6,-,3,-,-,-,-,-,-,-,-,-,-,-,-,-,-,-,-,30.5
2023-07-07 12:40:30+02:00,41.3872982,2.1854292,60,17,1016,22.4,41.2,-,3,-,-,-,-,-,-,-,-,-,-,-,-,-,-,-,-,30.3
2023-07-07 12:40:36+02:00,41.387332,2.1853548,61,18,1016,22.7,41.7,-,3,-,-,-,-,-,-,-,-,-,-,-,-,-,-,-,-,30.4
2023-07-07 12:40:39+02:00,41.3873483,2.1853255,62,18,1016,22.9,41.8,-,3,-,-,-,-,-,-,-,-,-,-,-,-,-,-,-,-,30.4
2023-07-07 12:40:42+02:00,41.3873488,2.1853078,62,18,1016,22.8,41.8,-,3,-,-,-,-,-,-,-,-,-,-,-,-,-,-,-,-,30.4
2023-07-07 12:40:48+02:00,41.3873704,2.1852623,61,17,1016,22.5,41.1,-,3,-,-,-,-,-,-,-,-,-,-,-,-,-,-,-,-,30.1
2023-07-07 12:40:54+02:00,41.3874018,2.1852087,61,17,1016,22.4,40.9,-,3,-,-,-,-,-,-,-,-,-,-,-,-,-,-,-,-,30.1
2023-07-07 12:41:00+02:00,41.3874351,2.1851529,61,17,1016,22.2,40.5,-,3,-,-,-,-,-,-,-,-,-,-,-,-,-,-,-,-,29.9
2023-07-07 12:41:03+02:00,41.3874622,2.1851364,61,17,1016,22.1,40.4,-,3,-,-,-,-,-,-,-,-,-,-,-,-,-,-,-,-,29.9
2023-07-07 12:41:09+02:00,41.3875263,2.1851008,60,17,1016,21.9,39.9,-,3,-,-,-,-,-,-,-,-,-,-,-,-,-,-,-,-,29.7
2023-07-07 12:41:12+02:00,41.3875527,2.1850797,61,18,1016,22.3,40.7,-,3,-,-,-,-,-,-,-,-,-,-,-,-,-,-,-,-,30.0
2023-07-07 12:41:18+02:00,41.3876115,2.1850438,62,18,1016,23.0,42.0,-,3,-,-,-,-,-,-,-,-,-,-,-,-,-,-,-,-,30.5
2023-07-07 12:41:24+02:00,41.3876807,2.1850224,61,18,1016,23.4,43.0,-,3,-,-,-,-,-,-,-,-,-,-,-,-,-,-,-,-,31.0
2023-07-07 12:41:27+02:00,41.3877141,2.1850038,61,17,1016,23.3,42.7,-,3,-,-,-,-,-,-,-,-,-,-,-,-,-,-,-,-,30.9
2023-07-07 12:41:30+02:00,41.3877441,2.1849806,61,17,1016,23.4,43.1,-,3,-,-,-,-,-,-,-,-,-,-,-,-,-,-,-,-,31.1
2023-07-07 12:41:36+02:00,41.3877862,2.1849199,61,17,1016,23.6,43.7,-,3,-,-,-,-,-,-,-,-,-,-,-,-,-,-,-,-,31.4
2023-07-07 12:41:42+02:00,41.3878385,2.1848597,61,17,1016,23.9,44.1,-,4,-,-,-,-,-,-,-,-,-,-,-,-,-,-,-,-,31.5
2023-07-07 12:41:48+02:00,41.3878822,2.1847999,62,17,1016,24.1,44.6,-,3,-,-,-,-,-,-,-,-,-,-,-,-,-,-,-,-,31.7
2023-07-07 12:41:51+02:00,41.38789,2.1847817,62,18,1016,24.1,44.7,-,3,-,-,-,-,-,-,-,-,-,-,-,-,-,-,-,-,31.7
2023-07-07 12:41:57+02:00,41.3879056,2.1847287,62,17,1016,24.3,44.8,-,3,-,-,-,-,-,-,-,-,-,-,-,-,-,-,-,-,31.7
2023-07-07 12:42:00+02:00,41.3879113,2.1846886,63,17,1016,24.1,44.5,-,3,-,-,-,-,-,-,-,-,-,-,-,-,-,-,-,-,31.5
2023-07-07 12:42:06+02:00,41.3879183,2.1846303,62,17,1016,24.2,44.8,-,3,-,-,-,-,-,-,-,-,-,-,-,-,-,-,-,-,31.7
2023-07-07 12:42:09+02:00,41.3879107,2.1846175,62,17,1016,24.2,44.7,-,3,-,-,-,-,-,-,-,-,-,-,-,-,-,-,-,-,31.7
2023-07-07 12:42:15+02:00,41.3879189,2.184599,61,17,1016,23.6,43.6,-,2,-,-,-,-,-,-,-,-,-,-,-,-,-,-,-,-,31.3
2023-07-07 12:42:21+02:00,41.3879477,2.1845582,62,17,1016,23.4,43.0,-,3,-,-,-,-,-,-,-,-,-,-,-,-,-,-,-,-,31.0
2023-07-07 12:42:24+02:00,41.3879512,2.1845215,62,18,1016,23.7,43.7,-,4,-,-,-,-,-,-,-,-,-,-,-,-,-,-,-,-,31.3
2023-07-07 12:42:27+02:00,41.3879525,2.1844833,61,17,1016,23.2,42.5,-,4,-,-,-,-,-,-,-,-,-,-,-,-,-,-,-,-,30.8
2023-07-07 12:42:33+02:00,41.3879997,2.1844177,60,17,1016,22.6,41.5,-,4,-,-,-,-,-,-,-,-,-,-,-,-,-,-,-,-,30.5
2023-07-07 12:42:39+02:00,41.3880537,2.1843525,60,17,1016,22.6,41.5,-,4,-,-,-,-,-,-,-,-,-,-,-,-,-,-,-,-,30.5
2023-07-07 12:42:45+02:00,41.3881108,2.1842966,60,17,1016,22.4,41.1,-,3,-,-,-,-,-,-,-,-,-,-,-,-,-,-,-,-,30.3
2023-07-07 12:42:51+02:00,41.3881493,2.1842513,59,17,1016,22.2,40.7,-,3,-,-,-,-,-,-,-,-,-,-,-,-,-,-,-,-,30.2
2023-07-07 12:42:54+02:00,41.3881653,2.1842238,59,17,1016,22.0,40.4,-,3,-,-,-,-,-,-,-,-,-,-,-,-,-,-,-,-,30.2
2023-07-07 12:43:00+02:00,41.3882037,2.1841773,58,17,1016,21.8,40.1,-,3,-,-,-,-,-,-,-,-,-,-,-,-,-,-,-,-,30.1
2023-07-07 12:43:06+02:00,41.3882402,2.1841669,58,18,1016,22.2,41.0,-,2,-,-,-,-,-,-,-,-,-,-,-,-,-,-,-,-,30.5
2023-07-07 12:43:12+02:00,41.3882875,2.1841767,57,16,1016,21.4,39.4,-,3,-,-,-,-,-,-,-,-,-,-,-,-,-,-,-,-,29.8
2023-07-07 12:43:15+02:00,41.3883133,2.1841709,57,17,1016,21.1,38.9,-,3,-,-,-,-,-,-,-,-,-,-,-,-,-,-,-,-,29.6
2023-07-07 12:43:21+02:00,41.3883567,2.1841238,57,17,1016,21.5,39.6,-,3,-,-,-,-,-,-,-,-,-,-,-,-,-,-,-,-,29.9
2023-07-07 12:43:24+02:00,41.3883795,2.1840948,58,17,1016,21.3,39.2,-,3,-,-,-,-,-,-,-,-,-,-,-,-,-,-,-,-,29.7
2023-07-07 12:43:27+02:00,41.3884018,2.1840715,59,17,1016,21.5,39.5,-,3,-,-,-,-,-,-,-,-,-,-,-,-,-,-,-,-,29.7
2023-07-07 12:43:30+02:00,41.3884356,2.1840361,59,17,1016,21.5,39.4,-,3,-,-,-,-,-,-,-,-,-,-,-,-,-,-,-,-,29.6
2023-07-07 12:43:36+02:00,41.3885049,2.1839777,59,17,1016,21.6,39.5,-,3,-,-,-,-,-,-,-,-,-,-,-,-,-,-,-,-,29.6
2023-07-07 12:43:42+02:00,41.3885584,2.1839373,59,17,1016,21.8,40.0,-,3,-,-,-,-,-,-,-,-,-,-,-,-,-,-,-,-,29.9
2023-07-07 12:43:45+02:00,41.3885817,2.1839203,60,17,1016,21.8,39.8,-,3,-,-,-,-,-,-,-,-,-,-,-,-,-,-,-,-,29.7
2023-07-07 12:43:48+02:00,41.388604,2.1839075,60,17,1016,21.9,40.0,-,3,-,-,-,-,-,-,-,-,-,-,-,-,-,-,-,-,29.8
2023-07-07 12:43:51+02:00,41.3886216,2.1838892,60,17,1016,22.3,40.9,-,3,-,-,-,-,-,-,-,-,-,-,-,-,-,-,-,-,30.2
2023-07-07 12:43:57+02:00,41.3886551,2.1838445,60,17,1016,22.3,41.0,-,3,-,-,-,-,-,-,-,-,-,-,-,-,-,-,-,-,30.3
2023-07-07 12:44:03+02:00,41.3886946,2.183803,60,17,1016,22.5,41.2,-,3,-,-,-,-,-,-,-,-,-,-,-,-,-,-,-,-,30.4
2023-07-07 12:44:09+02:00,41.3887045,2.1838106,61,17,1016,22.8,41.7,-,2,-,-,-,-,-,-,-,-,-,-,-,-,-,-,-,-,30.5
2023-07-07 12:44:12+02:00,41.3887213,2.1837942,60,17,1016,22.5,41.3,-,2,-,-,-,-,-,-,-,-,-,-,-,-,-,-,-,-,30.4
2023-07-07 12:44:18+02:00,41.3887564,2.1837387,58,17,1016,22.1,40.8,-,2,-,-,-,-,-,-,-,-,-,-,-,-,-,-,-,-,30.4
2023-07-07 12:44:24+02:00,41.3888008,2.1836812,58,17,1016,22.0,40.5,-,3,-,-,-,-,-,-,-,-,-,-,-,-,-,-,-,-,30.3
2023-07-07 12:44:27+02:00,41.3888211,2.1836496,58,17,1016,22.0,40.6,-,3,-,-,-,-,-,-,-,-,-,-,-,-,-,-,-,-,30.2
2023-07-07 12:44:30+02:00,41.3888448,2.1836172,59,17,1016,22.2,40.8,-,3,-,-,-,-,-,-,-,-,-,-,-,-,-,-,-,-,30.3
2023-07-07 12:44:36+02:00,41.3888763,2.1835464,59,17,1016,22.4,41.1,-,3,-,-,-,-,-,-,-,-,-,-,-,-,-,-,-,-,30.4
2023-07-07 12:44:42+02:00,41.3888806,2.183508,59,17,1016,22.3,41.1,-,2,-,-,-,-,-,-,-,-,-,-,-,-,-,-,-,-,30.4
2023-07-07 12:44:48+02:00,41.3888744,2.1835045,60,17,1016,22.6,41.5,-,2,-,-,-,-,-,-,-,-,-,-,-,-,-,-,-,-,30.5
2023-07-07 12:44:51+02:00,41.3888735,2.1835041,60,17,1016,22.7,41.7,-,2,-,-,-,-,-,-,-,-,-,-,-,-,-,-,-,-,30.5
2023-07-07 12:44:54+02:00,41.3888731,2.1835033,61,17,1016,22.8,41.9,-,1,-,-,-,-,-,-,-,-,-,-,-,-,-,-,-,-,30.6
2023-07-07 12:44:57+02:00,41.3888693,2.1835078,61,17,1016,22.9,42.0,-,0,-,-,-,-,-,-,-,-,-,-,-,-,-,-,-,-,30.6
2023-07-07 12:45:03+02:00,41.3888652,2.1835118,62,17,1016,23.2,42.5,-,0,-,-,-,-,-,-,-,-,-,-,-,-,-,-,-,-,30.7
2023-07-07 12:45:06+02:00,41.3888644,2.1835127,62,17,1016,23.2,42.6,-,0,-,-,-,-,-,-,-,-,-,-,-,-,-,-,-,-,30.8
2023-07-07 12:45:09+02:00,41.3888684,2.183509,61,17,1016,23.0,42.2,-,0,-,-,-,-,-,-,-,-,-,-,-,-,-,-,-,-,30.7
2023-07-07 12:45:15+02:00,41.3888732,2.1835029,59,17,1016,22.8,42.0,-,0,-,-,-,-,-,-,-,-,-,-,-,-,-,-,-,-,30.8
2023-07-07 12:45:18+02:00,41.388877,2.183504,59,17,1016,22.9,42.2,-,0,-,-,-,-,-,-,-,-,-,-,-,-,-,-,-,-,30.9
2023-07-07 12:45:21+02:00,41.3888773,2.1835037,59,17,1016,22.8,42.2,-,0,-,-,-,-,-,-,-,-,-,-,-,-,-,-,-,-,31.0
2023-07-07 12:45:24+02:00,41.3888741,2.1835058,59,17,1016,22.7,42.0,-,0,-,-,-,-,-,-,-,-,-,-,-,-,-,-,-,-,30.9
2023-07-07 12:45:30+02:00,41.3888975,2.183473,58,17,1016,23.1,42.8,-,3,-,-,-,-,-,-,-,-,-,-,-,-,-,-,-,-,31.4
2023-07-07 12:45:36+02:00,41.3889336,2.1834269,58,17,1016,23.3,43.3,-,3,-,-,-,-,-,-,-,-,-,-,-,-,-,-,-,-,31.5
2023-07-07 12:45:42+02:00,41.3889524,2.1833685,59,17,1016,23.5,43.6,-,3,-,-,-,-,-,-,-,-,-,-,-,-,-,-,-,-,31.6
2023-07-07 12:45:45+02:00,41.3889588,2.1833269,59,17,1016,23.5,43.7,-,3,-,-,-,-,-,-,-,-,-,-,-,-,-,-,-,-,31.7
2023-07-07 12:45:51+02:00,41.3889668,2.1832579,60,17,1016,23.6,43.9,-,3,-,-,-,-,-,-,-,-,-,-,-,-,-,-,-,-,31.6
2023-07-07 12:45:57+02:00,41.3889788,2.1831882,58,17,1016,22.9,42.4,-,3,-,-,-,-,-,-,-,-,-,-,-,-,-,-,-,-,31.2
2023-07-07 12:46:00+02:00,41.3889819,2.1831717,58,17,1016,22.7,42.0,-,2,-,-,-,-,-,-,-,-,-,-,-,-,-,-,-,-,31.0
2023-07-07 12:46:06+02:00,41.3889913,2.1831591,57,17,1016,22.1,40.8,-,2,-,-,-,-,-,-,-,-,-,-,-,-,-,-,-,-,30.5
2023-07-07 12:46:09+02:00,41.3890002,2.1831439,57,18,1016,21.9,40.5,-,2,-,-,-,-,-,-,-,-,-,-,-,-,-,-,-,-,30.4
2023-07-07 12:46:15+02:00,41.389028,2.1830825,57,18,1015,21.7,40.0,-,2,-,-,-,-,-,-,-,-,-,-,-,-,-,-,-,-,30.1
2023-07-07 12:46:21+02:00,41.3890527,2.1830337,57,18,1016,21.5,39.6,-,2,-,-,-,-,-,-,-,-,-,-,-,-,-,-,-,-,29.9
2023-07-07 12:46:24+02:00,41.3890736,2.1830075,58,18,1015,21.6,39.7,-,2,-,-,-,-,-,-,-,-,-,-,-,-,-,-,-,-,29.9
2023-07-07 12:46:27+02:00,41.389094,2.1829826,58,18,1015,21.9,40.3,-,3,-,-,-,-,-,-,-,-,-,-,-,-,-,-,-,-,30.2
2023-07-07 12:46:33+02:00,41.3891303,2.1829462,58,18,1015,22.0,40.5,-,2,-,-,-,-,-,-,-,-,-,-,-,-,-,-,-,-,30.2
2023-07-07 12:46:39+02:00,41.389163,2.1829057,59,18,1016,22.3,41.1,-,2,-,-,-,-,-,-,-,-,-,-,-,-,-,-,-,-,30.3
2023-07-07 12:46:42+02:00,41.3891825,2.1828827,59,18,1016,22.2,40.8,-,3,-,-,-,-,-,-,-,-,-,-,-,-,-,-,-,-,30.3
2023-07-07 12:46:48+02:00,41.3892271,2.1828416,58,18,1016,21.9,40.4,-,2,-,-,-,-,-,-,-,-,-,-,-,-,-,-,-,-,30.2
2023-07-07 12:46:51+02:00,41.3892424,2.1828215,58,18,1015,22.0,40.6,-,1,-,-,-,-,-,-,-,-,-,-,-,-,-,-,-,-,30.3
2023-07-07 12:46:57+02:00,41.3892449,2.1827625,58,18,1015,22.0,40.5,-,2,-,-,-,-,-,-,-,-,-,-,-,-,-,-,-,-,30.3
2023-07-07 12:47:00+02:00,41.3892504,2.1827357,57,18,1015,22.1,40.8,-,2,-,-,-,-,-,-,-,-,-,-,-,-,-,-,-,-,30.5
2023-07-07 12:47:06+02:00,41.3892691,2.1827011,57,19,1015,21.9,40.4,-,2,-,-,-,-,-,-,-,-,-,-,-,-,-,-,-,-,30.3
2023-07-07 12:47:12+02:00,41.3893137,2.1826603,57,18,1015,21.7,40.2,-,2,-,-,-,-,-,-,-,-,-,-,-,-,-,-,-,-,30.2
2023-07-07 12:47:15+02:00,41.3893406,2.1826399,57,18,1015,21.9,40.5,-,2,-,-,-,-,-,-,-,-,-,-,-,-,-,-,-,-,30.4
2023-07-07 12:47:21+02:00,41.3893919,2.182592,57,18,1015,21.5,39.8,-,3,-,-,-,-,-,-,-,-,-,-,-,-,-,-,-,-,30.1
2023-07-07 12:47:27+02:00,41.3894467,2.1825365,57,19,1015,21.6,39.8,-,3,-,-,-,-,-,-,-,-,-,-,-,-,-,-,-,-,30.0
2023-07-07 12:47:33+02:00,41.3894916,2.1824836,58,18,1015,21.8,40.1,-,3,-,-,-,-,-,-,-,-,-,-,-,-,-,-,-,-,30.0
2023-07-07 12:47:39+02:00,41.3895353,2.1824338,58,18,1015,22.0,40.5,-,3,-,-,-,-,-,-,-,-,-,-,-,-,-,-,-,-,30.2
2023-07-07 12:47:45+02:00,41.3895781,2.1823882,58,18,1015,21.9,40.3,-,3,-,-,-,-,-,-,-,-,-,-,-,-,-,-,-,-,30.1
2023-07-07 12:47:48+02:00,41.3896054,2.1823702,59,18,1015,22.0,40.3,-,3,-,-,-,-,-,-,-,-,-,-,-,-,-,-,-,-,30.1
2023-07-07 12:47:51+02:00,41.3896285,2.182348,59,18,1015,22.0,40.3,-,3,-,-,-,-,-,-,-,-,-,-,-,-,-,-,-,-,30.0
2023-07-07 12:47:57+02:00,41.3896561,2.1823013,59,18,1015,22.0,40.4,-,3,-,-,-,-,-,-,-,-,-,-,-,-,-,-,-,-,30.1
2023-07-07 12:48:00+02:00,41.3896701,2.1822717,59,18,1015,22.0,40.3,-,3,-,-,-,-,-,-,-,-,-,-,-,-,-,-,-,-,30.0
2023-07-07 12:48:03+02:00,41.3896826,2.1822425,59,18,1015,21.8,40.0,-,3,-,-,-,-,-,-,-,-,-,-,-,-,-,-,-,-,29.9
2023-07-07 12:48:06+02:00,41.3896968,2.1822134,59,19,1015,22.0,40.3,-,3,-,-,-,-,-,-,-,-,-,-,-,-,-,-,-,-,30.0
2023-07-07 12:48:09+02:00,41.3897132,2.1821852,59,19,1015,21.8,40.0,-,3,-,-,-,-,-,-,-,-,-,-,-,-,-,-,-,-,29.9
2023-07-07 12:48:12+02:00,41.3897346,2.1821572,59,19,1015,21.6,39.6,-,3,-,-,-,-,-,-,-,-,-,-,-,-,-,-,-,-,29.8
2023-07-07 12:48:18+02:00,41.3897794,2.1821059,58,19,1015,21.3,39.0,-,3,-,-,-,-,-,-,-,-,-,-,-,-,-,-,-,-,29.5
2023-07-07 12:48:24+02:00,41.3898236,2.1820453,59,19,1015,21.1,38.7,-,3,-,-,-,-,-,-,-,-,-,-,-,-,-,-,-,-,29.3
2023-07-07 12:48:30+02:00,41.3898566,2.1819825,59,19,1015,21.2,38.8,-,3,-,-,-,-,-,-,-,-,-,-,-,-,-,-,-,-,29.3
2023-07-07 12:48:36+02:00,41.389885,2.1819161,59,19,1015,21.4,39.1,-,3,-,-,-,-,-,-,-,-,-,-,-,-,-,-,-,-,29.4
2023-07-07 12:48:42+02:00,41.3899242,2.1818683,59,19,1015,21.6,39.5,-,3,-,-,-,-,-,-,-,-,-,-,-,-,-,-,-,-,29.7
2023-07-07 12:48:45+02:00,41.3899499,2.1818489,59,20,1015,21.4,39.3,-,3,-,-,-,-,-,-,-,-,-,-,-,-,-,-,-,-,29.6
2023-07-07 12:48:51+02:00,41.390003,2.1818017,58,19,1015,21.4,39.2,-,3,-,-,-,-,-,-,-,-,-,-,-,-,-,-,-,-,29.6
2023-07-07 12:48:54+02:00,41.3900241,2.1817807,59,19,1015,21.4,39.2,-,3,-,-,-,-,-,-,-,-,-,-,-,-,-,-,-,-,29.6
2023-07-07 12:48:57+02:00,41.3900437,2.1817511,59,20,1015,21.4,39.2,-,3,-,-,-,-,-,-,-,-,-,-,-,-,-,-,-,-,29.5
2023-07-07 12:49:00+02:00,41.3900583,2.1817218,59,20,1015,21.3,39.0,-,3,-,-,-,-,-,-,-,-,-,-,-,-,-,-,-,-,29.4
2023-07-07 12:49:03+02:00,41.3900721,2.1816932,59,20,1015,21.5,39.3,-,3,-,-,-,-,-,-,-,-,-,-,-,-,-,-,-,-,29.6
2023-07-07 12:49:09+02:00,41.3901163,2.1816434,60,20,1015,21.5,39.2,-,3,-,-,-,-,-,-,-,-,-,-,-,-,-,-,-,-,29.4
2023-07-07 12:49:15+02:00,41.3901605,2.1815948,60,19,1015,21.8,39.7,-,3,-,-,-,-,-,-,-,-,-,-,-,-,-,-,-,-,29.6
2023-07-07 12:49:18+02:00,41.3901793,2.1815666,61,20,1015,22.0,40.1,-,3,-,-,-,-,-,-,-,-,-,-,-,-,-,-,-,-,29.7
2023-07-07 12:49:21+02:00,41.3901964,2.1815407,61,20,1015,22.1,40.3,-,3,-,-,-,-,-,-,-,-,-,-,-,-,-,-,-,-,29.8
2023-07-07 12:49:27+02:00,41.3902151,2.1814965,60,20,1015,22.2,40.6,-,3,-,-,-,-,-,-,-,-,-,-,-,-,-,-,-,-,30.0
2023-07-07 12:49:30+02:00,41.3902228,2.1814793,60,19,1015,22.1,40.5,-,3,-,-,-,-,-,-,-,-,-,-,-,-,-,-,-,-,30.0
2023-07-07 12:49:36+02:00,41.3902551,2.181423,60,20,1015,22.3,40.9,-,3,-,-,-,-,-,-,-,-,-,-,-,-,-,-,-,-,30.2
2023-07-07 12:49:39+02:00,41.3902794,2.1813884,60,20,1015,22.4,41.0,-,3,-,-,-,-,-,-,-,-,-,-,-,-,-,-,-,-,30.2
2023-07-07 12:49:45+02:00,41.390309,2.1813338,60,20,1015,22.1,40.5,-,3,-,-,-,-,-,-,-,-,-,-,-,-,-,-,-,-,30.0
2023-07-07 12:49:51+02:00,41.3903386,2.1812905,61,20,1015,22.3,40.7,-,3,-,-,-,-,-,-,-,-,-,-,-,-,-,-,-,-,30.0
2023-07-07 12:49:57+02:00,41.3903676,2.1812577,60,20,1015,22.2,40.7,-,3,-,-,-,-,-,-,-,-,-,-,-,-,-,-,-,-,30.1
2023-07-07 12:50:00+02:00,41.3903762,2.181252,60,20,1015,22.2,40.6,-,2,-,-,-,-,-,-,-,-,-,-,-,-,-,-,-,-,30.1
2023-07-07 12:50:03+02:00,41.3903917,2.1812286,60,20,1015,22.2,40.7,-,3,-,-,-,-,-,-,-,-,-,-,-,-,-,-,-,-,30.1
2023-07-07 12:50:06+02:00,41.3904193,2.1812007,60,20,1015,22.3,40.8,-,3,-,-,-,-,-,-,-,-,-,-,-,-,-,-,-,-,30.2
2023-07-07 12:50:09+02:00,41.3904466,2.1811714,59,20,1015,22.2,40.8,-,3,-,-,-,-,-,-,-,-,-,-,-,-,-,-,-,-,30.2
2023-07-07 12:50:15+02:00,41.3904875,2.1811225,60,20,1015,22.3,40.9,-,3,-,-,-,-,-,-,-,-,-,-,-,-,-,-,-,-,30.2
2023-07-07 12:50:21+02:00,41.3905219,2.1810613,61,20,1015,22.5,41.1,-,3,-,-,-,-,-,-,-,-,-,-,-,-,-,-,-,-,30.1
2023-07-07 12:50:24+02:00,41.3905349,2.1810334,61,20,1015,22.5,41.1,-,3,-,-,-,-,-,-,-,-,-,-,-,-,-,-,-,-,30.2
2023-07-07 12:50:30+02:00,41.3905568,2.1809751,61,21,1015,22.4,40.8,-,3,-,-,-,-,-,-,-,-,-,-,-,-,-,-,-,-,30.0
2023-07-07 12:50:33+02:00,41.3905711,2.1809476,61,20,1015,22.2,40.5,-,3,-,-,-,-,-,-,-,-,-,-,-,-,-,-,-,-,29.9
2023-07-07 12:50:39+02:00,41.3906237,2.1808887,60,20,1015,22.0,40.2,-,3,-,-,-,-,-,-,-,-,-,-,-,-,-,-,-,-,29.9
2023-07-07 12:50:45+02:00,41.3906499,2.1808641,59,20,1015,22.0,40.3,-,3,-,-,-,-,-,-,-,-,-,-,-,-,-,-,-,-,30.0
2023-07-07 12:50:51+02:00,41.3906603,2.1808594,60,20,1015,22.1,40.5,-,2,-,-,-,-,-,-,-,-,-,-,-,-,-,-,-,-,30.0
2023-07-07 12:50:57+02:00,41.3906584,2.1808652,60,20,1015,22.1,40.5,-,2,-,-,-,-,-,-,-,-,-,-,-,-,-,-,-,-,30.0
2023-07-07 12:51:03+02:00,41.3906696,2.1808727,59,20,1015,22.0,40.4,-,1,-,-,-,-,-,-,-,-,-,-,-,-,-,-,-,-,30.1
2023-07-07 12:51:06+02:00,41.3906734,2.1808704,58,20,1015,21.9,40.3,-,1,-,-,-,-,-,-,-,-,-,-,-,-,-,-,-,-,30.1
2023-07-07 12:51:12+02:00,41.3906801,2.1808714,58,20,1015,22.0,40.5,-,1,-,-,-,-,-,-,-,-,-,-,-,-,-,-,-,-,30.3
2023-07-07 12:51:15+02:00,41.390684,2.1808708,58,20,1015,22.0,40.6,-,1,-,-,-,-,-,-,-,-,-,-,-,-,-,-,-,-,30.3
2023-07-07 12:51:21+02:00,41.3906856,2.1808734,58,20,1015,22.1,40.8,-,0,-,-,-,-,-,-,-,-,-,-,-,-,-,-,-,-,30.4
2023-07-07 12:51:27+02:00,41.3906837,2.1808764,59,20,1015,22.3,41.1,-,0,-,-,-,-,-,-,-,-,-,-,-,-,-,-,-,-,30.5
2023-07-07 12:51:30+02:00,41.3906834,2.1808767,60,21,1015,22.6,41.5,-,0,-,-,-,-,-,-,-,-,-,-,-,-,-,-,-,-,30.5
2023-07-07 12:51:33+02:00,41.3906831,2.1808769,60,20,1015,22.6,41.6,-,0,-,-,-,-,-,-,-,-,-,-,-,-,-,-,-,-,30.5
2023-07-07 12:51:39+02:00,41.3906815,2.1808783,61,20,1015,23.0,42.2,-,0,-,-,-,-,-,-,-,-,-,-,-,-,-,-,-,-,30.7
2023-07-07 12:51:42+02:00,41.3906813,2.1808786,60,21,1015,22.9,42.1,-,0,-,-,-,-,-,-,-,-,-,-,-,-,-,-,-,-,30.7
2023-07-07 12:51:45+02:00,41.3906813,2.1808786,60,20,1015,22.8,42.0,-,0,-,-,-,-,-,-,-,-,-,-,-,-,-,-,-,-,30.8
2023-07-07 12:51:51+02:00,41.3906811,2.1808786,59,20,1015,22.8,42.1,-,0,-,-,-,-,-,-,-,-,-,-,-,-,-,-,-,-,30.9
2023-07-07 12:51:54+02:00,41.3906808,2.1808786,58,20,1015,22.7,42.1,-,0,-,-,-,-,-,-,-,-,-,-,-,-,-,-,-,-,31.0
2023-07-07 12:52:00+02:00,41.3906803,2.1808786,58,20,1015,22.7,42.1,-,0,-,-,-,-,-,-,-,-,-,-,-,-,-,-,-,-,31.0
2023-07-07 12:52:03+02:00,41.3906804,2.1808787,58,20,1015,22.7,42.1,-,0,-,-,-,-,-,-,-,-,-,-,-,-,-,-,-,-,31.1
2023-07-07 12:52:06+02:00,41.3906805,2.1808787,58,20,1015,22.8,42.3,-,0,-,-,-,-,-,-,-,-,-,-,-,-,-,-,-,-,31.1
2023-07-07 12:52:09+02:00,41.3906972,2.1808782,58,20,1015,22.9,42.4,-,1,-,-,-,-,-,-,-,-,-,-,-,-,-,-,-,-,31.2
2023-07-07 12:52:15+02:00,41.3907088,2.1808828,57,20,1015,22.8,42.2,-,0,-,-,-,-,-,-,-,-,-,-,-,-,-,-,-,-,31.2
2023-07-07 12:52:18+02:00,41.3907141,2.1808784,57,20,1015,22.7,42.2,-,0,-,-,-,-,-,-,-,-,-,-,-,-,-,-,-,-,31.2
2023-07-07 12:52:21+02:00,41.3907152,2.1808791,58,20,1015,22.9,42.5,-,0,-,-,-,-,-,-,-,-,-,-,-,-,-,-,-,-,31.3
2023-07-07 12:52:27+02:00,41.390713,2.1808822,58,20,1015,23.0,42.8,-,0,-,-,-,-,-,-,-,-,-,-,-,-,-,-,-,-,31.4
2023-07-07 12:52:33+02:00,41.3907124,2.180882,58,20,1015,23.0,42.8,-,0,-,-,-,-,-,-,-,-,-,-,-,-,-,-,-,-,31.3
2023-07-07 12:52:36+02:00,41.3907123,2.1808822,58,20,1015,23.1,42.8,-,0,-,-,-,-,-,-,-,-,-,-,-,-,-,-,-,-,31.4
2023-07-07 12:52:42+02:00,41.3907128,2.1808824,58,20,1015,23.1,43.0,-,0,-,-,-,-,-,-,-,-,-,-,-,-,-,-,-,-,31.5
2023-07-07 12:52:48+02:00,41.3907112,2.1808858,59,19,1015,23.2,43.1,-,0,-,-,-,-,-,-,-,-,-,-,-,-,-,-,-,-,31.4
2023-07-07 12:52:51+02:00,41.39071,2.1808873,59,20,1015,23.1,42.9,-,0,-,-,-,-,-,-,-,-,-,-,-,-,-,-,-,-,31.3
2023-07-07 12:52:57+02:00,41.3907088,2.1808885,58,20,1015,22.8,42.4,-,0,-,-,-,-,-,-,-,-,-,-,-,-,-,-,-,-,31.2
2023-07-07 12:53:03+02:00,41.3907208,2.1808785,57,20,1015,22.8,42.4,-,1,-,-,-,-,-,-,-,-,-,-,-,-,-,-,-,-,31.2
2023-07-07 12:53:06+02:00,41.3907176,2.1808646,57,20,1015,22.8,42.3,-,1,-,-,-,-,-,-,-,-,-,-,-,-,-,-,-,-,31.2
2023-07-07 12:53:09+02:00,41.3907194,2.1808507,57,20,1015,22.8,42.4,-,2,-,-,-,-,-,-,-,-,-,-,-,-,-,-,-,-,31.2
2023-07-07 12:53:12+02:00,41.3907498,2.1808497,57,20,1015,23.0,42.7,-,2,-,-,-,-,-,-,-,-,-,-,-,-,-,-,-,-,31.4
2023-07-07 12:53:15+02:00,41.3907687,2.1808463,58,20,1015,23.0,42.8,-,3,-,-,-,-,-,-,-,-,-,-,-,-,-,-,-,-,31.4
2023-07-07 12:53:21+02:00,41.3908105,2.1808333,58,21,1015,22.9,42.5,-,2,-,-,-,-,-,-,-,-,-,-,-,-,-,-,-,-,31.2
2023-07-07 12:53:24+02:00,41.3908292,2.1808117,58,21,1015,22.6,42.0,-,3,-,-,-,-,-,-,-,-,-,-,-,-,-,-,-,-,31.0
2023-07-07 12:53:27+02:00,41.3908451,2.1807857,57,21,1015,22.5,41.6,-,1,-,-,-,-,-,-,-,-,-,-,-,-,-,-,-,-,30.9
2023-07-07 12:53:33+02:00,41.3908664,2.1807276,57,21,1015,22.1,40.9,-,3,-,-,-,-,-,-,-,-,-,-,-,-,-,-,-,-,30.6
2023-07-07 12:53:36+02:00,41.3908702,2.180691,57,21,1015,22.0,40.7,-,3,-,-,-,-,-,-,-,-,-,-,-,-,-,-,-,-,30.5
2023-07-07 12:53:39+02:00,41.3908612,2.1806454,57,21,1015,21.9,40.5,-,3,-,-,-,-,-,-,-,-,-,-,-,-,-,-,-,-,30.4
2023-07-07 12:53:42+02:00,41.3908618,2.1806068,57,21,1015,21.9,40.5,-,3,-,-,-,-,-,-,-,-,-,-,-,-,-,-,-,-,30.4
2023-07-07 12:53:48+02:00,41.3908634,2.1805347,58,21,1015,22.1,40.8,-,3,-,-,-,-,-,-,-,-,-,-,-,-,-,-,-,-,30.5
2023-07-07 12:53:51+02:00,41.3908617,2.1804977,58,21,1015,22.0,40.7,-,3,-,-,-,-,-,-,-,-,-,-,-,-,-,-,-,-,30.4
2023-07-07 12:53:57+02:00,41.3908669,2.180423,57,21,1015,21.9,40.5,-,3,-,-,-,-,-,-,-,-,-,-,-,-,-,-,-,-,30.4
2023-07-07 12:54:00+02:00,41.3908751,2.1803837,57,21,1015,21.8,40.4,-,3,-,-,-,-,-,-,-,-,-,-,-,-,-,-,-,-,30.4
2023-07-07 12:54:03+02:00,41.3908826,2.1803443,57,21,1015,21.8,40.3,-,3,-,-,-,-,-,-,-,-,-,-,-,-,-,-,-,-,30.3
2023-07-07 12:54:06+02:00,41.3908947,2.1803016,57,21,1015,21.8,40.4,-,3,-,-,-,-,-,-,-,-,-,-,-,-,-,-,-,-,30.3
2023-07-07 12:54:12+02:00,41.3909175,2.1802127,57,21,1015,22.2,41.1,-,3,-,-,-,-,-,-,-,-,-,-,-,-,-,-,-,-,30.6
2023-07-07 12:54:18+02:00,41.3909279,2.1801687,58,20,1015,22.8,42.2,-,3,-,-,-,-,-,-,-,-,-,-,-,-,-,-,-,-,31.0
2023-07-07 12:54:21+02:00,41.3909335,2.1801506,59,20,1015,23.0,42.5,-,3,-,-,-,-,-,-,-,-,-,-,-,-,-,-,-,-,31.1
2023-07-07 12:54:27+02:00,41.3909509,2.1801307,58,21,1015,23.0,42.7,-,3,-,-,-,-,-,-,-,-,-,-,-,-,-,-,-,-,31.4
2023-07-07 12:54:30+02:00,41.3909505,2.1801259,57,20,1015,23.0,42.8,-,2,-,-,-,-,-,-,-,-,-,-,-,-,-,-,-,-,31.4
2023-07-07 12:54:33+02:00,41.3909479,2.1801087,57,21,1015,23.1,42.9,-,2,-,-,-,-,-,-,-,-,-,-,-,-,-,-,-,-,31.5
2023-07-07 12:54:36+02:00,41.3909457,2.1800855,57,21,1015,23.1,43.1,-,2,-,-,-,-,-,-,-,-,-,-,-,-,-,-,-,-,31.6
2023-07-07 12:54:39+02:00,41.3909447,2.1800644,58,21,1015,23.2,43.3,-,2,-,-,-,-,-,-,-,-,-,-,-,-,-,-,-,-,31.6
2023-07-07 12:54:45+02:00,41.3909273,2.1800769,57,20,1015,23.3,43.4,-,1,-,-,-,-,-,-,-,-,-,-,-,-,-,-,-,-,31.7
2023-07-07 12:54:51+02:00,41.3908984,2.180115,57,20,1015,23.2,43.2,-,0,-,-,-,-,-,-,-,-,-,-,-,-,-,-,-,-,31.7
2023-07-07 12:54:57+02:00,41.3908767,2.1801943,57,20,1015,23.1,43.2,-,1,-,-,-,-,-,-,-,-,-,-,-,-,-,-,-,-,31.7
2023-07-07 12:55:03+02:00,41.3908194,2.1802503,57,19,1015,23.1,43.2,-,2,-,-,-,-,-,-,-,-,-,-,-,-,-,-,-,-,31.7
2023-07-07 12:55:06+02:00,41.390795,2.1802685,57,19,1015,23.0,42.9,-,2,-,-,-,-,-,-,-,-,-,-,-,-,-,-,-,-,31.6
2023-07-07 12:55:12+02:00,41.3907543,2.1802915,57,19,1015,23.0,42.8,-,1,-,-,-,-,-,-,-,-,-,-,-,-,-,-,-,-,31.5
2023-07-07 12:55:18+02:00,41.3907187,2.1803165,57,20,1015,23.0,42.9,-,4,-,-,-,-,-,-,-,-,-,-,-,-,-,-,-,-,31.5
2023-07-07 12:55:24+02:00,41.3907051,2.1803358,58,19,1015,23.1,43.0,-,1,-,-,-,-,-,-,-,-,-,-,-,-,-,-,-,-,31.4
2023-07-07 12:55:27+02:00,41.3906996,2.1803253,58,19,1015,23.1,42.9,-,0,-,-,-,-,-,-,-,-,-,-,-,-,-,-,-,-,31.4
2023-07-07 12:55:30+02:00,41.3906991,2.1803169,58,19,1015,23.1,42.9,-,0,-,-,-,-,-,-,-,-,-,-,-,-,-,-,-,-,31.4
2023-07-07 12:55:36+02:00,41.3906927,2.1803306,57,19,1015,22.8,42.5,-,0,-,-,-,-,-,-,-,-,-,-,-,-,-,-,-,-,31.3
2023-07-07 12:55:39+02:00,41.3906942,2.1803336,57,19,1015,22.7,42.1,-,0,-,-,-,-,-,-,-,-,-,-,-,-,-,-,-,-,31.2
2023-07-07 12:55:45+02:00,41.3906983,2.1803445,57,19,1015,22.7,42.1,-,0,-,-,-,-,-,-,-,-,-,-,-,-,-,-,-,-,31.2
2023-07-07 12:55:51+02:00,41.3907036,2.1803503,57,20,1015,22.2,41.2,-,0,-,-,-,-,-,-,-,-,-,-,-,-,-,-,-,-,30.7
2023-07-07 12:55:57+02:00,41.3906741,2.1803523,57,19,1015,22.2,41.1,-,3,-,-,-,-,-,-,-,-,-,-,-,-,-,-,-,-,30.6
2023-07-07 12:56:00+02:00,41.3906519,2.1803393,57,19,1015,22.3,41.3,-,2,-,-,-,-,-,-,-,-,-,-,-,-,-,-,-,-,30.7
2023-07-07 12:56:06+02:00,41.3906099,2.1803126,58,20,1015,22.3,41.2,-,3,-,-,-,-,-,-,-,-,-,-,-,-,-,-,-,-,30.7
2023-07-07 12:56:09+02:00,41.3905811,2.1802994,58,19,1015,22.2,41.1,-,4,-,-,-,-,-,-,-,-,-,-,-,-,-,-,-,-,30.6
2023-07-07 12:56:15+02:00,41.3905367,2.180306,57,19,1015,22.1,40.9,-,3,-,-,-,-,-,-,-,-,-,-,-,-,-,-,-,-,30.6
2023-07-07 12:56:18+02:00,41.3905209,2.1803096,57,20,1015,21.9,40.5,-,3,-,-,-,-,-,-,-,-,-,-,-,-,-,-,-,-,30.4
2023-07-07 12:56:24+02:00,41.3904796,2.1802725,56,19,1015,21.5,39.9,-,3,-,-,-,-,-,-,-,-,-,-,-,-,-,-,-,-,30.2
2023-07-07 12:56:30+02:00,41.3904413,2.1802272,55,18,1015,21.2,39.4,-,3,-,-,-,-,-,-,-,-,-,-,-,-,-,-,-,-,30.1
2023-07-07 12:56:33+02:00,41.3904168,2.1802094,55,19,1015,21.1,39.2,-,3,-,-,-,-,-,-,-,-,-,-,-,-,-,-,-,-,30.0
2023-07-07 12:56:39+02:00,41.3903474,2.180195,55,19,1015,21.0,39.0,-,4,-,-,-,-,-,-,-,-,-,-,-,-,-,-,-,-,29.9
2023-07-07 12:56:45+02:00,41.3903258,2.1801655,55,19,1015,21.5,39.9,-,2,-,-,-,-,-,-,-,-,-,-,-,-,-,-,-,-,30.3
2023-07-07 12:56:51+02:00,41.3903175,2.1801561,55,19,1015,21.7,40.3,-,1,-,-,-,-,-,-,-,-,-,-,-,-,-,-,-,-,30.5
2023-07-07 12:56:57+02:00,41.3903315,2.1801461,55,18,1015,21.6,40.0,-,0,-,-,-,-,-,-,-,-,-,-,-,-,-,-,-,-,30.4
2023-07-07 12:57:03+02:00,41.3903496,2.1801117,55,18,1015,22.1,41.2,-,1,-,-,-,-,-,-,-,-,-,-,-,-,-,-,-,-,30.9
2023-07-07 12:57:09+02:00,41.3903805,2.1800678,55,18,1015,22.2,41.4,-,1,-,-,-,-,-,-,-,-,-,-,-,-,-,-,-,-,31.0
2023-07-07 12:57:12+02:00,41.3903967,2.1800461,56,18,1015,22.5,41.8,-,1,-,-,-,-,-,-,-,-,-,-,-,-,-,-,-,-,31.1
2023-07-07 12:57:18+02:00,41.3904235,2.1800212,57,18,1015,22.8,42.4,-,1,-,-,-,-,-,-,-,-,-,-,-,-,-,-,-,-,31.3
2023-07-07 12:57:24+02:00,41.3904197,2.1799974,57,18,1016,23.0,42.8,-,1,-,-,-,-,-,-,-,-,-,-,-,-,-,-,-,-,31.4
2023-07-07 12:57:30+02:00,41.3904035,2.1799787,57,18,1016,22.9,42.6,-,1,-,-,-,-,-,-,-,-,-,-,-,-,-,-,-,-,31.4
2023-07-07 12:57:36+02:00,41.3903908,2.1799659,57,18,1016,23.1,43.0,-,1,-,-,-,-,-,-,-,-,-,-,-,-,-,-,-,-,31.5
2023-07-07 12:57:39+02:00,41.3903858,2.1799644,57,18,1016,23.0,42.9,-,1,-,-,-,-,-,-,-,-,-,-,-,-,-,-,-,-,31.5
2023-07-07 12:57:45+02:00,41.3903797,2.1799662,57,18,1015,23.1,43.0,-,0,-,-,-,-,-,-,-,-,-,-,-,-,-,-,-,-,31.6
2023-07-07 12:57:48+02:00,41.3903768,2.1799719,57,18,1015,23.1,43.0,-,0,-,-,-,-,-,-,-,-,-,-,-,-,-,-,-,-,31.6
2023-07-07 12:57:51+02:00,41.390375,2.1799773,57,18,1016,23.1,43.0,-,0,-,-,-,-,-,-,-,-,-,-,-,-,-,-,-,-,31.6
2023-07-07 12:57:57+02:00,41.3903739,2.1799815,57,18,1015,23.1,43.0,-,0,-,-,-,-,-,-,-,-,-,-,-,-,-,-,-,-,31.6
2023-07-07 12:58:03+02:00,41.390374,2.1799815,57,18,1016,23.1,43.0,-,0,-,-,-,-,-,-,-,-,-,-,-,-,-,-,-,-,31.6
2023-07-07 12:58:06+02:00,41.390374,2.1799812,57,18,1015,23.1,43.0,-,0,-,-,-,-,-,-,-,-,-,-,-,-,-,-,-,-,31.6
2023-07-07 12:58:09+02:00,41.3903739,2.1799809,57,18,1016,23.1,43.1,-,0,-,-,-,-,-,-,-,-,-,-,-,-,-,-,-,-,31.7
2023-07-07 12:58:15+02:00,41.3903613,2.1799981,56,18,1015,23.1,43.1,-,0,-,-,-,-,-,-,-,-,-,-,-,-,-,-,-,-,31.7
2023-07-07 12:58:18+02:00,41.3903578,2.1799889,56,18,1015,23.0,43.0,-,1,-,-,-,-,-,-,-,-,-,-,-,-,-,-,-,-,31.7
2023-07-07 12:58:24+02:00,41.3903429,2.1799506,56,18,1015,23.1,43.0,-,1,-,-,-,-,-,-,-,-,-,-,-,-,-,-,-,-,31.7
2023-07-07 12:58:27+02:00,41.3903243,2.1799396,57,18,1015,23.1,43.0,-,1,-,-,-,-,-,-,-,-,-,-,-,-,-,-,-,-,31.7
2023-07-07 12:58:33+02:00,41.3902936,2.1799296,57,18,1015,23.1,43.0,-,1,-,-,-,-,-,-,-,-,-,-,-,-,-,-,-,-,31.6
2023-07-07 12:58:39+02:00,41.3902901,2.1799334,57,18,1015,23.1,43.0,-,0,-,-,-,-,-,-,-,-,-,-,-,-,-,-,-,-,31.6
2023-07-07 12:58:45+02:00,41.3902906,2.1799352,57,18,1015,23.1,43.0,-,0,-,-,-,-,-,-,-,-,-,-,-,-,-,-,-,-,31.6
2023-07-07 12:58:48+02:00,41.3902913,2.1799353,57,18,1015,23.1,43.1,-,0,-,-,-,-,-,-,-,-,-,-,-,-,-,-,-,-,31.6
2023-07-07 12:58:51+02:00,41.3902913,2.179935,57,18,1015,23.1,43.0,-,0,-,-,-,-,-,-,-,-,-,-,-,-,-,-,-,-,31.6
2023-07-07 12:58:54+02:00,41.3902686,2.1798943,57,18,1015,23.1,43.0,-,3,-,-,-,-,-,-,-,-,-,-,-,-,-,-,-,-,31.6
2023-07-07 12:59:00+02:00,41.3902513,2.1798703,57,18,1015,23.1,43.0,-,4,-,-,-,-,-,-,-,-,-,-,-,-,-,-,-,-,31.6
2023-07-07 12:59:06+02:00,41.3902663,2.179923,57,18,1015,23.1,43.0,-,2,-,-,-,-,-,-,-,-,-,-,-,-,-,-,-,-,31.6
2023-07-07 12:59:09+02:00,41.3902654,2.1799373,57,18,1015,23.1,42.9,-,0,-,-,-,-,-,-,-,-,-,-,-,-,-,-,-,-,31.5
2023-07-07 12:59:15+02:00,41.3902651,2.179933,57,18,1015,23.1,42.9,-,0,-,-,-,-,-,-,-,-,-,-,-,-,-,-,-,-,31.5
2023-07-07 12:59:21+02:00,41.3902395,2.1799331,57,18,1015,23.0,42.9,-,1,-,-,-,-,-,-,-,-,-,-,-,-,-,-,-,-,31.5
2023-07-07 12:59:27+02:00,41.3902369,2.1799278,58,19,1015,23.3,43.3,-,0,-,-,-,-,-,-,-,-,-,-,-,-,-,-,-,-,31.6
2023-07-07 12:59:30+02:00,41.3902374,2.1799239,58,19,1015,23.2,43.2,-,0,-,-,-,-,-,-,-,-,-,-,-,-,-,-,-,-,31.5
2023-07-07 12:59:36+02:00,41.3902387,2.1799452,57,18,1015,22.4,41.6,-,3,-,-,-,-,-,-,-,-,-,-,-,-,-,-,-,-,30.9
2023-07-07 12:59:39+02:00,41.3902434,2.1799867,57,19,1015,22.3,41.3,-,3,-,-,-,-,-,-,-,-,-,-,-,-,-,-,-,-,30.8
2023-07-07 12:59:45+02:00,41.3902757,2.1800405,56,19,1015,22.2,41.2,-,3,-,-,-,-,-,-,-,-,-,-,-,-,-,-,-,-,30.8
2023-07-07 12:59:51+02:00,41.3902784,2.1800502,56,19,1015,21.8,40.4,-,0,-,-,-,-,-,-,-,-,-,-,-,-,-,-,-,-,30.4
2023-07-07 12:59:54+02:00,41.3902786,2.1800511,56,19,1015,21.7,40.3,-,0,-,-,-,-,-,-,-,-,-,-,-,-,-,-,-,-,30.4
2023-07-07 12:59:57+02:00,41.3902599,2.1800409,56,18,1015,21.9,40.5,-,3,-,-,-,-,-,-,-,-,-,-,-,-,-,-,-,-,30.5
2023-07-07 13:00:03+02:00,41.3901946,2.1800246,57,18,1016,22.0,40.8,-,3,-,-,-,-,-,-,-,-,-,-,-,-,-,-,-,-,30.5
2023-07-07 13:00:06+02:00,41.3901615,2.1800238,57,18,1015,22.1,40.9,-,4,-,-,-,-,-,-,-,-,-,-,-,-,-,-,-,-,30.6
2023-07-07 13:00:12+02:00,41.3900894,2.180033,57,18,1015,22.5,41.7,-,4,-,-,-,-,-,-,-,-,-,-,-,-,-,-,-,-,30.9
2023-07-07 13:00:15+02:00,41.3900546,2.1800483,57,18,1015,22.6,42.1,-,4,-,-,-,-,-,-,-,-,-,-,-,-,-,-,-,-,31.2
2023-07-07 13:00:18+02:00,41.3900233,2.1800535,57,18,1016,22.8,42.5,-,4,-,-,-,-,-,-,-,-,-,-,-,-,-,-,-,-,31.4
2023-07-07 13:00:24+02:00,41.38996,2.1800496,56,18,1015,23.0,43.0,-,4,-,-,-,-,-,-,-,-,-,-,-,-,-,-,-,-,31.7
2023-07-07 13:00:30+02:00,41.3899083,2.1800155,56,18,1016,23.1,43.2,-,3,-,-,-,-,-,-,-,-,-,-,-,-,-,-,-,-,31.8
2023-07-07 13:00:36+02:00,41.3898592,2.1799918,56,18,1015,23.2,43.4,-,3,-,-,-,-,-,-,-,-,-,-,-,-,-,-,-,-,31.8
2023-07-07 13:00:42+02:00,41.3898405,2.1799892,57,18,1015,23.4,43.6,-,2,-,-,-,-,-,-,-,-,-,-,-,-,-,-,-,-,31.8
2023-07-07 13:00:48+02:00,41.3898111,2.1799573,58,18,1015,23.4,43.6,-,3,-,-,-,-,-,-,-,-,-,-,-,-,-,-,-,-,31.8
2023-07-07 13:00:51+02:00,41.3897751,2.1799132,58,18,1015,23.4,43.6,-,4,-,-,-,-,-,-,-,-,-,-,-,-,-,-,-,-,31.7
2023-07-07 13:00:57+02:00,41.3897603,2.1798852,58,18,1015,23.3,43.4,-,4,-,-,-,-,-,-,-,-,-,-,-,-,-,-,-,-,31.7
2023-07-07 13:01:03+02:00,41.3897535,2.1798642,58,18,1015,23.3,43.4,-,5,-,-,-,-,-,-,-,-,-,-,-,-,-,-,-,-,31.6
2023-07-07 13:01:06+02:00,41.3897431,2.1798679,59,18,1015,23.5,43.6,-,3,-,-,-,-,-,-,-,-,-,-,-,-,-,-,-,-,31.6
2023-07-07 13:01:12+02:00,41.3897305,2.179875,59,18,1015,23.5,43.6,-,3,-,-,-,-,-,-,-,-,-,-,-,-,-,-,-,-,31.6
2023-07-07 13:01:18+02:00,41.3896994,2.1798811,59,18,1015,23.3,43.3,-,5,-,-,-,-,-,-,-,-,-,-,-,-,-,-,-,-,31.5
2023-07-07 13:01:21+02:00,41.3896567,2.1798681,59,18,1015,23.3,43.3,-,5,-,-,-,-,-,-,-,-,-,-,-,-,-,-,-,-,31.5
2023-07-07 13:01:24+02:00,41.3896311,2.1798501,59,18,1015,23.3,43.3,-,4,-,-,-,-,-,-,-,-,-,-,-,-,-,-,-,-,31.5
2023-07-07 13:01:27+02:00,41.389612,2.1798389,59,18,1015,23.3,43.3,-,4,-,-,-,-,-,-,-,-,-,-,-,-,-,-,-,-,31.5
2023-07-07 13:01:33+02:00,41.3896034,2.1798156,59,18,1016,23.2,43.1,-,3,-,-,-,-,-,-,-,-,-,-,-,-,-,-,-,-,31.4
2023-07-07 13:01:36+02:00,41.389563,2.1797883,59,18,1015,23.2,43.0,-,3,-,-,-,-,-,-,-,-,-,-,-,-,-,-,-,-,31.4
2023-07-07 13:01:39+02:00,41.3895352,2.1797539,59,18,1015,23.2,43.1,-,3,-,-,-,-,-,-,-,-,-,-,-,-,-,-,-,-,31.4
2023-07-07 13:01:45+02:00,41.3895024,2.1797294,58,18,1015,23.1,42.9,-,3,-,-,-,-,-,-,-,-,-,-,-,-,-,-,-,-,31.4
2023-07-07 13:01:51+02:00,41.3894969,2.1797287,58,18,1015,23.1,42.9,-,3,-,-,-,-,-,-,-,-,-,-,-,-,-,-,-,-,31.3
2023-07-07 13:01:54+02:00,41.3893832,2.1796671,59,18,1016,23.2,43.1,-,4,-,-,-,-,-,-,-,-,-,-,-,-,-,-,-,-,31.4
2023-07-07 13:02:00+02:00,41.3893195,2.1796395,59,18,1015,23.4,43.3,-,3,-,-,-,-,-,-,-,-,-,-,-,-,-,-,-,-,31.4
2023-07-07 13:02:03+02:00,41.3893117,2.1796363,59,18,1016,23.3,43.2,-,2,-,-,-,-,-,-,-,-,-,-,-,-,-,-,-,-,31.4
2023-07-07 13:02:06+02:00,41.3892815,2.1796085,59,17,1016,23.3,43.2,-,2,-,-,-,-,-,-,-,-,-,-,-,-,-,-,-,-,31.4
2023-07-07 13:02:09+02:00,41.3892534,2.1795987,59,18,1016,23.4,43.3,-,2,-,-,-,-,-,-,-,-,-,-,-,-,-,-,-,-,31.4
2023-07-07 13:02:15+02:00,41.3891875,2.1795614,60,17,1016,23.0,42.4,-,3,-,-,-,-,-,-,-,-,-,-,-,-,-,-,-,-,31.0
2023-07-07 13:02:18+02:00,41.3891623,2.1795462,59,17,1016,22.7,42.0,-,3,-,-,-,-,-,-,-,-,-,-,-,-,-,-,-,-,30.8
2023-07-07 13:02:24+02:00,41.3891231,2.17949,58,17,1016,22.8,42.2,-,2,-,-,-,-,-,-,-,-,-,-,-,-,-,-,-,-,31.1
2023-07-07 13:02:30+02:00,41.3890946,2.1794518,59,17,1016,22.9,42.4,-,2,-,-,-,-,-,-,-,-,-,-,-,-,-,-,-,-,31.1
2023-07-07 13:02:33+02:00,41.3890861,2.179449,59,17,1016,22.9,42.4,-,2,-,-,-,-,-,-,-,-,-,-,-,-,-,-,-,-,31.1
2023-07-07 13:02:36+02:00,41.3890428,2.1794137,59,17,1016,22.9,42.4,-,4,-,-,-,-,-,-,-,-,-,-,-,-,-,-,-,-,31.1
2023-07-07 13:02:39+02:00,41.3889921,2.1793856,59,17,1016,22.9,42.4,-,3,-,-,-,-,-,-,-,-,-,-,-,-,-,-,-,-,31.1
2023-07-07 13:02:45+02:00,41.388937,2.1793462,59,17,1016,23.0,42.4,-,4,-,-,-,-,-,-,-,-,-,-,-,-,-,-,-,-,31.0
2023-07-07 13:02:51+02:00,41.3888878,2.1793134,60,17,1016,23.0,42.5,-,3,-,-,-,-,-,-,-,-,-,-,-,-,-,-,-,-,31.0
2023-07-07 13:02:57+02:00,41.3888657,2.1793057,60,17,1016,23.0,42.4,-,1,-,-,-,-,-,-,-,-,-,-,-,-,-,-,-,-,31.0
2023-07-07 13:03:03+02:00,41.3888461,2.1792858,60,17,1016,23.0,42.5,-,1,-,-,-,-,-,-,-,-,-,-,-,-,-,-,-,-,31.0
2023-07-07 13:03:06+02:00,41.3887879,2.1792435,60,17,1016,23.0,42.5,-,4,-,-,-,-,-,-,-,-,-,-,-,-,-,-,-,-,31.0
2023-07-07 13:03:12+02:00,41.3887884,2.1792423,60,16,1016,23.0,42.5,-,1,-,-,-,-,-,-,-,-,-,-,-,-,-,-,-,-,31.0
2023-07-07 13:03:15+02:00,41.3887465,2.1792192,60,16,1016,22.6,41.7,-,3,-,-,-,-,-,-,-,-,-,-,-,-,-,-,-,-,30.6
2023-07-07 13:03:21+02:00,41.3887275,2.1792087,59,16,1016,22.7,41.9,-,1,-,-,-,-,-,-,-,-,-,-,-,-,-,-,-,-,30.8
2023-07-07 13:03:24+02:00,41.38871,2.1791911,59,16,1016,22.7,41.9,-,2,-,-,-,-,-,-,-,-,-,-,-,-,-,-,-,-,30.8
2023-07-07 13:03:27+02:00,41.3887024,2.1791838,60,16,1016,22.7,41.9,-,1,-,-,-,-,-,-,-,-,-,-,-,-,-,-,-,-,30.7
2023-07-07 13:03:30+02:00,41.388598,2.1790815,60,16,1016,22.8,42.0,-,8,-,-,-,-,-,-,-,-,-,-,-,-,-,-,-,-,30.8
2023-07-07 13:03:33+02:00,41.3885726,2.1790566,59,16,1016,22.7,41.8,-,6,-,-,-,-,-,-,-,-,-,-,-,-,-,-,-,-,30.7
2023-07-07 13:03:36+02:00,41.3885483,2.1790287,59,16,1016,22.7,41.8,-,5,-,-,-,-,-,-,-,-,-,-,-,-,-,-,-,-,30.7
2023-07-07 13:03:42+02:00,41.3885431,2.1790225,59,16,1016,22.7,41.9,-,1,-,-,-,-,-,-,-,-,-,-,-,-,-,-,-,-,30.7
2023-07-07 13:03:45+02:00,41.3885021,2.1789751,59,16,1016,22.7,41.9,-,4,-,-,-,-,-,-,-,-,-,-,-,-,-,-,-,-,30.7
2023-07-07 13:03:51+02:00,41.3884635,2.1789239,60,16,1016,22.8,41.9,-,3,-,-,-,-,-,-,-,-,-,-,-,-,-,-,-,-,30.7
2023-07-07 13:03:57+02:00,41.3884486,2.1789052,60,16,1016,22.9,42.1,-,1,-,-,-,-,-,-,-,-,-,-,-,-,-,-,-,-,30.7
2023-07-07 13:04:00+02:00,41.3884065,2.1789022,60,16,1016,22.5,41.3,-,6,-,-,-,-,-,-,-,-,-,-,-,-,-,-,-,-,30.3
2023-07-07 13:04:06+02:00,41.3883435,2.178806,61,16,1016,22.3,40.7,-,7,-,-,-,-,-,-,-,-,-,-,-,-,-,-,-,-,30.0
2023-07-07 13:04:09+02:00,41.3883216,2.1787477,61,16,1016,22.4,41.0,-,7,-,-,-,-,-,-,-,-,-,-,-,-,-,-,-,-,30.2
2023-07-07 13:04:15+02:00,41.388284,2.1787211,60,16,1016,22.4,41.2,-,3,-,-,-,-,-,-,-,-,-,-,-,-,-,-,-,-,30.4
2023-07-07 13:04:21+02:00,41.3882557,2.1787548,61,16,1016,22.5,41.3,-,3,-,-,-,-,-,-,-,-,-,-,-,-,-,-,-,-,30.3
2023-07-07 13:04:24+02:00,41.3882424,2.1787924,60,16,1016,22.4,41.0,-,3,-,-,-,-,-,-,-,-,-,-,-,-,-,-,-,-,30.2
2023-07-07 13:04:30+02:00,41.3881931,2.1788691,59,15,1016,22.1,40.5,-,4,-,-,-,-,-,-,-,-,-,-,-,-,-,-,-,-,30.1
2023-07-07 13:04:36+02:00,41.3881368,2.1789071,60,15,1016,22.1,40.5,-,3,-,-,-,-,-,-,-,-,-,-,-,-,-,-,-,-,30.1
2023-07-07 13:04:42+02:00,41.3881053,2.1789559,60,15,1016,22.5,41.3,-,3,-,-,-,-,-,-,-,-,-,-,-,-,-,-,-,-,30.4
2023-07-07 13:04:48+02:00,41.3880841,2.1789845,60,15,1016,22.6,41.6,-,3,-,-,-,-,-,-,-,-,-,-,-,-,-,-,-,-,30.6
2023-07-07 13:04:51+02:00,41.3880312,2.1790423,60,15,1016,22.6,41.6,-,3,-,-,-,-,-,-,-,-,-,-,-,-,-,-,-,-,30.5
2023-07-07 13:04:57+02:00,41.3879651,2.179108,61,15,1016,22.9,42.1,-,3,-,-,-,-,-,-,-,-,-,-,-,-,-,-,-,-,30.6
2023-07-07 13:05:00+02:00,41.387924,2.179121,61,15,1016,23.0,42.2,-,3,-,-,-,-,-,-,-,-,-,-,-,-,-,-,-,-,30.6
2023-07-07 13:05:03+02:00,41.3879047,2.1791206,61,15,1016,22.9,42.1,-,3,-,-,-,-,-,-,-,-,-,-,-,-,-,-,-,-,30.7
2023-07-07 13:05:09+02:00,41.3878995,2.1791049,60,15,1016,22.7,41.7,-,1,-,-,-,-,-,-,-,-,-,-,-,-,-,-,-,-,30.6
2023-07-07 13:05:15+02:00,41.3878882,2.17907,61,14,1016,23.0,42.2,-,0,-,-,-,-,-,-,-,-,-,-,-,-,-,-,-,-,30.7
2023-07-07 13:05:21+02:00,41.3878849,2.1790745,61,14,1016,23.1,42.4,-,0,-,-,-,-,-,-,-,-,-,-,-,-,-,-,-,-,30.8
2023-07-07 13:05:24+02:00,41.3878856,2.1790802,61,14,1016,23.1,42.5,-,0,-,-,-,-,-,-,-,-,-,-,-,-,-,-,-,-,30.8
2023-07-07 13:05:27+02:00,41.3878873,2.1791106,61,14,1016,23.1,42.6,-,1,-,-,-,-,-,-,-,-,-,-,-,-,-,-,-,-,30.9
2023-07-07 13:05:30+02:00,41.3878975,2.1791372,61,14,1016,23.2,42.6,-,1,-,-,-,-,-,-,-,-,-,-,-,-,-,-,-,-,30.9
2023-07-07 13:05:36+02:00,41.3879166,2.179148,61,14,1016,23.3,42.8,-,1,-,-,-,-,-,-,-,-,-,-,-,-,-,-,-,-,31.0
2023-07-07 13:05:39+02:00,41.3879199,2.1791472,61,15,1016,23.3,42.9,-,0,-,-,-,-,-,-,-,-,-,-,-,-,-,-,-,-,31.1
2023-07-07 13:05:45+02:00,41.3879064,2.1791225,60,14,1016,23.3,43.0,-,0,-,-,-,-,-,-,-,-,-,-,-,-,-,-,-,-,31.1
2023-07-07 13:05:51+02:00,41.3878961,2.1791135,60,14,1016,23.3,43.0,-,0,-,-,-,-,-,-,-,-,-,-,-,-,-,-,-,-,31.1
2023-07-07 13:05:54+02:00,41.3878942,2.1791138,59,14,1016,23.1,42.7,-,0,-,-,-,-,-,-,-,-,-,-,-,-,-,-,-,-,31.2
2023-07-07 13:05:57+02:00,41.3879147,2.1791282,59,14,1016,23.0,42.6,-,1,-,-,-,-,-,-,-,-,-,-,-,-,-,-,-,-,31.2
2023-07-07 13:06:00+02:00,41.3879199,2.179138,59,14,1016,23.0,42.6,-,1,-,-,-,-,-,-,-,-,-,-,-,-,-,-,-,-,31.2
2023-07-07 13:06:06+02:00,41.3879249,2.1791454,59,13,1016,23.2,43.0,-,0,-,-,-,-,-,-,-,-,-,-,-,-,-,-,-,-,31.3
2023-07-07 13:06:12+02:00,41.3879219,2.1791554,60,13,1016,23.4,43.2,-,0,-,-,-,-,-,-,-,-,-,-,-,-,-,-,-,-,31.3
2023-07-07 13:06:18+02:00,41.3879045,2.1791563,59,13,1016,23.3,43.2,-,0,-,-,-,-,-,-,-,-,-,-,-,-,-,-,-,-,31.3
2023-07-07 13:06:24+02:00,41.3879203,2.1791327,60,13,1016,23.4,43.3,-,1,-,-,-,-,-,-,-,-,-,-,-,-,-,-,-,-,31.4
2023-07-07 13:06:27+02:00,41.3879107,2.1791391,60,14,1016,23.5,43.5,-,0,-,-,-,-,-,-,-,-,-,-,-,-,-,-,-,-,31.4
2023-07-07 13:06:33+02:00,41.387925,2.1791322,60,14,1016,23.5,43.5,-,0,-,-,-,-,-,-,-,-,-,-,-,-,-,-,-,-,31.4
2023-07-07 13:06:36+02:00,41.3879192,2.1791325,60,13,1016,23.6,43.6,-,0,-,-,-,-,-,-,-,-,-,-,-,-,-,-,-,-,31.4
2023-07-07 13:06:42+02:00,41.3879183,2.1791265,61,13,1016,23.6,43.6,-,0,-,-,-,-,-,-,-,-,-,-,-,-,-,-,-,-,31.4
2023-07-07 13:06:45+02:00,41.3879175,2.1791583,60,14,1016,23.5,43.5,-,1,-,-,-,-,-,-,-,-,-,-,-,-,-,-,-,-,31.3
2023-07-07 13:06:48+02:00,41.3879434,2.1791281,60,14,1016,23.5,43.5,-,1,-,-,-,-,-,-,-,-,-,-,-,-,-,-,-,-,31.3
2023-07-07 13:06:51+02:00,41.3879636,2.1791025,60,14,1016,23.5,43.4,-,2,-,-,-,-,-,-,-,-,-,-,-,-,-,-,-,-,31.3
2023-07-07 13:06:57+02:00,41.3879704,2.1790858,61,14,1016,23.5,43.5,-,1,-,-,-,-,-,-,-,-,-,-,-,-,-,-,-,-,31.3
2023-07-07 13:07:00+02:00,41.3879656,2.1790838,61,14,1016,23.5,43.5,-,0,-,-,-,-,-,-,-,-,-,-,-,-,-,-,-,-,31.3
2023-07-07 13:07:06+02:00,41.3879558,2.1790817,60,14,1016,23.5,43.5,-,0,-,-,-,-,-,-,-,-,-,-,-,-,-,-,-,-,31.3
2023-07-07 13:07:09+02:00,41.3879513,2.1790796,61,14,1016,23.5,43.5,-,0,-,-,-,-,-,-,-,-,-,-,-,-,-,-,-,-,31.3
2023-07-07 13:07:12+02:00,41.3879473,2.1790767,60,14,1016,23.5,43.5,-,0,-,-,-,-,-,-,-,-,-,-,-,-,-,-,-,-,31.3
2023-07-07 13:07:18+02:00,41.3879288,2.1790655,59,14,1016,23.1,42.8,-,1,-,-,-,-,-,-,-,-,-,-,-,-,-,-,-,-,31.3
2023-07-07 13:07:21+02:00,41.3879096,2.1790587,58,14,1016,23.0,42.6,-,3,-,-,-,-,-,-,-,-,-,-,-,-,-,-,-,-,31.2
2023-07-07 13:07:27+02:00,41.3878733,2.1790122,58,14,1016,22.9,42.3,-,2,-,-,-,-,-,-,-,-,-,-,-,-,-,-,-,-,31.1
2023-07-07 13:07:30+02:00,41.3878694,2.1790015,59,14,1016,22.9,42.3,-,1,-,-,-,-,-,-,-,-,-,-,-,-,-,-,-,-,31.0
2023-07-07 13:07:33+02:00,41.3878568,2.1789942,59,14,1016,22.9,42.4,-,2,-,-,-,-,-,-,-,-,-,-,-,-,-,-,-,-,31.0
2023-07-07 13:07:39+02:00,41.3877795,2.1790115,59,14,1016,22.8,42.2,-,2,-,-,-,-,-,-,-,-,-,-,-,-,-,-,-,-,30.9
2023-07-07 13:07:42+02:00,41.3877434,2.179029,59,14,1016,22.9,42.2,-,5,-,-,-,-,-,-,-,-,-,-,-,-,-,-,-,-,31.0
2023-07-07 13:07:48+02:00,41.3876803,2.1790653,59,14,1016,22.9,42.3,-,3,-,-,-,-,-,-,-,-,-,-,-,-,-,-,-,-,31.0
2023-07-07 13:07:51+02:00,41.387649,2.179078,60,14,1016,23.0,42.4,-,3,-,-,-,-,-,-,-,-,-,-,-,-,-,-,-,-,30.9
2023-07-07 13:07:57+02:00,41.3875851,2.1791058,60,14,1016,23.1,42.5,-,3,-,-,-,-,-,-,-,-,-,-,-,-,-,-,-,-,31.0
2023-07-07 13:08:00+02:00,41.387567,2.1791142,60,14,1016,23.1,42.6,-,3,-,-,-,-,-,-,-,-,-,-,-,-,-,-,-,-,31.0
2023-07-07 13:08:06+02:00,41.387522,2.1791559,60,14,1016,23.1,42.6,-,3,-,-,-,-,-,-,-,-,-,-,-,-,-,-,-,-,31.0
2023-07-07 13:08:09+02:00,41.3874972,2.1791853,61,13,1016,23.2,42.7,-,3,-,-,-,-,-,-,-,-,-,-,-,-,-,-,-,-,31.0
2023-07-07 13:08:12+02:00,41.3874712,2.1792106,60,13,1016,23.1,42.6,-,3,-,-,-,-,-,-,-,-,-,-,-,-,-,-,-,-,31.0
2023-07-07 13:08:18+02:00,41.3874269,2.1792667,60,14,1016,23.1,42.6,-,3,-,-,-,-,-,-,-,-,-,-,-,-,-,-,-,-,31.0
2023-07-07 13:08:21+02:00,41.3874108,2.1792901,60,13,1016,23.1,42.6,-,3,-,-,-,-,-,-,-,-,-,-,-,-,-,-,-,-,31.0
2023-07-07 13:08:27+02:00,41.3873621,2.1793419,60,13,1016,22.9,42.4,-,3,-,-,-,-,-,-,-,-,-,-,-,-,-,-,-,-,30.9
2023-07-07 13:08:30+02:00,41.3873446,2.1793706,59,14,1016,22.9,42.4,-,3,-,-,-,-,-,-,-,-,-,-,-,-,-,-,-,-,31.0
2023-07-07 13:08:33+02:00,41.3873219,2.1793955,59,13,1016,22.9,42.3,-,3,-,-,-,-,-,-,-,-,-,-,-,-,-,-,-,-,30.9
2023-07-07 13:08:39+02:00,41.3872954,2.1794647,59,13,1016,22.8,42.0,-,3,-,-,-,-,-,-,-,-,-,-,-,-,-,-,-,-,30.8
2023-07-07 13:08:42+02:00,41.3872872,2.1794785,59,13,1016,22.8,42.0,-,2,-,-,-,-,-,-,-,-,-,-,-,-,-,-,-,-,30.8
2023-07-07 13:08:45+02:00,41.3872764,2.1794785,60,13,1016,22.8,42.1,-,2,-,-,-,-,-,-,-,-,-,-,-,-,-,-,-,-,30.8
2023-07-07 13:08:51+02:00,41.3872404,2.1794584,60,13,1016,22.9,42.2,-,2,-,-,-,-,-,-,-,-,-,-,-,-,-,-,-,-,30.8
2023-07-07 13:08:57+02:00,41.3872098,2.1794195,60,13,1016,22.9,42.1,-,2,-,-,-,-,-,-,-,-,-,-,-,-,-,-,-,-,30.8
2023-07-07 13:09:03+02:00,41.3871608,2.1793558,60,13,1016,22.8,41.9,-,2,-,-,-,-,-,-,-,-,-,-,-,-,-,-,-,-,30.7
2023-07-07 13:09:06+02:00,41.3871644,2.1793258,60,13,1016,22.8,42.0,-,1,-,-,-,-,-,-,-,-,-,-,-,-,-,-,-,-,30.7
2023-07-07 13:09:12+02:00,41.3871535,2.1792668,61,13,1016,23.0,42.2,-,1,-,-,-,-,-,-,-,-,-,-,-,-,-,-,-,-,30.7
2023-07-07 13:09:18+02:00,41.3871553,2.1791972,60,13,1016,22.8,41.9,-,1,-,-,-,-,-,-,-,-,-,-,-,-,-,-,-,-,30.7
2023-07-07 13:09:21+02:00,41.3871293,2.1791808,60,13,1016,22.7,41.8,-,1,-,-,-,-,-,-,-,-,-,-,-,-,-,-,-,-,30.6
2023-07-07 13:09:24+02:00,41.3870969,2.1791772,60,13,1016,22.6,41.6,-,1,-,-,-,-,-,-,-,-,-,-,-,-,-,-,-,-,30.6
2023-07-07 13:09:27+02:00,41.3870522,2.1791827,59,13,1016,22.6,41.6,-,1,-,-,-,-,-,-,-,-,-,-,-,-,-,-,-,-,30.6
2023-07-07 13:09:30+02:00,41.3870026,2.1791945,59,13,1016,22.6,41.5,-,1,-,-,-,-,-,-,-,-,-,-,-,-,-,-,-,-,30.6
