Time,Lat,Lon,Temp[°C],Hum[%],Alt[m],Press[mbar],DP[°C],HDX[°C],Gradient[°C/100m],Speed[km/h],Radiation[],BT[dBm],CO2[ppm],mass PM1.0[μg/m3],mass PM2.5[μg/m3],mass PM4[μg/m3],mass PM10[μg/m3],number PM0.5[#/cm3],number PM1.0[#/cm3],number PM2.5[#/cm3],number PM4[#/cm3],number PM10[#/cm3],Typical Part Size[μm],EAQ[],FAQ[],O3[ppb]
2023-09-15T12:30:48+02:00,41.479614,2.1891199,28.0,67,25,1011,21.5,38.1,-,0,-,-,-,-,-,-,-,-,-,-,-,-,-,-,-,-
2023-09-15T12:30:54+02:00,41.4796126,2.1891204,28.0,67,25,1012,21.3,37.9,-,0,-,-,-,-,-,-,-,-,-,-,-,-,-,-,-,-
2023-09-15T12:30:59+02:00,41.4796114,2.1891236,28.0,67,25,1012,21.4,38.0,-,0,-,-,-,-,-,-,-,-,-,-,-,-,-,-,-,-
2023-09-15T12:31:04+02:00,41.4796139,2.1891257,28.0,67,25,1011,21.4,38.0,-,0,-,-,-,-,-,-,-,-,-,-,-,-,-,-,-,-
2023-09-15T12:31:09+02:00,41.4796134,2.1891227,28.0,67,25,1011,21.4,38.0,-,0,-,-,-,-,-,-,-,-,-,-,-,-,-,-,-,-
2023-09-15T12:31:14+02:00,41.4796125,2.1891262,28.0,66,25,1011,21.3,37.9,-,0,-,-,-,-,-,-,-,-,-,-,-,-,-,-,-,-
2023-09-15T12:31:19+02:00,41.4796125,2.1891284,28.0,67,26,1011,21.3,38.0,-,0,-,-,-,-,-,-,-,-,-,-,-,-,-,-,-,-
2023-09-15T12:31:24+02:00,41.4796084,2.1891334,28.0,66,25,1011,21.3,37.9,-,0,-,-,-,-,-,-,-,-,-,-,-,-,-,-,-,-
2023-09-15T12:31:29+02:00,41.4796105,2.1891289,28.0,66,25,1011,21.3,37.8,-,0,-,-,-,-,-,-,-,-,-,-,-,-,-,-,-,-
2023-09-15T12:31:33+02:00,41.4796116,2.1891268,28.0,67,25,1012,21.3,37.9,-,0,-,-,-,-,-,-,-,-,-,-,-,-,-,-,-,-
2023-09-15T12:31:37+02:00,41.4796119,2.1891264,28.0,67,25,1011,21.3,37.9,-,0,-,-,-,-,-,-,-,-,-,-,-,-,-,-,-,-
2023-09-15T12:31:42+02:00,41.4796119,2.1891265,28.0,68,25,1011,21.6,38.2,-,0,-,-,-,-,-,-,-,-,-,-,-,-,-,-,-,-
2023-09-15T12:31:47+02:00,41.4796118,2.1891266,28.1,67,26,1011,21.5,38.2,-,0,-,-,-,-,-,-,-,-,-,-,-,-,-,-,-,-
2023-09-15T12:32:02+02:00,41.4793325,2.1891285,28.0,67,25,1011,21.4,38.0,-,16,0.1,-,-,-,-,-,-,-,-,-,-,-,-,-,-,-
2023-09-15T12:32:06+02:00,41.4796206,2.1891309,28.0,66,25,1011,21.2,37.8,-,18,0.2,-,-,-,-,-,-,-,-,-,-,-,-,-,-,-
2023-09-15T12:32:12+02:00,41.4796081,2.1891235,28.0,66,26,1011,21.2,37.8,-,0,-,-,-,-,-,-,-,-,-,-,-,-,-,-,-,-
2023-09-15T12:32:15+02:00,41.4795249,2.1890879,28.0,66,25,1011,21.2,37.9,-,10,-,-,-,-,-,-,-,-,-,-,-,-,-,-,-,-
2023-09-15T12:32:21+02:00,41.4794669,2.1890957,28.0,67,25,1011,21.4,38.0,-,3,-,-,-,-,-,-,-,-,-,-,-,-,-,-,-,-
2023-09-15T12:32:24+02:00,41.4794754,2.1890985,28.0,68,26,1011,21.7,38.3,-,0,-,-,-,-,-,-,-,-,-,-,-,-,-,-,-,-
2023-09-15T12:32:27+02:00,41.4795928,2.1891198,28.1,68,25,1011,21.7,38.4,-,7,-,-,-,-,-,-,-,-,-,-,-,-,-,-,-,-
2023-09-15T12:32:30+02:00,41.4795976,2.1891099,28.0,68,25,1011,21.8,38.4,-,2,-,-,-,-,-,-,-,-,-,-,-,-,-,-,-,-
2023-09-15T12:32:36+02:00,41.4795952,2.1891086,28.1,68,25,1011,21.8,38.4,-,0,-,-,-,-,-,-,-,-,-,-,-,-,-,-,-,-
2023-09-15T12:32:42+02:00,41.4796054,2.1891173,28.1,68,25,1011,21.6,38.3,-,0,-,-,-,-,-,-,-,-,-,-,-,-,-,-,-,-
2023-09-15T12:32:48+02:00,41.4795966,2.1891193,28.0,67,25,1012,21.4,38.0,-,0,-,-,-,-,-,-,-,-,-,-,-,-,-,-,-,-
2023-09-15T12:32:54+02:00,41.479608,2.1891151,28.0,66,26,1011,21.1,37.7,-,0,-,-,-,-,-,-,-,-,-,-,-,-,-,-,-,-
2023-09-15T12:32:57+02:00,41.4796089,2.1891154,28.0,65,26,1011,21.0,37.6,-,0,-,-,-,-,-,-,-,-,-,-,-,-,-,-,-,-
2023-09-15T12:33:00+02:00,41.4796219,2.1891093,28.0,65,26,1011,21.0,37.6,-,1,-,-,-,-,-,-,-,-,-,-,-,-,-,-,-,-
2023-09-15T12:33:03+02:00,41.4796205,2.1891089,28.0,65,25,1011,20.9,37.5,-,0,-,-,-,-,-,-,-,-,-,-,-,-,-,-,-,-
2023-09-15T12:33:06+02:00,41.4796691,2.1890706,27.9,65,25,1011,20.9,37.4,-,1,-,-,-,-,-,-,-,-,-,-,-,-,-,-,-,-
2023-09-15T12:33:09+02:00,41.4796776,2.1890743,27.9,65,26,1011,20.8,37.4,-,3,-,-,-,-,-,-,-,-,-,-,-,-,-,-,-,-
2023-09-15T12:33:15+02:00,41.4796999,2.1890278,27.9,65,26,1011,20.9,37.4,-,1,-,-,-,-,-,-,-,-,-,-,-,-,-,-,-,-
2023-09-15T12:33:18+02:00,41.4797065,2.1890289,27.9,65,25,1011,20.9,37.4,-,4,-,-,-,-,-,-,-,-,-,-,-,-,-,-,-,-
2023-09-15T12:33:24+02:00,41.4797351,2.1889978,27.9,65,25,1011,20.8,37.3,-,3,-,-,-,-,-,-,-,-,-,-,-,-,-,-,-,-
2023-09-15T12:33:27+02:00,41.4797214,2.1890043,27.9,65,26,1011,20.8,37.3,-,0,-,-,-,-,-,-,-,-,-,-,-,-,-,-,-,-
2023-09-15T12:33:33+02:00,41.4797429,2.1890177,27.9,65,25,1011,20.8,37.3,-,0,-,-,-,-,-,-,-,-,-,-,-,-,-,-,-,-
2023-09-15T12:33:36+02:00,41.479778,2.1890158,27.8,65,25,1011,20.8,37.3,-,3,-,-,-,-,-,-,-,-,-,-,-,-,-,-,-,-
2023-09-15T12:33:42+02:00,41.4797998,2.1890912,27.8,65,25,1011,20.8,37.1,-,4,-,-,-,-,-,-,-,-,-,-,-,-,-,-,-,-
2023-09-15T12:33:49+02:00,41.4798216,2.1891427,27.8,65,26,1011,20.8,37.2,-,2,-,-,-,-,-,-,-,-,-,-,-,-,-,-,-,-
2023-09-15T12:33:53+02:00,41.4798236,2.1891487,27.7,65,25,1011,20.7,37.1,-,0,-,-,-,-,-,-,-,-,-,-,-,-,-,-,-,-
2023-09-15T12:33:56+02:00,41.479869,2.1892079,27.7,65,25,1011,20.7,37.0,-,5,-,-,-,-,-,-,-,-,-,-,-,-,-,-,-,-
2023-09-15T12:33:59+02:00,41.4798701,2.1892093,27.7,65,26,1011,20.7,37.1,-,1,-,-,-,-,-,-,-,-,-,-,-,-,-,-,-,-
2023-09-15T12:34:02+02:00,41.479905,2.1892532,27.7,65,26,1011,20.8,37.1,-,3,-,-,-,-,-,-,-,-,-,-,-,-,-,-,-,-
2023-09-15T12:34:05+02:00,41.4799121,2.1892666,27.7,65,25,1011,20.8,37.1,-,2,-,-,-,-,-,-,-,-,-,-,-,-,-,-,-,-
2023-09-15T12:34:11+02:00,41.479921,2.1892763,27.8,65,26,1011,20.7,37.1,-,1,-,-,-,-,-,-,-,-,-,-,-,-,-,-,-,-
2023-09-15T12:34:17+02:00,41.4799379,2.18929,27.7,65,26,1011,20.8,37.1,-,1,-,-,-,-,-,-,-,-,-,-,-,-,-,-,-,-
2023-09-15T12:34:20+02:00,41.4799613,2.1892894,27.7,66,25,1011,20.8,37.1,-,1,-,-,-,-,-,-,-,-,-,-,-,-,-,-,-,-
2023-09-15T12:34:23+02:00,41.4799779,2.189295,27.7,66,26,1011,20.8,37.1,-,2,-,-,-,-,-,-,-,-,-,-,-,-,-,-,-,-
2023-09-15T12:34:29+02:00,41.4800434,2.189384,27.5,67,26,1011,20.9,36.9,-,2,-,-,-,-,-,-,-,-,-,-,-,-,-,-,-,-
2023-09-15T12:34:32+02:00,41.4800567,2.1894284,27.5,67,26,1011,20.9,37.0,-,1,-,-,-,-,-,-,-,-,-,-,-,-,-,-,-,-
2023-09-15T12:34:38+02:00,41.4800469,2.1894709,27.5,67,25,1011,20.9,36.9,-,1,-,-,-,-,-,-,-,-,-,-,-,-,-,-,-,-
2023-09-15T12:34:41+02:00,41.4800376,2.189476,27.5,67,26,1011,20.9,37.0,-,1,-,-,-,-,-,-,-,-,-,-,-,-,-,-,-,-
2023-09-15T12:34:44+02:00,41.4800293,2.1894752,27.4,67,25,1011,20.9,36.8,-,1,-,-,-,-,-,-,-,-,-,-,-,-,-,-,-,-
2023-09-15T12:34:47+02:00,41.4800201,2.1894781,27.4,67,25,1011,20.9,36.9,-,1,-,-,-,-,-,-,-,-,-,-,-,-,-,-,-,-
2023-09-15T12:34:50+02:00,41.4800144,2.1894838,27.5,67,25,1011,21.1,37.1,-,1,-,-,-,-,-,-,-,-,-,-,-,-,-,-,-,-
2023-09-15T12:34:53+02:00,41.4800129,2.1894844,27.5,69,26,1011,21.4,37.4,-,0,-,-,-,-,-,-,-,-,-,-,-,-,-,-,-,-
2023-09-15T12:34:59+02:00,41.4799989,2.1894832,27.5,72,26,1011,22.2,38.2,-,0,-,-,-,-,-,-,-,-,-,-,-,-,-,-,-,-
2023-09-15T12:35:02+02:00,41.4799996,2.1894841,27.5,71,25,1011,21.8,37.9,-,0,-,-,-,-,-,-,-,-,-,-,-,-,-,-,-,-
2023-09-15T12:35:08+02:00,41.480003,2.1894854,27.5,68,25,1012,21.2,37.2,-,0,-,-,-,-,-,-,-,-,-,-,-,-,-,-,-,-
2023-09-15T12:35:11+02:00,41.4800045,2.1894856,27.5,68,26,1011,21.1,37.2,-,0,-,-,-,-,-,-,-,-,-,-,-,-,-,-,-,-
2023-09-15T12:35:17+02:00,41.4800051,2.1894858,27.6,67,26,1011,21.1,37.2,-,0,-,-,-,-,-,-,-,-,-,-,-,-,-,-,-,-
2023-09-15T12:35:23+02:00,41.480005,2.1894858,27.6,67,25,1011,21.1,37.2,-,0,-,-,-,-,-,-,-,-,-,-,-,-,-,-,-,-
2023-09-15T12:35:29+02:00,41.4800048,2.189486,27.6,68,26,1011,21.2,37.3,-,0,-,-,-,-,-,-,-,-,-,-,-,-,-,-,-,-
2023-09-15T12:35:32+02:00,41.4800674,2.1894244,27.6,67,25,1011,21.2,37.3,-,9,-,-,-,-,-,-,-,-,-,-,-,-,-,-,-,-
2023-09-15T12:35:38+02:00,41.480088,2.1894041,27.6,67,26,1011,21.1,37.2,-,1,-,-,-,-,-,-,-,-,-,-,-,-,-,-,-,-
2023-09-15T12:35:41+02:00,41.4800125,2.1894784,27.6,67,25,1011,21.1,37.2,-,10,-,-,-,-,-,-,-,-,-,-,-,-,-,-,-,-
2023-09-15T12:35:44+02:00,41.4800007,2.1894901,27.6,67,25,1011,21.1,37.3,-,3,-,-,-,-,-,-,-,-,-,-,-,-,-,-,-,-
2023-09-15T12:35:50+02:00,41.4800122,2.1894823,27.6,67,25,1011,21.0,37.1,-,0,-,-,-,-,-,-,-,-,-,-,-,-,-,-,-,-
2023-09-15T12:35:56+02:00,41.4800246,2.1894988,27.6,67,26,1011,20.9,37.1,-,0,-,-,-,-,-,-,-,-,-,-,-,-,-,-,-,-
2023-09-15T12:36:02+02:00,41.4800299,2.1895036,27.6,67,26,1011,20.9,37.1,-,0,-,-,-,-,-,-,-,-,-,-,-,-,-,-,-,-
2023-09-15T12:36:08+02:00,41.4801275,2.1894138,27.6,66,25,1011,20.9,37.0,-,12,-,-,-,-,-,-,-,-,-,-,-,-,-,-,-,-
2023-09-15T12:36:14+02:00,41.4801396,2.1894328,27.6,66,26,1011,20.9,37.0,-,0,-,-,-,-,-,-,-,-,-,-,-,-,-,-,-,-
2023-09-15T12:36:17+02:00,41.4801082,2.1894269,27.6,66,26,1011,20.8,36.9,-,2,-,-,-,-,-,-,-,-,-,-,-,-,-,-,-,-
2023-09-15T12:36:20+02:00,41.4801048,2.1894265,27.6,66,26,1011,20.9,37.0,-,1,-,-,-,-,-,-,-,-,-,-,-,-,-,-,-,-
2023-09-15T12:36:26+02:00,41.4800892,2.189463,27.6,66,26,1011,20.8,37.0,-,2,-,-,-,-,-,-,-,-,-,-,-,-,-,-,-,-
2023-09-15T12:36:32+02:00,41.4801043,2.1894548,27.6,66,26,1011,20.8,36.9,-,1,-,-,-,-,-,-,-,-,-,-,-,-,-,-,-,-
2023-09-15T12:36:38+02:00,41.4801118,2.189474,27.6,66,26,1011,20.8,36.9,-,0,-,-,-,-,-,-,-,-,-,-,-,-,-,-,-,-
2023-09-15T12:36:41+02:00,41.4801114,2.1894083,27.6,66,26,1011,20.8,37.0,-,4,-,-,-,-,-,-,-,-,-,-,-,-,-,-,-,-
2023-09-15T12:36:44+02:00,41.4801113,2.1894022,27.6,66,26,1011,20.8,37.0,-,1,-,-,-,-,-,-,-,-,-,-,-,-,-,-,-,-
2023-09-15T12:36:47+02:00,41.4801192,2.1894213,27.6,66,26,1011,20.8,36.9,-,0,-,-,-,-,-,-,-,-,-,-,-,-,-,-,-,-
2023-09-15T12:36:53+02:00,41.4801135,2.1894184,27.6,66,26,1011,20.9,37.0,-,0,-,-,-,-,-,-,-,-,-,-,-,-,-,-,-,-
2023-09-15T12:36:59+02:00,41.4801144,2.1893723,27.6,66,26,1011,20.9,37.1,-,0,-,-,-,-,-,-,-,-,-,-,-,-,-,-,-,-
2023-09-15T12:37:02+02:00,41.4801151,2.1893979,27.6,66,25,1011,20.9,37.0,-,1,-,-,-,-,-,-,-,-,-,-,-,-,-,-,-,-
2023-09-15T12:37:05+02:00,41.4801152,2.1894001,27.6,66,26,1011,20.8,37.0,-,0,-,-,-,-,-,-,-,-,-,-,-,-,-,-,-,-
2023-09-15T12:37:11+02:00,41.4801144,2.1894021,27.6,66,26,1011,20.8,37.0,-,0,-,-,-,-,-,-,-,-,-,-,-,-,-,-,-,-
2023-09-15T12:37:14+02:00,41.4801135,2.1894009,27.6,66,26,1011,20.8,37.0,-,0,-,-,-,-,-,-,-,-,-,-,-,-,-,-,-,-
2023-09-15T12:37:20+02:00,41.4801188,2.1894212,27.6,66,26,1011,20.8,37.0,-,0,-,-,-,-,-,-,-,-,-,-,-,-,-,-,-,-
2023-09-15T12:37:26+02:00,41.4801203,2.189455,27.6,66,26,1011,20.8,36.9,-,0,-,-,-,-,-,-,-,-,-,-,-,-,-,-,-,-
2023-09-15T12:37:29+02:00,41.4801245,2.1894486,27.6,66,26,1011,20.8,37.0,-,0,-,-,-,-,-,-,-,-,-,-,-,-,-,-,-,-
2023-09-15T12:37:35+02:00,41.4801272,2.1894448,27.6,66,26,1011,20.8,36.9,-,0,-,-,-,-,-,-,-,-,-,-,-,-,-,-,-,-
2023-09-15T12:37:38+02:00,41.4801337,2.1894711,27.6,66,26,1011,20.7,36.9,-,1,-,-,-,-,-,-,-,-,-,-,-,-,-,-,-,-
2023-09-15T12:37:41+02:00,41.4800973,2.18943,27.6,66,26,1011,20.7,36.9,-,4,-,-,-,-,-,-,-,-,-,-,-,-,-,-,-,-
2023-09-15T12:37:44+02:00,41.4800965,2.1894204,27.6,66,26,1011,20.7,36.8,-,1,-,-,-,-,-,-,-,-,-,-,-,-,-,-,-,-
2023-09-15T12:37:47+02:00,41.4801342,2.1894201,27.6,66,26,1011,20.7,36.8,-,2,-,-,-,-,-,-,-,-,-,-,-,-,-,-,-,-
2023-09-15T12:37:50+02:00,41.4801351,2.1894209,27.5,66,26,1011,20.6,36.7,-,0,-,-,-,-,-,-,-,-,-,-,-,-,-,-,-,-
2023-09-15T12:37:56+02:00,41.4801112,2.1894481,27.6,66,26,1011,20.6,36.8,-,2,-,-,-,-,-,-,-,-,-,-,-,-,-,-,-,-
2023-09-15T12:37:59+02:00,41.4801135,2.1894465,27.6,66,26,1011,20.7,36.8,-,0,-,-,-,-,-,-,-,-,-,-,-,-,-,-,-,-
2023-09-15T12:38:02+02:00,41.4800834,2.1893208,27.5,66,26,1011,20.6,36.7,-,8,-,-,-,-,-,-,-,-,-,-,-,-,-,-,-,-
2023-09-15T12:38:08+02:00,41.4800481,2.1893462,27.6,66,25,1011,20.7,36.8,-,2,-,-,-,-,-,-,-,-,-,-,-,-,-,-,-,-
2023-09-15T12:38:14+02:00,41.4800448,2.1893458,27.5,66,26,1011,20.6,36.7,-,0,-,-,-,-,-,-,-,-,-,-,-,-,-,-,-,-
2023-09-15T12:38:17+02:00,41.4800736,2.1894031,27.5,66,25,1011,20.6,36.7,-,4,-,-,-,-,-,-,-,-,-,-,-,-,-,-,-,-
2023-09-15T12:38:23+02:00,41.4800415,2.1894904,27.5,66,26,1011,20.6,36.7,-,8,-,-,-,-,-,-,-,-,-,-,-,-,-,-,-,-
2023-09-15T12:38:29+02:00,41.4800337,2.1895029,27.6,66,26,1011,20.7,36.9,-,0,-,-,-,-,-,-,-,-,-,-,-,-,-,-,-,-
2023-09-15T12:38:32+02:00,41.4800349,2.1895003,27.5,66,26,1011,20.6,36.7,-,0,-,-,-,-,-,-,-,-,-,-,-,-,-,-,-,-
2023-09-15T12:38:38+02:00,41.4800354,2.1894993,27.5,66,26,1011,20.7,36.7,-,0,-,-,-,-,-,-,-,-,-,-,-,-,-,-,-,-
2023-09-15T12:38:44+02:00,41.4800355,2.1894992,27.6,66,25,1011,20.7,36.9,-,0,-,-,-,-,-,-,-,-,-,-,-,-,-,-,-,-
2023-09-15T12:38:50+02:00,41.4800356,2.1894987,27.5,66,26,1011,20.8,36.9,-,0,-,-,-,-,-,-,-,-,-,-,-,-,-,-,-,-
2023-09-15T12:38:56+02:00,41.4800357,2.1894988,27.6,66,26,1011,20.8,36.9,-,0,-,-,-,-,-,-,-,-,-,-,-,-,-,-,-,-
2023-09-15T12:39:02+02:00,41.4800358,2.1894988,27.5,66,26,1011,20.7,36.7,-,0,-,-,-,-,-,-,-,-,-,-,-,-,-,-,-,-
2023-09-15T12:39:05+02:00,41.4800358,2.1894986,27.5,66,26,1011,20.7,36.8,-,0,-,-,-,-,-,-,-,-,-,-,-,-,-,-,-,-
2023-09-15T12:39:08+02:00,41.4800358,2.1894985,27.5,66,26,1011,20.7,36.8,-,0,-,-,-,-,-,-,-,-,-,-,-,-,-,-,-,-
2023-09-15T12:39:11+02:00,41.4800359,2.1894983,27.6,66,26,1011,20.7,36.8,-,0,-,-,-,-,-,-,-,-,-,-,-,-,-,-,-,-
2023-09-15T12:39:17+02:00,41.4800359,2.1894982,27.5,66,26,1011,20.6,36.7,-,0,-,-,-,-,-,-,-,-,-,-,-,-,-,-,-,-
2023-09-15T12:39:20+02:00,41.4800359,2.1894982,27.5,66,26,1011,20.7,36.8,-,0,-,-,-,-,-,-,-,-,-,-,-,-,-,-,-,-
2023-09-15T12:39:23+02:00,41.4800359,2.1894981,27.5,66,26,1011,20.7,36.8,-,0,-,-,-,-,-,-,-,-,-,-,-,-,-,-,-,-
2023-09-15T12:39:29+02:00,41.480036,2.1894979,27.5,66,26,1011,20.7,36.7,-,0,-,-,-,-,-,-,-,-,-,-,-,-,-,-,-,-
2023-09-15T12:39:32+02:00,41.480036,2.1894978,27.5,66,27,1011,20.7,36.7,-,0,-,-,-,-,-,-,-,-,-,-,-,-,-,-,-,-
2023-09-15T12:39:38+02:00,41.4800361,2.1894974,27.5,66,25,1011,20.7,36.8,-,0,-,-,-,-,-,-,-,-,-,-,-,-,-,-,-,-
2023-09-15T12:39:41+02:00,41.4800361,2.1894974,27.5,66,26,1011,20.8,36.9,-,0,-,-,-,-,-,-,-,-,-,-,-,-,-,-,-,-
2023-09-15T12:39:44+02:00,41.4800222,2.1895197,27.5,67,25,1011,20.9,37.0,-,3,-,-,-,-,-,-,-,-,-,-,-,-,-,-,-,-
2023-09-15T12:39:47+02:00,41.4799827,2.1895234,27.5,67,25,1011,20.9,37.0,-,2,-,-,-,-,-,-,-,-,-,-,-,-,-,-,-,-
2023-09-15T12:39:50+02:00,41.4799683,2.1895213,27.5,67,26,1011,20.9,36.9,-,0,-,-,-,-,-,-,-,-,-,-,-,-,-,-,-,-
2023-09-15T12:39:56+02:00,41.4799372,2.1895689,27.4,67,26,1011,20.9,36.8,-,4,-,-,-,-,-,-,-,-,-,-,-,-,-,-,-,-
2023-09-15T12:40:02+02:00,41.4799417,2.1896283,27.2,67,25,1011,20.8,36.5,-,2,-,-,-,-,-,-,-,-,-,-,-,-,-,-,-,-
2023-09-15T12:40:08+02:00,41.4799471,2.1896353,27.2,67,26,1011,20.7,36.4,-,0,-,-,-,-,-,-,-,-,-,-,-,-,-,-,-,-
2023-09-15T12:40:14+02:00,41.4799341,2.1896261,27.2,67,27,1011,20.7,36.4,-,0,-,-,-,-,-,-,-,-,-,-,-,-,-,-,-,-
2023-09-15T12:40:17+02:00,41.4799293,2.1896257,27.3,67,26,1011,20.7,36.5,-,0,-,-,-,-,-,-,-,-,-,-,-,-,-,-,-,-
2023-09-15T12:40:23+02:00,41.4799219,2.1896439,27.2,67,26,1011,20.6,36.4,-,0,-,-,-,-,-,-,-,-,-,-,-,-,-,-,-,-
2023-09-15T12:40:26+02:00,41.4799223,2.189641,27.2,67,26,1011,20.6,36.4,-,0,-,-,-,-,-,-,-,-,-,-,-,-,-,-,-,-
2023-09-15T12:40:29+02:00,41.4799244,2.1896423,27.2,67,26,1011,20.7,36.5,-,0,-,-,-,-,-,-,-,-,-,-,-,-,-,-,-,-
2023-09-15T12:40:35+02:00,41.4799248,2.1896424,27.2,68,26,1011,20.9,36.6,-,0,-,-,-,-,-,-,-,-,-,-,-,-,-,-,-,-
2023-09-15T12:40:38+02:00,41.4799252,2.1896403,27.2,68,26,1011,20.9,36.6,-,0,-,-,-,-,-,-,-,-,-,-,-,-,-,-,-,-
2023-09-15T12:40:41+02:00,41.479928,2.1896403,27.3,68,26,1011,20.9,36.7,-,0,-,-,-,-,-,-,-,-,-,-,-,-,-,-,-,-
2023-09-15T12:40:47+02:00,41.479935,2.1896383,27.3,67,26,1011,20.8,36.6,-,0,-,-,-,-,-,-,-,-,-,-,-,-,-,-,-,-
2023-09-15T12:40:50+02:00,41.4799343,2.1896336,27.3,67,26,1011,20.8,36.6,-,0,-,-,-,-,-,-,-,-,-,-,-,-,-,-,-,-
2023-09-15T12:40:56+02:00,41.4799328,2.1896246,27.2,67,26,1011,20.7,36.5,-,0,-,-,-,-,-,-,-,-,-,-,-,-,-,-,-,-
2023-09-15T12:40:59+02:00,41.4799322,2.1896344,27.3,67,26,1011,20.7,36.6,-,0,-,-,-,-,-,-,-,-,-,-,-,-,-,-,-,-
2023-09-15T12:41:05+02:00,41.4799312,2.1896394,27.3,67,26,1011,20.8,36.6,-,0,-,-,-,-,-,-,-,-,-,-,-,-,-,-,-,-
2023-09-15T12:41:08+02:00,41.4799338,2.1896374,27.2,68,26,1011,20.9,36.6,-,0,-,-,-,-,-,-,-,-,-,-,-,-,-,-,-,-
2023-09-15T12:41:11+02:00,41.4799337,2.1896329,27.3,68,26,1011,20.9,36.6,-,0,-,-,-,-,-,-,-,-,-,-,-,-,-,-,-,-
2023-09-15T12:41:14+02:00,41.4799345,2.1896352,27.3,67,26,1011,20.9,36.7,-,0,-,-,-,-,-,-,-,-,-,-,-,-,-,-,-,-
2023-09-15T12:41:20+02:00,41.4799239,2.1896248,27.3,68,26,1011,20.9,36.7,-,2,-,-,-,-,-,-,-,-,-,-,-,-,-,-,-,-
2023-09-15T12:41:26+02:00,41.4799302,2.1896012,27.3,67,26,1011,20.8,36.7,-,2,-,-,-,-,-,-,-,-,-,-,-,-,-,-,-,-
2023-09-15T12:41:32+02:00,41.4799385,2.1895491,27.3,67,26,1011,20.8,36.5,-,1,-,-,-,-,-,-,-,-,-,-,-,-,-,-,-,-
2023-09-15T12:41:38+02:00,41.4799644,2.1895062,27.2,67,26,1011,20.8,36.5,-,1,-,-,-,-,-,-,-,-,-,-,-,-,-,-,-,-
2023-09-15T12:41:41+02:00,41.4799793,2.1895082,27.3,68,27,1011,20.9,36.6,-,1,-,-,-,-,-,-,-,-,-,-,-,-,-,-,-,-
2023-09-15T12:41:44+02:00,41.4800025,2.1895092,27.3,67,26,1011,20.9,36.6,-,2,-,-,-,-,-,-,-,-,-,-,-,-,-,-,-,-
2023-09-15T12:41:47+02:00,41.4800219,2.1895036,27.2,67,25,1011,20.8,36.5,-,2,-,-,-,-,-,-,-,-,-,-,-,-,-,-,-,-
2023-09-15T12:41:50+02:00,41.4800411,2.1894951,27.2,67,26,1011,20.8,36.4,-,3,-,-,-,-,-,-,-,-,-,-,-,-,-,-,-,-
2023-09-15T12:41:56+02:00,41.4800856,2.189485,27.2,68,26,1011,20.9,36.6,-,2,-,-,-,-,-,-,-,-,-,-,-,-,-,-,-,-
2023-09-15T12:42:02+02:00,41.4801213,2.1894769,27.2,68,26,1011,20.9,36.5,-,1,-,-,-,-,-,-,-,-,-,-,-,-,-,-,-,-
2023-09-15T12:42:08+02:00,41.4801556,2.1894534,27.1,68,26,1011,20.8,36.4,-,2,-,-,-,-,-,-,-,-,-,-,-,-,-,-,-,-
2023-09-15T12:42:11+02:00,41.4801859,2.189433,27.0,68,26,1011,20.8,36.2,-,4,-,-,-,-,-,-,-,-,-,-,-,-,-,-,-,-
2023-09-15T12:42:14+02:00,41.4802268,2.1894095,26.9,68,26,1011,20.7,36.2,-,4,-,-,-,-,-,-,-,-,-,-,-,-,-,-,-,-
2023-09-15T12:42:20+02:00,41.4802911,2.1893712,26.8,69,27,1011,20.7,36.0,-,3,-,-,-,-,-,-,-,-,-,-,-,-,-,-,-,-
2023-09-15T12:42:23+02:00,41.4803163,2.1893434,26.9,69,27,1011,20.8,36.1,-,3,-,-,-,-,-,-,-,-,-,-,-,-,-,-,-,-
2023-09-15T12:42:26+02:00,41.480315,2.1893102,26.8,69,26,1011,20.8,36.0,-,1,-,-,-,-,-,-,-,-,-,-,-,-,-,-,-,-
2023-09-15T12:42:32+02:00,41.4803494,2.1892894,26.7,69,26,1011,20.7,35.9,-,3,-,-,-,-,-,-,-,-,-,-,-,-,-,-,-,-
2023-09-15T12:42:38+02:00,41.4804017,2.1892729,26.7,69,27,1011,20.6,35.7,-,4,-,-,-,-,-,-,-,-,-,-,-,-,-,-,-,-
2023-09-15T12:42:44+02:00,41.4804562,2.1892127,26.7,69,26,1011,20.6,35.7,-,3,-,-,-,-,-,-,-,-,-,-,-,-,-,-,-,-
2023-09-15T12:42:50+02:00,41.4805266,2.1891586,26.7,69,26,1011,20.6,35.7,-,5,-,-,-,-,-,-,-,-,-,-,-,-,-,-,-,-
2023-09-15T12:42:53+02:00,41.4805622,2.1891109,26.7,69,27,1011,20.6,35.7,-,5,-,-,-,-,-,-,-,-,-,-,-,-,-,-,-,-
2023-09-15T12:42:56+02:00,41.4805905,2.1890672,26.7,69,27,1011,20.6,35.8,-,4,-,-,-,-,-,-,-,-,-,-,-,-,-,-,-,-
2023-09-15T12:43:02+02:00,41.4806215,2.1889873,26.7,69,27,1011,20.6,35.7,-,4,-,-,-,-,-,-,-,-,-,-,-,-,-,-,-,-
2023-09-15T12:43:05+02:00,41.4806267,2.1889557,26.7,68,26,1011,20.6,35.8,-,3,-,-,-,-,-,-,-,-,-,-,-,-,-,-,-,-
2023-09-15T12:43:11+02:00,41.4806966,2.1889117,26.7,68,26,1011,20.4,35.6,-,5,-,-,-,-,-,-,-,-,-,-,-,-,-,-,-,-
2023-09-15T12:43:17+02:00,41.4807598,2.1888577,26.6,69,27,1011,20.5,35.6,-,5,-,-,-,-,-,-,-,-,-,-,-,-,-,-,-,-
2023-09-15T12:43:20+02:00,41.4807815,2.1888292,26.5,69,27,1011,20.4,35.4,-,4,-,-,-,-,-,-,-,-,-,-,-,-,-,-,-,-
2023-09-15T12:43:23+02:00,41.4808071,2.1888325,26.6,69,27,1011,20.5,35.5,-,3,-,-,-,-,-,-,-,-,-,-,-,-,-,-,-,-
2023-09-15T12:43:29+02:00,41.4808432,2.188826,26.5,69,27,1011,20.5,35.4,-,1,-,-,-,-,-,-,-,-,-,-,-,-,-,-,-,-
2023-09-15T12:43:32+02:00,41.4808559,2.1888203,26.5,69,27,1011,20.5,35.4,-,1,-,-,-,-,-,-,-,-,-,-,-,-,-,-,-,-
2023-09-15T12:43:35+02:00,41.4808713,2.1888063,26.5,69,27,1011,20.5,35.4,-,3,-,-,-,-,-,-,-,-,-,-,-,-,-,-,-,-
2023-09-15T12:43:41+02:00,41.4809137,2.188761,26.6,69,27,1011,20.5,35.5,-,3,-,-,-,-,-,-,-,-,-,-,-,-,-,-,-,-
2023-09-15T12:43:44+02:00,41.4809254,2.1887368,26.6,69,28,1011,20.5,35.5,-,2,-,-,-,-,-,-,-,-,-,-,-,-,-,-,-,-
2023-09-15T12:43:50+02:00,41.48097,2.1886799,26.6,69,28,1011,20.5,35.5,-,4,-,-,-,-,-,-,-,-,-,-,-,-,-,-,-,-
2023-09-15T12:43:53+02:00,41.4810169,2.1886457,26.6,69,28,1011,20.5,35.6,-,2,-,-,-,-,-,-,-,-,-,-,-,-,-,-,-,-
2023-09-15T12:43:56+02:00,41.481059,2.188634,26.6,69,28,1011,20.5,35.5,-,3,-,-,-,-,-,-,-,-,-,-,-,-,-,-,-,-
2023-09-15T12:43:59+02:00,41.481124,2.1886147,26.6,68,27,1011,20.5,35.6,-,5,-,-,-,-,-,-,-,-,-,-,-,-,-,-,-,-
2023-09-15T12:44:02+02:00,41.4811748,2.1886014,26.7,68,28,1011,20.5,35.6,-,4,-,-,-,-,-,-,-,-,-,-,-,-,-,-,-,-
2023-09-15T12:44:05+02:00,41.4812074,2.1885934,26.7,69,27,1011,20.5,35.7,-,3,-,-,-,-,-,-,-,-,-,-,-,-,-,-,-,-
2023-09-15T12:44:08+02:00,41.4812355,2.1885778,26.7,68,28,1011,20.5,35.7,-,3,-,-,-,-,-,-,-,-,-,-,-,-,-,-,-,-
2023-09-15T12:44:11+02:00,41.4812552,2.188541,26.7,68,28,1011,20.5,35.7,-,2,-,-,-,-,-,-,-,-,-,-,-,-,-,-,-,-
2023-09-15T12:44:17+02:00,41.4812829,2.1884716,26.7,69,28,1011,20.5,35.7,-,3,-,-,-,-,-,-,-,-,-,-,-,-,-,-,-,-
2023-09-15T12:44:20+02:00,41.4812981,2.1884489,26.7,69,27,1011,20.6,35.7,-,3,-,-,-,-,-,-,-,-,-,-,-,-,-,-,-,-
2023-09-15T12:44:23+02:00,41.4813216,2.1884315,26.6,69,28,1011,20.5,35.6,-,3,-,-,-,-,-,-,-,-,-,-,-,-,-,-,-,-
2023-09-15T12:44:29+02:00,41.4813653,2.1884095,26.7,69,28,1011,20.6,35.7,-,3,-,-,-,-,-,-,-,-,-,-,-,-,-,-,-,-
2023-09-15T12:44:32+02:00,41.48139,2.188415,26.7,69,28,1011,20.6,35.7,-,4,-,-,-,-,-,-,-,-,-,-,-,-,-,-,-,-
2023-09-15T12:44:38+02:00,41.4814286,2.1884441,26.7,69,28,1011,20.5,35.6,-,4,-,-,-,-,-,-,-,-,-,-,-,-,-,-,-,-
2023-09-15T12:44:41+02:00,41.4814514,2.1884671,26.7,69,28,1011,20.6,35.7,-,4,-,-,-,-,-,-,-,-,-,-,-,-,-,-,-,-
2023-09-15T12:44:47+02:00,41.4814981,2.188482,26.7,69,29,1011,20.5,35.6,-,2,-,-,-,-,-,-,-,-,-,-,-,-,-,-,-,-
2023-09-15T12:44:53+02:00,41.4815486,2.1885299,26.8,69,29,1011,20.6,35.8,-,4,-,-,-,-,-,-,-,-,-,-,-,-,-,-,-,-
2023-09-15T12:44:56+02:00,41.4815778,2.1885561,26.7,69,28,1011,20.6,35.7,-,3,-,-,-,-,-,-,-,-,-,-,-,-,-,-,-,-
2023-09-15T12:44:59+02:00,41.4815922,2.1885736,26.7,69,29,1011,20.5,35.6,-,2,-,-,-,-,-,-,-,-,-,-,-,-,-,-,-,-
2023-09-15T12:45:02+02:00,41.4816106,2.1885733,26.7,68,29,1011,20.5,35.6,-,2,-,-,-,-,-,-,-,-,-,-,-,-,-,-,-,-
2023-09-15T12:45:08+02:00,41.4816577,2.1885558,26.7,68,29,1011,20.5,35.7,-,1,-,-,-,-,-,-,-,-,-,-,-,-,-,-,-,-
2023-09-15T12:45:11+02:00,41.481695,2.1885432,26.7,68,28,1011,20.5,35.6,-,2,-,-,-,-,-,-,-,-,-,-,-,-,-,-,-,-
2023-09-15T12:45:14+02:00,41.4817025,2.1885023,26.7,69,28,1011,20.5,35.6,-,2,-,-,-,-,-,-,-,-,-,-,-,-,-,-,-,-
2023-09-15T12:45:17+02:00,41.4816954,2.1884705,26.6,68,29,1011,20.5,35.6,-,2,-,-,-,-,-,-,-,-,-,-,-,-,-,-,-,-
2023-09-15T12:45:23+02:00,41.4816916,2.1884517,26.6,68,29,1011,20.4,35.4,-,1,-,-,-,-,-,-,-,-,-,-,-,-,-,-,-,-
2023-09-15T12:45:26+02:00,41.4816989,2.18846,26.7,68,28,1011,20.4,35.5,-,0,-,-,-,-,-,-,-,-,-,-,-,-,-,-,-,-
2023-09-15T12:45:32+02:00,41.4817184,2.1884689,26.6,68,30,1011,20.4,35.5,-,0,-,-,-,-,-,-,-,-,-,-,-,-,-,-,-,-
2023-09-15T12:45:35+02:00,41.481727,2.1884696,26.7,68,29,1011,20.4,35.6,-,1,-,-,-,-,-,-,-,-,-,-,-,-,-,-,-,-
2023-09-15T12:45:41+02:00,41.4817262,2.1884937,26.7,68,29,1011,20.3,35.5,-,1,-,-,-,-,-,-,-,-,-,-,-,-,-,-,-,-
2023-09-15T12:45:44+02:00,41.4817171,2.1885042,26.7,68,29,1011,20.4,35.6,-,1,-,-,-,-,-,-,-,-,-,-,-,-,-,-,-,-
2023-09-15T12:45:50+02:00,41.4816986,2.1885276,26.7,68,29,1011,20.4,35.6,-,1,-,-,-,-,-,-,-,-,-,-,-,-,-,-,-,-
2023-09-15T12:45:53+02:00,41.4817019,2.1885363,26.7,68,29,1011,20.4,35.6,-,1,-,-,-,-,-,-,-,-,-,-,-,-,-,-,-,-
2023-09-15T12:45:59+02:00,41.4816895,2.1885569,26.7,68,29,1011,20.4,35.7,-,1,-,-,-,-,-,-,-,-,-,-,-,-,-,-,-,-
2023-09-15T12:46:02+02:00,41.4816794,2.1885614,26.8,68,29,1011,20.5,35.7,-,0,-,-,-,-,-,-,-,-,-,-,-,-,-,-,-,-
2023-09-15T12:46:05+02:00,41.4816762,2.1885632,26.7,67,29,1011,20.3,35.5,-,0,-,-,-,-,-,-,-,-,-,-,-,-,-,-,-,-
2023-09-15T12:46:11+02:00,41.4816597,2.1885706,26.7,67,29,1011,20.2,35.4,-,1,-,-,-,-,-,-,-,-,-,-,-,-,-,-,-,-
2023-09-15T12:46:14+02:00,41.4816654,2.1885707,26.8,67,29,1011,20.3,35.6,-,0,-,-,-,-,-,-,-,-,-,-,-,-,-,-,-,-
2023-09-15T12:46:20+02:00,41.4816855,2.1885817,26.8,68,30,1011,20.5,35.8,-,1,-,-,-,-,-,-,-,-,-,-,-,-,-,-,-,-
2023-09-15T12:46:23+02:00,41.4816866,2.1885879,26.8,67,29,1011,20.3,35.7,-,0,-,-,-,-,-,-,-,-,-,-,-,-,-,-,-,-
2023-09-15T12:46:26+02:00,41.481691,2.1885885,26.8,67,29,1011,20.3,35.6,-,0,-,-,-,-,-,-,-,-,-,-,-,-,-,-,-,-
2023-09-15T12:46:29+02:00,41.481689,2.1885892,26.9,67,29,1011,20.4,35.7,-,0,-,-,-,-,-,-,-,-,-,-,-,-,-,-,-,-
2023-09-15T12:46:35+02:00,41.4816868,2.1885926,26.9,67,29,1011,20.4,35.8,-,0,-,-,-,-,-,-,-,-,-,-,-,-,-,-,-,-
2023-09-15T12:46:38+02:00,41.4816878,2.1885927,26.9,67,30,1011,20.4,35.8,-,0,-,-,-,-,-,-,-,-,-,-,-,-,-,-,-,-
2023-09-15T12:46:41+02:00,41.4816872,2.1885933,27.0,67,29,1011,20.4,35.9,-,0,-,-,-,-,-,-,-,-,-,-,-,-,-,-,-,-
2023-09-15T12:46:47+02:00,41.4816946,2.1885919,27.0,67,29,1011,20.5,36.0,-,1,-,-,-,-,-,-,-,-,-,-,-,-,-,-,-,-
2023-09-15T12:46:50+02:00,41.4816921,2.1885956,27.0,67,29,1011,20.5,36.0,-,0,-,-,-,-,-,-,-,-,-,-,-,-,-,-,-,-
2023-09-15T12:46:53+02:00,41.4816969,2.188599,27.1,67,29,1011,20.5,36.1,-,0,-,-,-,-,-,-,-,-,-,-,-,-,-,-,-,-
2023-09-15T12:46:59+02:00,41.4817009,2.1886058,27.1,67,29,1011,20.5,36.1,-,0,-,-,-,-,-,-,-,-,-,-,-,-,-,-,-,-
2023-09-15T12:47:02+02:00,41.4817053,2.1886054,27.1,67,29,1011,20.5,36.1,-,0,-,-,-,-,-,-,-,-,-,-,-,-,-,-,-,-
2023-09-15T12:47:08+02:00,41.4817069,2.1886053,27.1,66,29,1011,20.4,36.1,-,0,-,-,-,-,-,-,-,-,-,-,-,-,-,-,-,-
2023-09-15T12:47:11+02:00,41.4817063,2.1886046,27.2,66,29,1011,20.5,36.2,-,0,-,-,-,-,-,-,-,-,-,-,-,-,-,-,-,-
2023-09-15T12:47:14+02:00,41.4817082,2.1886044,27.2,66,29,1011,20.5,36.3,-,0,-,-,-,-,-,-,-,-,-,-,-,-,-,-,-,-
2023-09-15T12:47:17+02:00,41.4817108,2.1886043,27.2,67,29,1011,20.6,36.3,-,0,-,-,-,-,-,-,-,-,-,-,-,-,-,-,-,-
2023-09-15T12:47:23+02:00,41.4817142,2.1886038,27.2,66,29,1011,20.4,36.2,-,0,-,-,-,-,-,-,-,-,-,-,-,-,-,-,-,-
2023-09-15T12:47:26+02:00,41.4817152,2.1886037,27.2,66,29,1011,20.4,36.2,-,0,-,-,-,-,-,-,-,-,-,-,-,-,-,-,-,-
2023-09-15T12:47:32+02:00,41.481716,2.1886036,27.2,66,29,1011,20.5,36.3,-,0,-,-,-,-,-,-,-,-,-,-,-,-,-,-,-,-
2023-09-15T12:47:35+02:00,41.4817161,2.1886036,27.2,66,29,1011,20.5,36.3,-,0,-,-,-,-,-,-,-,-,-,-,-,-,-,-,-,-
2023-09-15T12:47:38+02:00,41.4817163,2.1886035,27.2,66,30,1011,20.5,36.3,-,0,-,-,-,-,-,-,-,-,-,-,-,-,-,-,-,-
2023-09-15T12:47:44+02:00,41.4817113,2.188596,27.2,66,29,1011,20.5,36.3,-,1,-,-,-,-,-,-,-,-,-,-,-,-,-,-,-,-
2023-09-15T12:47:47+02:00,41.4817108,2.1885943,27.3,66,29,1011,20.6,36.4,-,0,-,-,-,-,-,-,-,-,-,-,-,-,-,-,-,-
2023-09-15T12:47:50+02:00,41.4817118,2.1886034,27.3,66,29,1011,20.6,36.5,-,0,-,-,-,-,-,-,-,-,-,-,-,-,-,-,-,-
2023-09-15T12:47:56+02:00,41.4817182,2.1886105,27.2,66,29,1011,20.6,36.3,-,2,-,-,-,-,-,-,-,-,-,-,-,-,-,-,-,-
2023-09-15T12:47:59+02:00,41.4817383,2.1886012,27.2,66,29,1011,20.5,36.2,-,2,-,-,-,-,-,-,-,-,-,-,-,-,-,-,-,-
2023-09-15T12:48:05+02:00,41.4817666,2.1885777,27.2,66,29,1011,20.5,36.2,-,2,-,-,-,-,-,-,-,-,-,-,-,-,-,-,-,-
2023-09-15T12:48:11+02:00,41.481801,2.1886005,27.2,66,29,1011,20.5,36.1,-,2,-,-,-,-,-,-,-,-,-,-,-,-,-,-,-,-
2023-09-15T12:48:17+02:00,41.4818506,2.1886296,27.1,66,30,1011,20.4,36.0,-,2,-,-,-,-,-,-,-,-,-,-,-,-,-,-,-,-
2023-09-15T12:48:23+02:00,41.4818902,2.188642,27.1,67,29,1011,20.4,36.0,-,2,-,-,-,-,-,-,-,-,-,-,-,-,-,-,-,-
2023-09-15T12:48:26+02:00,41.4819076,2.188652,27.1,67,29,1011,20.5,36.1,-,2,-,-,-,-,-,-,-,-,-,-,-,-,-,-,-,-
2023-09-15T12:48:32+02:00,41.4819382,2.1886802,27.1,66,30,1011,20.4,36.1,-,3,-,-,-,-,-,-,-,-,-,-,-,-,-,-,-,-
2023-09-15T12:48:38+02:00,41.4819961,2.1887083,27.0,67,29,1011,20.4,35.9,-,3,-,-,-,-,-,-,-,-,-,-,-,-,-,-,-,-
2023-09-15T12:48:44+02:00,41.482036,2.1887189,27.0,67,30,1011,20.4,35.9,-,2,-,-,-,-,-,-,-,-,-,-,-,-,-,-,-,-
2023-09-15T12:48:50+02:00,41.4820799,2.1887214,27.0,67,30,1011,20.4,35.9,-,3,-,-,-,-,-,-,-,-,-,-,-,-,-,-,-,-
2023-09-15T12:48:56+02:00,41.4821322,2.1887006,26.9,67,30,1011,20.3,35.7,-,3,-,-,-,-,-,-,-,-,-,-,-,-,-,-,-,-
2023-09-15T12:48:59+02:00,41.4821757,2.1886866,26.9,67,30,1011,20.4,35.7,-,3,-,-,-,-,-,-,-,-,-,-,-,-,-,-,-,-
2023-09-15T12:49:02+02:00,41.4822166,2.1886905,26.9,67,30,1011,20.4,35.8,-,3,-,-,-,-,-,-,-,-,-,-,-,-,-,-,-,-
2023-09-15T12:49:08+02:00,41.4822821,2.1886961,26.9,67,30,1011,20.3,35.7,-,2,-,-,-,-,-,-,-,-,-,-,-,-,-,-,-,-
2023-09-15T12:49:11+02:00,41.4822975,2.1886948,26.8,67,30,1011,20.3,35.6,-,2,-,-,-,-,-,-,-,-,-,-,-,-,-,-,-,-
2023-09-15T12:49:17+02:00,41.4823127,2.1886796,26.9,67,30,1011,20.4,35.8,-,1,-,-,-,-,-,-,-,-,-,-,-,-,-,-,-,-
2023-09-15T12:49:20+02:00,41.4823258,2.188659,26.9,67,30,1011,20.4,35.8,-,2,-,-,-,-,-,-,-,-,-,-,-,-,-,-,-,-
2023-09-15T12:49:26+02:00,41.4823469,2.1886354,27.0,67,30,1011,20.4,35.9,-,0,-,-,-,-,-,-,-,-,-,-,-,-,-,-,-,-
2023-09-15T12:49:29+02:00,41.482345,2.1886368,27.0,67,31,1011,20.4,35.9,-,0,-,-,-,-,-,-,-,-,-,-,-,-,-,-,-,-
2023-09-15T12:49:35+02:00,41.4823477,2.1886419,27.0,67,30,1011,20.4,35.9,-,0,-,-,-,-,-,-,-,-,-,-,-,-,-,-,-,-
2023-09-15T12:49:41+02:00,41.4823734,2.1886351,27.1,67,30,1011,20.4,36.0,-,1,-,-,-,-,-,-,-,-,-,-,-,-,-,-,-,-
2023-09-15T12:49:44+02:00,41.4823787,2.188625,27.1,67,31,1011,20.5,36.1,-,1,-,-,-,-,-,-,-,-,-,-,-,-,-,-,-,-
2023-09-15T12:49:50+02:00,41.4823946,2.188575,27.1,67,30,1011,20.5,36.1,-,4,-,-,-,-,-,-,-,-,-,-,-,-,-,-,-,-
2023-09-15T12:49:56+02:00,41.4824253,2.1884851,27.0,67,30,1011,20.5,36.0,-,3,-,-,-,-,-,-,-,-,-,-,-,-,-,-,-,-
2023-09-15T12:50:02+02:00,41.4824401,2.188414,27.0,67,31,1011,20.4,35.9,-,5,-,-,-,-,-,-,-,-,-,-,-,-,-,-,-,-
2023-09-15T12:50:08+02:00,41.4824917,2.1884019,27.0,67,31,1011,20.4,35.8,-,1,-,-,-,-,-,-,-,-,-,-,-,-,-,-,-,-
2023-09-15T12:50:14+02:00,41.4825143,2.1884283,27.0,67,31,1011,20.4,35.8,-,3,-,-,-,-,-,-,-,-,-,-,-,-,-,-,-,-
2023-09-15T12:50:17+02:00,41.4825223,2.1884032,27.0,67,31,1011,20.3,35.8,-,2,-,-,-,-,-,-,-,-,-,-,-,-,-,-,-,-
2023-09-15T12:50:23+02:00,41.4825051,2.1883053,27.0,67,31,1011,20.4,35.9,-,4,-,-,-,-,-,-,-,-,-,-,-,-,-,-,-,-
2023-09-15T12:50:26+02:00,41.4825164,2.1882652,27.0,67,31,1011,20.4,36.0,-,3,-,-,-,-,-,-,-,-,-,-,-,-,-,-,-,-
2023-09-15T12:50:32+02:00,41.4825958,2.1882849,27.0,67,31,1011,20.6,36.2,-,4,-,-,-,-,-,-,-,-,-,-,-,-,-,-,-,-
2023-09-15T12:50:35+02:00,41.482635,2.1883238,27.0,67,31,1011,20.5,36.1,-,4,-,-,-,-,-,-,-,-,-,-,-,-,-,-,-,-
2023-09-15T12:50:41+02:00,41.4827068,2.1883674,27.1,67,30,1011,20.4,36.0,-,4,-,-,-,-,-,-,-,-,-,-,-,-,-,-,-,-
2023-09-15T12:50:44+02:00,41.48275,2.1883765,27.1,66,30,1011,20.4,36.1,-,4,-,-,-,-,-,-,-,-,-,-,-,-,-,-,-,-
2023-09-15T12:50:50+02:00,41.4828103,2.1883936,27.1,67,30,1011,20.5,36.1,-,4,-,-,-,-,-,-,-,-,-,-,-,-,-,-,-,-
2023-09-15T12:50:56+02:00,41.4828552,2.1884601,27.1,67,30,1011,20.5,36.1,-,4,-,-,-,-,-,-,-,-,-,-,-,-,-,-,-,-
2023-09-15T12:51:02+02:00,41.4829145,2.1884673,27.1,67,31,1011,20.5,36.1,-,4,-,-,-,-,-,-,-,-,-,-,-,-,-,-,-,-
2023-09-15T12:51:05+02:00,41.4829401,2.1884679,27.1,67,30,1011,20.6,36.2,-,3,-,-,-,-,-,-,-,-,-,-,-,-,-,-,-,-
2023-09-15T12:51:08+02:00,41.4829628,2.1884683,27.0,67,30,1011,20.6,36.1,-,4,-,-,-,-,-,-,-,-,-,-,-,-,-,-,-,-
2023-09-15T12:51:14+02:00,41.4830279,2.1884507,27.0,67,30,1011,20.6,36.2,-,4,-,-,-,-,-,-,-,-,-,-,-,-,-,-,-,-
2023-09-15T12:51:17+02:00,41.4830606,2.1884538,27.0,67,30,1011,20.6,36.1,-,4,-,-,-,-,-,-,-,-,-,-,-,-,-,-,-,-
2023-09-15T12:51:20+02:00,41.48309,2.1884599,27.1,67,30,1011,20.6,36.2,-,2,-,-,-,-,-,-,-,-,-,-,-,-,-,-,-,-
2023-09-15T12:51:23+02:00,41.4831018,2.1884585,27.0,67,30,1011,20.6,36.1,-,2,-,-,-,-,-,-,-,-,-,-,-,-,-,-,-,-
2023-09-15T12:51:29+02:00,41.4831608,2.1884949,27.0,67,30,1011,20.6,36.1,-,2,-,-,-,-,-,-,-,-,-,-,-,-,-,-,-,-
2023-09-15T12:51:35+02:00,41.4832251,2.1885101,27.0,67,31,1011,20.5,36.0,-,3,-,-,-,-,-,-,-,-,-,-,-,-,-,-,-,-
2023-09-15T12:51:38+02:00,41.4832508,2.1885202,27.0,68,30,1011,20.6,36.2,-,3,-,-,-,-,-,-,-,-,-,-,-,-,-,-,-,-
2023-09-15T12:51:44+02:00,41.4832991,2.1885599,27.0,67,30,1011,20.5,36.0,-,3,-,-,-,-,-,-,-,-,-,-,-,-,-,-,-,-
2023-09-15T12:51:50+02:00,41.4833472,2.1886284,27.0,67,30,1011,20.6,36.0,-,4,-,-,-,-,-,-,-,-,-,-,-,-,-,-,-,-
2023-09-15T12:51:53+02:00,41.4833863,2.1886398,26.9,67,30,1011,20.5,35.9,-,5,-,-,-,-,-,-,-,-,-,-,-,-,-,-,-,-
2023-09-15T12:51:59+02:00,41.4834549,2.1886482,27.0,67,30,1011,20.4,35.9,-,4,-,-,-,-,-,-,-,-,-,-,-,-,-,-,-,-
2023-09-15T12:52:05+02:00,41.4835084,2.188723,27.0,67,30,1011,20.4,35.9,-,6,-,-,-,-,-,-,-,-,-,-,-,-,-,-,-,-
2023-09-15T12:52:11+02:00,41.4835688,2.1887576,27.0,67,30,1011,20.4,35.9,-,4,-,-,-,-,-,-,-,-,-,-,-,-,-,-,-,-
2023-09-15T12:52:14+02:00,41.4835823,2.1887479,27.1,66,30,1011,20.4,36.0,-,3,-,-,-,-,-,-,-,-,-,-,-,-,-,-,-,-
2023-09-15T12:52:17+02:00,41.4836075,2.1887368,27.1,66,30,1011,20.3,35.9,-,3,-,-,-,-,-,-,-,-,-,-,-,-,-,-,-,-
2023-09-15T12:52:23+02:00,41.4836568,2.1887257,27.1,67,30,1011,20.4,36.0,-,3,-,-,-,-,-,-,-,-,-,-,-,-,-,-,-,-
2023-09-15T12:52:26+02:00,41.4836807,2.1887236,27.1,67,30,1011,20.5,36.1,-,3,-,-,-,-,-,-,-,-,-,-,-,-,-,-,-,-
2023-09-15T12:52:32+02:00,41.4837392,2.1886705,27.0,67,31,1011,20.5,36.0,-,3,-,-,-,-,-,-,-,-,-,-,-,-,-,-,-,-
2023-09-15T12:52:35+02:00,41.4837765,2.188658,27.0,67,30,1011,20.5,36.0,-,3,-,-,-,-,-,-,-,-,-,-,-,-,-,-,-,-
2023-09-15T12:52:41+02:00,41.4838398,2.1886826,26.9,67,30,1011,20.5,35.8,-,2,-,-,-,-,-,-,-,-,-,-,-,-,-,-,-,-
2023-09-15T12:52:47+02:00,41.4838926,2.1886432,26.8,68,30,1011,20.5,35.8,-,4,-,-,-,-,-,-,-,-,-,-,-,-,-,-,-,-
2023-09-15T12:52:50+02:00,41.4839095,2.1886251,26.8,68,30,1011,20.4,35.7,-,3,-,-,-,-,-,-,-,-,-,-,-,-,-,-,-,-
2023-09-15T12:52:53+02:00,41.4839023,2.1886311,26.8,68,30,1011,20.5,35.7,-,1,-,-,-,-,-,-,-,-,-,-,-,-,-,-,-,-
2023-09-15T12:52:59+02:00,41.4838653,2.1886471,26.8,68,31,1011,20.6,35.9,-,1,-,-,-,-,-,-,-,-,-,-,-,-,-,-,-,-
2023-09-15T12:53:05+02:00,41.4838691,2.1885827,26.9,69,33,1011,20.8,36.2,-,3,-,-,-,-,-,-,-,-,-,-,-,-,-,-,-,-
2023-09-15T12:53:11+02:00,41.4838857,2.1884745,26.9,69,33,1011,20.7,36.1,-,2,-,-,-,-,-,-,-,-,-,-,-,-,-,-,-,-
2023-09-15T12:53:14+02:00,41.4838929,2.1884475,26.9,69,33,1011,20.7,36.1,-,2,-,-,-,-,-,-,-,-,-,-,-,-,-,-,-,-
2023-09-15T12:53:20+02:00,41.4839505,2.1884474,26.9,69,33,1011,20.9,36.2,-,1,-,-,-,-,-,-,-,-,-,-,-,-,-,-,-,-
2023-09-15T12:53:26+02:00,41.4839928,2.1884773,26.9,70,32,1011,21.0,36.3,-,1,-,-,-,-,-,-,-,-,-,-,-,-,-,-,-,-
2023-09-15T12:53:29+02:00,41.4839916,2.1884751,26.9,69,31,1011,21.0,36.3,-,0,-,-,-,-,-,-,-,-,-,-,-,-,-,-,-,-
2023-09-15T12:53:35+02:00,41.4839897,2.188479,26.9,69,29,1011,20.8,36.1,-,0,-,-,-,-,-,-,-,-,-,-,-,-,-,-,-,-
2023-09-15T12:53:38+02:00,41.4839894,2.1884792,26.9,69,29,1011,20.7,36.1,-,0,-,-,-,-,-,-,-,-,-,-,-,-,-,-,-,-
2023-09-15T12:54:02+02:00,41.4840019,2.1884109,26.9,69,30,1011,20.8,36.2,-,3,-,-,-,-,-,-,-,-,-,-,-,-,-,-,-,-
2023-09-15T12:54:08+02:00,41.4840671,2.1882509,26.9,69,31,1011,20.8,36.2,-,2,-,-,-,-,-,-,-,-,-,-,-,-,-,-,-,-
2023-09-15T12:54:11+02:00,41.4840762,2.1881954,26.9,69,32,1011,20.9,36.2,-,3,-,-,-,-,-,-,-,-,-,-,-,-,-,-,-,-
2023-09-15T12:54:14+02:00,41.4840714,2.1881652,26.9,69,33,1011,20.8,36.2,-,2,-,-,-,-,-,-,-,-,-,-,-,-,-,-,-,-
2023-09-15T12:54:20+02:00,41.4840678,2.188112,26.8,69,34,1010,20.7,36.0,-,3,-,-,-,-,-,-,-,-,-,-,-,-,-,-,-,-
2023-09-15T12:54:23+02:00,41.4840689,2.1880678,26.8,69,33,1011,20.7,35.9,-,4,-,-,-,-,-,-,-,-,-,-,-,-,-,-,-,-
2023-09-15T12:54:29+02:00,41.4840899,2.1879874,26.8,69,33,1011,20.6,35.8,-,3,-,-,-,-,-,-,-,-,-,-,-,-,-,-,-,-
2023-09-15T12:54:32+02:00,41.4841293,2.1879832,26.8,69,33,1010,20.6,35.8,-,4,-,-,-,-,-,-,-,-,-,-,-,-,-,-,-,-
2023-09-15T12:54:35+02:00,41.4841588,2.1879891,26.8,69,33,1011,20.6,35.8,-,3,-,-,-,-,-,-,-,-,-,-,-,-,-,-,-,-
2023-09-15T12:54:41+02:00,41.484194,2.1879757,26.7,69,33,1011,20.6,35.8,-,2,-,-,-,-,-,-,-,-,-,-,-,-,-,-,-,-
2023-09-15T12:54:44+02:00,41.4842103,2.1879608,26.7,69,32,1011,20.7,35.8,-,2,-,-,-,-,-,-,-,-,-,-,-,-,-,-,-,-
2023-09-15T12:54:47+02:00,41.4842212,2.1879263,26.7,69,32,1011,20.8,35.9,-,2,-,-,-,-,-,-,-,-,-,-,-,-,-,-,-,-
2023-09-15T12:54:53+02:00,41.4842592,2.1879307,26.7,69,33,1010,20.7,35.8,-,2,-,-,-,-,-,-,-,-,-,-,-,-,-,-,-,-
2023-09-15T12:54:56+02:00,41.4842656,2.1879421,26.7,69,33,1011,20.6,35.7,-,1,-,-,-,-,-,-,-,-,-,-,-,-,-,-,-,-
2023-09-15T12:54:59+02:00,41.48427,2.1879449,26.7,69,33,1011,20.5,35.6,-,1,-,-,-,-,-,-,-,-,-,-,-,-,-,-,-,-
2023-09-15T12:55:05+02:00,41.4842701,2.1879498,26.6,69,33,1011,20.5,35.6,-,0,-,-,-,-,-,-,-,-,-,-,-,-,-,-,-,-
2023-09-15T12:55:08+02:00,41.4842698,2.1879565,26.7,69,34,1010,20.6,35.7,-,0,-,-,-,-,-,-,-,-,-,-,-,-,-,-,-,-
2023-09-15T12:55:11+02:00,41.4842733,2.1879588,26.6,69,33,1011,20.5,35.6,-,0,-,-,-,-,-,-,-,-,-,-,-,-,-,-,-,-
2023-09-15T12:55:17+02:00,41.484272,2.1879616,26.6,69,34,1010,20.6,35.7,-,0,-,-,-,-,-,-,-,-,-,-,-,-,-,-,-,-
2023-09-15T12:55:23+02:00,41.4842785,2.1879612,26.7,69,34,1010,20.6,35.7,-,0,-,-,-,-,-,-,-,-,-,-,-,-,-,-,-,-
2023-09-15T12:55:29+02:00,41.4842912,2.1879607,26.7,69,34,1010,20.6,35.7,-,0,-,-,-,-,-,-,-,-,-,-,-,-,-,-,-,-
2023-09-15T12:55:32+02:00,41.4842912,2.187959,26.6,69,34,1010,20.5,35.6,-,0,-,-,-,-,-,-,-,-,-,-,-,-,-,-,-,-
2023-09-15T12:55:35+02:00,41.4842936,2.1879572,26.7,69,33,1010,20.6,35.8,-,0,-,-,-,-,-,-,-,-,-,-,-,-,-,-,-,-
2023-09-15T12:55:41+02:00,41.4843028,2.1879492,26.7,69,34,1010,20.6,35.8,-,0,-,-,-,-,-,-,-,-,-,-,-,-,-,-,-,-
2023-09-15T12:55:44+02:00,41.4842999,2.187953,26.7,69,34,1010,20.6,35.7,-,0,-,-,-,-,-,-,-,-,-,-,-,-,-,-,-,-
2023-09-15T12:55:50+02:00,41.4842935,2.1879512,26.7,68,33,1011,20.6,35.8,-,0,-,-,-,-,-,-,-,-,-,-,-,-,-,-,-,-
2023-09-15T12:55:53+02:00,41.4842958,2.1879477,26.8,68,34,1010,20.6,35.8,-,0,-,-,-,-,-,-,-,-,-,-,-,-,-,-,-,-
2023-09-15T12:55:56+02:00,41.4842956,2.187948,26.7,69,34,1010,20.6,35.8,-,0,-,-,-,-,-,-,-,-,-,-,-,-,-,-,-,-
2023-09-15T12:55:59+02:00,41.4842891,2.1879412,26.8,69,33,1011,20.6,35.8,-,1,-,-,-,-,-,-,-,-,-,-,-,-,-,-,-,-
2023-09-15T12:56:05+02:00,41.4842654,2.1879231,26.7,68,33,1011,20.5,35.7,-,3,-,-,-,-,-,-,-,-,-,-,-,-,-,-,-,-
2023-09-15T12:56:11+02:00,41.48432,2.1878586,26.7,69,33,1011,20.5,35.6,-,5,-,-,-,-,-,-,-,-,-,-,-,-,-,-,-,-
2023-09-15T12:56:14+02:00,41.4843397,2.1878092,26.6,69,34,1010,20.5,35.6,-,4,-,-,-,-,-,-,-,-,-,-,-,-,-,-,-,-
2023-09-15T12:56:17+02:00,41.4843605,2.1877685,26.6,69,33,1011,20.6,35.7,-,5,-,-,-,-,-,-,-,-,-,-,-,-,-,-,-,-
2023-09-15T12:56:23+02:00,41.484357,2.1877258,26.6,69,34,1010,20.5,35.6,-,2,-,-,-,-,-,-,-,-,-,-,-,-,-,-,-,-
2023-09-15T12:56:26+02:00,41.4843509,2.1877128,26.6,69,33,1010,20.6,35.7,-,1,-,-,-,-,-,-,-,-,-,-,-,-,-,-,-,-
2023-09-15T12:56:32+02:00,41.4843498,2.1876492,26.7,69,34,1010,20.6,35.7,-,3,-,-,-,-,-,-,-,-,-,-,-,-,-,-,-,-
2023-09-15T12:56:35+02:00,41.4843361,2.1876006,26.6,69,34,1010,20.5,35.6,-,3,-,-,-,-,-,-,-,-,-,-,-,-,-,-,-,-
2023-09-15T12:56:38+02:00,41.4843237,2.1875587,26.6,69,34,1010,20.5,35.6,-,3,-,-,-,-,-,-,-,-,-,-,-,-,-,-,-,-
2023-09-15T12:56:44+02:00,41.4843319,2.1874598,26.7,69,34,1010,20.5,35.7,-,4,-,-,-,-,-,-,-,-,-,-,-,-,-,-,-,-
2023-09-15T12:56:47+02:00,41.4843364,2.1874054,26.6,69,34,1010,20.5,35.5,-,4,-,-,-,-,-,-,-,-,-,-,-,-,-,-,-,-
2023-09-15T12:56:50+02:00,41.4843295,2.1873702,26.6,69,35,1010,20.4,35.4,-,4,-,-,-,-,-,-,-,-,-,-,-,-,-,-,-,-
2023-09-15T12:56:56+02:00,41.4843004,2.1873236,26.6,69,35,1010,20.5,35.5,-,2,-,-,-,-,-,-,-,-,-,-,-,-,-,-,-,-
2023-09-15T12:57:02+02:00,41.4843113,2.1873106,26.6,69,36,1010,20.5,35.5,-,0,-,-,-,-,-,-,-,-,-,-,-,-,-,-,-,-
2023-09-15T12:57:08+02:00,41.4843123,2.1873266,26.5,69,35,1010,20.4,35.4,-,0,-,-,-,-,-,-,-,-,-,-,-,-,-,-,-,-
2023-09-15T12:57:14+02:00,41.484317,2.1873264,26.5,69,35,1010,20.5,35.4,-,0,-,-,-,-,-,-,-,-,-,-,-,-,-,-,-,-
2023-09-15T12:57:20+02:00,41.4843187,2.1873255,26.5,69,35,1010,20.5,35.4,-,0,-,-,-,-,-,-,-,-,-,-,-,-,-,-,-,-
2023-09-15T12:57:23+02:00,41.4843183,2.1873257,26.5,69,35,1010,20.4,35.3,-,0,-,-,-,-,-,-,-,-,-,-,-,-,-,-,-,-
2023-09-15T12:57:29+02:00,41.4843183,2.1873257,26.5,69,35,1010,20.5,35.4,-,0,-,-,-,-,-,-,-,-,-,-,-,-,-,-,-,-
2023-09-15T12:57:32+02:00,41.4843181,2.1873245,26.4,69,35,1010,20.5,35.3,-,0,-,-,-,-,-,-,-,-,-,-,-,-,-,-,-,-
2023-09-15T12:57:35+02:00,41.484318,2.1873243,26.4,69,36,1010,20.4,35.3,-,0,-,-,-,-,-,-,-,-,-,-,-,-,-,-,-,-
2023-09-15T12:57:38+02:00,41.484318,2.1873243,26.4,69,35,1010,20.5,35.3,-,0,-,-,-,-,-,-,-,-,-,-,-,-,-,-,-,-
2023-09-15T12:57:44+02:00,41.4843528,2.1873358,26.5,69,35,1010,20.5,35.4,-,0,-,-,-,-,-,-,-,-,-,-,-,-,-,-,-,-
2023-09-15T12:57:50+02:00,41.4843572,2.1873301,26.4,69,35,1010,20.4,35.3,-,0,-,-,-,-,-,-,-,-,-,-,-,-,-,-,-,-
2023-09-15T12:57:53+02:00,41.4843539,2.187324,26.4,69,35,1010,20.5,35.3,-,0,-,-,-,-,-,-,-,-,-,-,-,-,-,-,-,-
2023-09-15T12:57:59+02:00,41.4843461,2.1873168,26.4,69,35,1010,20.5,35.3,-,0,-,-,-,-,-,-,-,-,-,-,-,-,-,-,-,-
2023-09-15T12:58:02+02:00,41.4843444,2.1873182,26.4,70,35,1010,20.5,35.3,-,0,-,-,-,-,-,-,-,-,-,-,-,-,-,-,-,-
2023-09-15T12:58:08+02:00,41.4843391,2.187315,26.4,70,35,1010,20.5,35.3,-,0,-,-,-,-,-,-,-,-,-,-,-,-,-,-,-,-
2023-09-15T12:58:14+02:00,41.4843376,2.1873115,26.4,69,36,1010,20.5,35.3,-,0,-,-,-,-,-,-,-,-,-,-,-,-,-,-,-,-
2023-09-15T12:58:20+02:00,41.4843336,2.1873105,26.4,69,35,1010,20.5,35.3,-,0,-,-,-,-,-,-,-,-,-,-,-,-,-,-,-,-
2023-09-15T12:58:23+02:00,41.4843321,2.1873112,26.4,70,35,1010,20.5,35.4,-,0,-,-,-,-,-,-,-,-,-,-,-,-,-,-,-,-
2023-09-15T12:58:29+02:00,41.484331,2.1873136,26.3,70,35,1010,20.5,35.2,-,0,-,-,-,-,-,-,-,-,-,-,-,-,-,-,-,-
2023-09-15T12:58:35+02:00,41.4843347,2.187308,26.4,70,35,1010,20.5,35.3,-,0,-,-,-,-,-,-,-,-,-,-,-,-,-,-,-,-
2023-09-15T12:58:38+02:00,41.484336,2.1873043,26.3,70,35,1010,20.5,35.3,-,0,-,-,-,-,-,-,-,-,-,-,-,-,-,-,-,-
2023-09-15T12:58:41+02:00,41.4843363,2.1873053,26.3,70,35,1010,20.5,35.2,-,0,-,-,-,-,-,-,-,-,-,-,-,-,-,-,-,-
2023-09-15T12:58:47+02:00,41.4843389,2.187303,26.3,70,35,1010,20.6,35.3,-,0,-,-,-,-,-,-,-,-,-,-,-,-,-,-,-,-
2023-09-15T12:58:50+02:00,41.484335,2.1873185,26.3,70,35,1010,20.6,35.2,-,1,-,-,-,-,-,-,-,-,-,-,-,-,-,-,-,-
2023-09-15T12:58:56+02:00,41.4843327,2.1873212,26.2,70,36,1010,20.5,35.2,-,0,-,-,-,-,-,-,-,-,-,-,-,-,-,-,-,-
2023-09-15T12:59:02+02:00,41.4843346,2.1873272,26.2,71,35,1010,20.6,35.2,-,0,-,-,-,-,-,-,-,-,-,-,-,-,-,-,-,-
2023-09-15T12:59:05+02:00,41.4843351,2.1873289,26.2,70,35,1010,20.5,35.1,-,0,-,-,-,-,-,-,-,-,-,-,-,-,-,-,-,-
2023-09-15T12:59:08+02:00,41.484306,2.1873439,26.3,71,35,1010,20.6,35.3,-,2,-,-,-,-,-,-,-,-,-,-,-,-,-,-,-,-
2023-09-15T12:59:14+02:00,41.4842486,2.1873342,26.3,69,35,1010,20.3,35.0,-,1,-,-,-,-,-,-,-,-,-,-,-,-,-,-,-,-
2023-09-15T12:59:20+02:00,41.484241,2.1873422,26.3,70,35,1010,20.4,35.1,-,0,-,-,-,-,-,-,-,-,-,-,-,-,-,-,-,-
2023-09-15T12:59:23+02:00,41.4842419,2.1873366,26.3,70,35,1010,20.5,35.2,-,0,-,-,-,-,-,-,-,-,-,-,-,-,-,-,-,-
2023-09-15T12:59:29+02:00,41.4842444,2.1873374,26.3,70,36,1010,20.5,35.2,-,0,-,-,-,-,-,-,-,-,-,-,-,-,-,-,-,-
2023-09-15T12:59:35+02:00,41.4842547,2.1873356,26.3,70,36,1010,20.4,35.1,-,0,-,-,-,-,-,-,-,-,-,-,-,-,-,-,-,-
2023-09-15T12:59:38+02:00,41.4842579,2.187334,26.3,70,36,1010,20.4,35.1,-,0,-,-,-,-,-,-,-,-,-,-,-,-,-,-,-,-
2023-09-15T12:59:41+02:00,41.4842583,2.1873338,26.3,69,36,1010,20.4,35.1,-,0,-,-,-,-,-,-,-,-,-,-,-,-,-,-,-,-
2023-09-15T12:59:47+02:00,41.4842594,2.187332,26.3,69,36,1010,20.3,35.0,-,0,-,-,-,-,-,-,-,-,-,-,-,-,-,-,-,-
2023-09-15T12:59:50+02:00,41.4842501,2.1873311,26.4,69,36,1010,20.4,35.2,-,3,-,-,-,-,-,-,-,-,-,-,-,-,-,-,-,-
2023-09-15T12:59:56+02:00,41.4842399,2.1873221,26.3,69,35,1010,20.4,35.2,-,2,-,-,-,-,-,-,-,-,-,-,-,-,-,-,-,-
2023-09-15T12:59:59+02:00,41.4842256,2.1873108,26.3,70,36,1010,20.5,35.3,-,2,-,-,-,-,-,-,-,-,-,-,-,-,-,-,-,-
2023-09-15T13:00:02+02:00,41.4842098,2.1872904,26.3,70,36,1010,20.5,35.3,-,3,-,-,-,-,-,-,-,-,-,-,-,-,-,-,-,-
2023-09-15T13:00:05+02:00,41.4841889,2.1872641,26.3,70,36,1010,20.6,35.3,-,3,-,-,-,-,-,-,-,-,-,-,-,-,-,-,-,-
2023-09-15T13:00:11+02:00,41.4841274,2.1872339,26.3,70,36,1010,20.5,35.2,-,3,-,-,-,-,-,-,-,-,-,-,-,-,-,-,-,-
2023-09-15T13:00:14+02:00,41.4840849,2.1872191,26.4,70,36,1010,20.5,35.2,-,5,-,-,-,-,-,-,-,-,-,-,-,-,-,-,-,-
2023-09-15T13:00:17+02:00,41.4840417,2.1871802,26.3,70,36,1010,20.5,35.2,-,4,-,-,-,-,-,-,-,-,-,-,-,-,-,-,-,-
2023-09-15T13:00:20+02:00,41.4839969,2.187138,26.3,70,36,1010,20.4,35.2,-,5,-,-,-,-,-,-,-,-,-,-,-,-,-,-,-,-
2023-09-15T13:00:23+02:00,41.4839589,2.1871153,26.3,70,35,1010,20.4,35.1,-,4,-,-,-,-,-,-,-,-,-,-,-,-,-,-,-,-
2023-09-15T13:00:29+02:00,41.4839225,2.1870546,26.4,70,35,1010,20.6,35.4,-,3,-,-,-,-,-,-,-,-,-,-,-,-,-,-,-,-
2023-09-15T13:00:32+02:00,41.4839004,2.1870494,26.3,70,35,1010,20.6,35.3,-,4,-,-,-,-,-,-,-,-,-,-,-,-,-,-,-,-
2023-09-15T13:00:35+02:00,41.48387,2.1870524,26.4,70,35,1010,20.6,35.4,-,3,-,-,-,-,-,-,-,-,-,-,-,-,-,-,-,-
2023-09-15T13:00:38+02:00,41.4838541,2.1870396,26.4,70,36,1010,20.6,35.4,-,3,-,-,-,-,-,-,-,-,-,-,-,-,-,-,-,-
2023-09-15T13:00:44+02:00,41.4838128,2.1870037,26.3,70,35,1010,20.6,35.3,-,3,-,-,-,-,-,-,-,-,-,-,-,-,-,-,-,-
2023-09-15T13:00:47+02:00,41.4837892,2.1869785,26.3,70,35,1010,20.6,35.3,-,3,-,-,-,-,-,-,-,-,-,-,-,-,-,-,-,-
2023-09-15T13:00:53+02:00,41.4837464,2.1869406,26.3,71,36,1010,20.7,35.4,-,3,-,-,-,-,-,-,-,-,-,-,-,-,-,-,-,-
2023-09-15T13:00:56+02:00,41.4837264,2.1869178,26.4,71,35,1010,20.7,35.5,-,3,-,-,-,-,-,-,-,-,-,-,-,-,-,-,-,-
2023-09-15T13:01:02+02:00,41.4836716,2.1868902,26.3,71,35,1010,20.6,35.3,-,3,-,-,-,-,-,-,-,-,-,-,-,-,-,-,-,-
2023-09-15T13:01:05+02:00,41.4836403,2.1868954,26.3,71,35,1010,20.7,35.4,-,4,-,-,-,-,-,-,-,-,-,-,-,-,-,-,-,-
2023-09-15T13:01:11+02:00,41.4835915,2.1868696,26.3,71,35,1010,20.6,35.3,-,3,-,-,-,-,-,-,-,-,-,-,-,-,-,-,-,-
2023-09-15T13:01:14+02:00,41.4835597,2.1868263,26.3,71,35,1010,20.6,35.3,-,4,-,-,-,-,-,-,-,-,-,-,-,-,-,-,-,-
2023-09-15T13:01:17+02:00,41.4835228,2.1867818,26.3,71,35,1010,20.6,35.3,-,4,-,-,-,-,-,-,-,-,-,-,-,-,-,-,-,-
2023-09-15T13:01:23+02:00,41.4834902,2.1867418,26.2,71,35,1010,20.6,35.2,-,3,-,-,-,-,-,-,-,-,-,-,-,-,-,-,-,-
2023-09-15T13:01:26+02:00,41.4834873,2.186746,26.3,71,35,1010,20.6,35.3,-,2,-,-,-,-,-,-,-,-,-,-,-,-,-,-,-,-
2023-09-15T13:01:32+02:00,41.4834438,2.1867089,26.2,71,35,1010,20.6,35.2,-,3,-,-,-,-,-,-,-,-,-,-,-,-,-,-,-,-
2023-09-15T13:01:38+02:00,41.4833963,2.1866655,26.2,71,35,1010,20.6,35.2,-,2,-,-,-,-,-,-,-,-,-,-,-,-,-,-,-,-
2023-09-15T13:01:44+02:00,41.483361,2.1866547,26.2,71,34,1010,20.6,35.2,-,2,-,-,-,-,-,-,-,-,-,-,-,-,-,-,-,-
2023-09-15T13:01:47+02:00,41.4833451,2.1866384,26.2,71,35,1010,20.6,35.2,-,2,-,-,-,-,-,-,-,-,-,-,-,-,-,-,-,-
2023-09-15T13:01:50+02:00,41.4833477,2.1866021,26.2,71,35,1010,20.6,35.2,-,2,-,-,-,-,-,-,-,-,-,-,-,-,-,-,-,-
2023-09-15T13:01:56+02:00,41.4832899,2.1865457,26.2,71,35,1010,20.7,35.3,-,3,-,-,-,-,-,-,-,-,-,-,-,-,-,-,-,-
2023-09-15T13:02:02+02:00,41.4832326,2.1865443,26.3,71,35,1010,20.8,35.4,-,3,-,-,-,-,-,-,-,-,-,-,-,-,-,-,-,-
2023-09-15T13:02:08+02:00,41.4831699,2.1865248,26.2,71,35,1010,20.7,35.2,-,3,-,-,-,-,-,-,-,-,-,-,-,-,-,-,-,-
2023-09-15T13:02:14+02:00,41.4831084,2.1865126,26.2,72,35,1010,20.8,35.3,-,3,-,-,-,-,-,-,-,-,-,-,-,-,-,-,-,-
2023-09-15T13:02:17+02:00,41.4830775,2.1864821,26.1,72,37,1010,20.7,35.2,-,4,-,-,-,-,-,-,-,-,-,-,-,-,-,-,-,-
2023-09-15T13:02:20+02:00,41.4830477,2.1864473,26.1,72,35,1010,20.7,35.1,-,4,-,-,-,-,-,-,-,-,-,-,-,-,-,-,-,-
2023-09-15T13:02:23+02:00,41.4830204,2.1864309,26.1,72,35,1010,20.8,35.2,-,3,-,-,-,-,-,-,-,-,-,-,-,-,-,-,-,-
2023-09-15T13:02:26+02:00,41.4830018,2.1864461,26.1,72,35,1010,20.7,35.1,-,3,-,-,-,-,-,-,-,-,-,-,-,-,-,-,-,-
2023-09-15T13:02:32+02:00,41.4829493,2.1864853,26.1,72,35,1010,20.7,35.1,-,4,-,-,-,-,-,-,-,-,-,-,-,-,-,-,-,-
2023-09-15T13:02:35+02:00,41.4829215,2.1865016,26.1,72,35,1010,20.8,35.2,-,3,-,-,-,-,-,-,-,-,-,-,-,-,-,-,-,-
2023-09-15T13:02:41+02:00,41.4828612,2.1865306,26.0,72,34,1010,20.7,35.1,-,4,-,-,-,-,-,-,-,-,-,-,-,-,-,-,-,-
2023-09-15T13:02:44+02:00,41.4828113,2.1865342,26.0,72,34,1010,20.7,35.1,-,4,-,-,-,-,-,-,-,-,-,-,-,-,-,-,-,-
2023-09-15T13:02:47+02:00,41.4827732,2.1865397,26.0,72,34,1010,20.8,35.1,-,4,-,-,-,-,-,-,-,-,-,-,-,-,-,-,-,-
2023-09-15T13:02:53+02:00,41.4827414,2.1865815,26.0,72,34,1010,20.7,35.1,-,2,-,-,-,-,-,-,-,-,-,-,-,-,-,-,-,-
2023-09-15T13:02:56+02:00,41.482738,2.1866069,26.0,72,34,1010,20.7,35.0,-,2,-,-,-,-,-,-,-,-,-,-,-,-,-,-,-,-
2023-09-15T13:03:02+02:00,41.4827375,2.1866463,25.9,73,33,1011,20.7,34.9,-,3,-,-,-,-,-,-,-,-,-,-,-,-,-,-,-,-
2023-09-15T13:03:05+02:00,41.4827118,2.1866606,25.8,73,33,1011,20.7,34.8,-,3,-,-,-,-,-,-,-,-,-,-,-,-,-,-,-,-
2023-09-15T13:03:11+02:00,41.4826375,2.1866424,25.9,73,33,1011,20.8,35.0,-,4,-,-,-,-,-,-,-,-,-,-,-,-,-,-,-,-
2023-09-15T13:03:17+02:00,41.4825977,2.1866251,25.9,73,33,1011,20.8,35.0,-,1,-,-,-,-,-,-,-,-,-,-,-,-,-,-,-,-
2023-09-15T13:03:20+02:00,41.482586,2.1866328,25.9,73,32,1011,20.8,34.9,-,2,-,-,-,-,-,-,-,-,-,-,-,-,-,-,-,-
2023-09-15T13:03:23+02:00,41.4825666,2.1866574,25.8,73,32,1011,20.8,34.9,-,2,-,-,-,-,-,-,-,-,-,-,-,-,-,-,-,-
2023-09-15T13:03:26+02:00,41.4825277,2.1866603,25.8,73,32,1011,20.8,34.9,-,3,-,-,-,-,-,-,-,-,-,-,-,-,-,-,-,-
2023-09-15T13:03:29+02:00,41.4824783,2.1866468,25.8,73,32,1011,20.7,34.8,-,5,-,-,-,-,-,-,-,-,-,-,-,-,-,-,-,-
2023-09-15T13:03:32+02:00,41.4824355,2.1866263,25.8,73,32,1011,20.7,34.8,-,3,-,-,-,-,-,-,-,-,-,-,-,-,-,-,-,-
2023-09-15T13:03:38+02:00,41.4823512,2.1866122,25.8,73,32,1011,20.8,34.9,-,3,-,-,-,-,-,-,-,-,-,-,-,-,-,-,-,-
2023-09-15T13:03:44+02:00,41.4822757,2.1866104,25.8,74,32,1011,20.8,34.9,-,4,-,-,-,-,-,-,-,-,-,-,-,-,-,-,-,-
2023-09-15T13:03:47+02:00,41.4822337,2.1866107,25.8,74,32,1011,20.8,34.9,-,4,-,-,-,-,-,-,-,-,-,-,-,-,-,-,-,-
2023-09-15T13:03:53+02:00,41.4821533,2.1866322,25.8,74,32,1011,20.8,34.9,-,3,-,-,-,-,-,-,-,-,-,-,-,-,-,-,-,-
2023-09-15T13:03:56+02:00,41.4821159,2.1866397,25.8,73,31,1011,20.8,34.9,-,4,-,-,-,-,-,-,-,-,-,-,-,-,-,-,-,-
2023-09-15T13:03:59+02:00,41.4820861,2.1866319,25.8,73,31,1011,20.8,34.9,-,3,-,-,-,-,-,-,-,-,-,-,-,-,-,-,-,-
2023-09-15T13:04:02+02:00,41.4820565,2.186623,25.8,73,32,1011,20.7,34.8,-,4,-,-,-,-,-,-,-,-,-,-,-,-,-,-,-,-
2023-09-15T13:04:08+02:00,41.4819858,2.1866189,25.9,73,31,1011,20.9,35.0,-,4,-,-,-,-,-,-,-,-,-,-,-,-,-,-,-,-
2023-09-15T13:04:14+02:00,41.4819715,2.1866214,25.8,74,31,1011,20.8,34.9,-,1,-,-,-,-,-,-,-,-,-,-,-,-,-,-,-,-
2023-09-15T13:04:17+02:00,41.4819368,2.1866196,25.9,73,31,1011,20.9,35.0,-,4,-,-,-,-,-,-,-,-,-,-,-,-,-,-,-,-
2023-09-15T13:04:23+02:00,41.4818609,2.1866373,25.9,73,31,1011,20.9,35.0,-,4,-,-,-,-,-,-,-,-,-,-,-,-,-,-,-,-
2023-09-15T13:04:29+02:00,41.4818239,2.1866569,25.9,73,32,1011,20.9,35.0,-,3,-,-,-,-,-,-,-,-,-,-,-,-,-,-,-,-
2023-09-15T13:04:32+02:00,41.4817907,2.1866406,25.9,73,31,1011,20.8,35.0,-,3,-,-,-,-,-,-,-,-,-,-,-,-,-,-,-,-
2023-09-15T13:04:38+02:00,41.4817444,2.186616,25.9,73,31,1011,20.8,35.0,-,2,-,-,-,-,-,-,-,-,-,-,-,-,-,-,-,-
2023-09-15T13:04:44+02:00,41.4817486,2.1866136,25.8,74,31,1011,20.9,35.0,-,0,-,-,-,-,-,-,-,-,-,-,-,-,-,-,-,-
2023-09-15T13:04:47+02:00,41.4817535,2.1866116,25.9,74,31,1011,21.0,35.3,-,0,-,-,-,-,-,-,-,-,-,-,-,-,-,-,-,-
2023-09-15T13:04:50+02:00,41.48176,2.1866123,25.9,75,31,1011,21.1,35.3,-,0,-,-,-,-,-,-,-,-,-,-,-,-,-,-,-,-
2023-09-15T13:04:56+02:00,41.4817648,2.1866312,26.0,76,31,1011,21.5,35.8,-,0,-,-,-,-,-,-,-,-,-,-,-,-,-,-,-,-
2023-09-15T13:04:59+02:00,41.481766,2.1866297,26.1,76,31,1011,21.7,36.0,-,0,-,-,-,-,-,-,-,-,-,-,-,-,-,-,-,-
2023-09-15T13:05:02+02:00,41.4817707,2.1866265,26.1,76,31,1011,21.6,35.9,-,4,-,-,-,-,-,-,-,-,-,-,-,-,-,-,-,-